Longitude,Latitude,Id,BFP_U,ISF_U,RoadDens_U,II_U,Elong_U,Veg_R,Water_R,AvgBH_U,StdBH_U,Rough_R,Elev_R,Slope,Prec,Temp,WindSpeed,Pop,GDPpc,SUHII,ElevDiff
34.3350253133,61.7854484289,776,18.18479106041965,77.54892716604917,0.2861645843019502,2.0729334343377115,3.364289781338973,54.50988895060358,30.12362480773384,10.403713125003335,4.066741162811503,1.4687532622164448,103.91873471896211,4.163224781860625,219.0,20.088889058431,2.837037116156684,182374.0,29026.7023917883,3.1413035793195263,-10.491231761715111
25.0039486296,60.2802786006,1345,18.09800055311582,68.39451398193486,6.703748061184207,3.5503053765895207,3.0486668229800795,39.02492940102032,0.61694678796043,12.212185486866971,5.400529585770811,1.5523063539995292,29.509660596867576,4.079403907391376,208.2,20.75666656494141,3.253333374023437,111005.0,86039.51368857261,2.1892317867318525,-0.1485932522448791
24.926306831,60.2010843411,1388,22.70748151561083,72.70540152622652,8.978053604596326,2.993694509879401,1.632343931184613,27.7590013708489,33.92097296996397,19.003933377315548,10.46308739721156,1.248488048549777,12.563218283224163,5.590322256552814,210.44444444444449,20.970369974772137,3.525925835503472,196465.0,81507.76533224748,0.5395028248587437,7.116615323022877
10.7920143175,59.9197715872,1538,21.14922019202044,69.7364738224028,10.408887651891938,3.214375272087217,3.484589326639018,49.34908600907342,21.0769603894387,13.834549260697784,7.150635371867751,2.567076696427032,136.0754714310586,6.5011585182216125,250.50000000000003,21.06666653951009,3.2333333079020186,392064.0,110115.75499918388,3.347825807488558,-34.96552748789915
30.3421491607,59.9207961061,1594,18.59253622379244,81.86009281802208,5.52636033520229,4.880780342459003,1.9483446725962352,36.0519455165646,16.37476216438361,16.668782727703118,9.32301305563528,0.8431407314134678,23.74741471247569,3.78773667978686,235.1111111111111,22.29094635763285,3.392181095076196,3503368.0,48104.213553357695,3.3948787156345475,-10.00983129832984
16.5400898071,59.6159920218,1720,16.79305256587131,66.93333494675458,8.029778947140075,2.80917757911356,3.6456437608554,45.169541296549646,10.61854028298712,11.846831710168823,5.375440905143036,1.6887211372523363,30.438924562801407,4.648355616655521,173.14285714285714,22.33333347865513,2.628571428571429,72829.0,49003.70797347211,2.0518997703903814,-5.987677240738954
24.763424321,59.4270049335,1861,18.11502193249986,74.30829615954825,7.788464777799564,3.0591024851193054,5.034964796021672,33.85756278006903,26.14316757833812,12.589206604152244,4.978366135424605,1.0173513354486816,26.511304012224898,3.879072984699535,244.3333333333333,21.36666679382325,3.474999974568685,248515.0,64486.18229080744,2.3977574835109863,-1.517977707065377
56.8049669913,59.4154712069,1865,15.03227702939779,71.134840291348,0.1976081055062784,2.4800003534315738,2.2902177016591803,49.564737596298144,14.58857268116155,7.198458732220884,4.921452007195851,1.0707357144063987,129.96695819755868,4.159538539451042,174.75,21.95833320617676,2.95,82899.0,24120.39643421513,2.4680564971751515,14.2937192383705
18.0217220239,59.3180039986,1988,24.24221747376956,69.49034863185513,10.835000857207978,4.383282638239886,2.527213770680775,48.8660080075871,16.674449184983057,18.04876676785765,8.113542761287224,2.092026422268721,26.432484134325826,6.19866304187733,160.0,21.692156892664293,3.737254907944623,535806.0,120261.30388984075,1.984731601731596,0.6000323078685597
39.8859730246,59.2136910083,2058,15.732666653445628,79.46855579525128,0.3499612748817591,2.0633053721013863,2.926843599254511,15.59742831069787,0.95352455912456,8.378581764252555,4.364128112455336,0.7812939979282731,126.49359653847418,3.6043524077747655,230.125,21.51666641235352,2.5,203209.0,30858.97990738599,1.9098541773889792,-3.554699973288919
37.8973305429,59.1360087771,2106,21.67091216547378,82.4596901147888,0.3417471345306104,2.5126433597607574,5.034964796021672,20.88691795124582,33.02897461789654,10.427523177346131,5.143612515723651,0.7753394603696837,117.54779769391806,4.396070813002659,248.5,21.879166793823245,2.4208333015441896,217923.0,21766.64890810056,3.797934646654081,8.109283616673139
59.5115448749,58.7370358639,2232,28.08241068343265,77.87860489845802,0.1257413251290588,3.102235703254428,1.648485385049556,65.2130468414862,11.95081761981054,9.78688108048788,4.1235278726962425,2.3577598010630743,316.8722991918345,7.715057568959459,238.8571428571429,21.280952671595983,2.2666667175292967,25063.0,23684.14116426605,1.3974199134200909,-29.080482827061644
49.6312148866,58.6000122973,2273,16.87997763911449,76.15520557579262,0.2177508864666961,1.7442675536478065,2.0128739595437253,26.47649237401681,12.06544813295273,8.605193060046949,4.84853997735426,1.2514418582728013,128.7470159537898,4.678649279614543,190.63636363636363,21.551515059037644,2.787878750887784,273996.0,28597.664407509583,2.590975884606681,17.482034589228476
56.2521492098,58.0001074226,2578,17.75797803013048,75.68911864624744,0.3692021822976747,3.28778415264828,3.0854595897001,37.21153248355292,23.75107288923132,9.336733261253146,5.70543824119375,1.3255677827765853,125.3094590579489,4.902462139841162,163.86666666666665,22.0577778116862,2.7088889160156246,526937.0,4458.509326541882,2.456237009137059,15.900557190218096
60.0054045948,57.9201225973,2619,23.3562046738236,75.49860266236725,0.3978115580685861,3.0573929731082217,3.463627842565031,63.740106934597975,9.49675021769306,9.477467246625167,5.362313137803848,1.5631917096652568,237.95224122811635,4.180993478476847,245.57142857142856,21.90476183210101,2.35,279888.0,36360.36291302235,2.873700692562519,-8.534395787477877
28.3346887641,57.8152909624,2657,15.4331117617456,73.77865709996718,0.4743920280506041,2.569841218486697,3.124889749632783,24.553509892728982,2.7656529377089,11.281428194842643,4.434209487238045,1.029597921854846,47.69069719384475,3.947499996253832,217.3333333333333,22.60555572509766,2.427777760823568,135486.0,11117.164459796584,2.0306831119545485,-1.4199204867700743
40.9720197469,57.7646203659,2692,15.76110292747736,76.97003137811316,0.5229903844185926,2.091754613600223,3.241725849080332,24.0820373475209,22.84493344636486,8.277192851343708,3.0924338717033018,1.3524786874221577,109.09320211211688,3.976951548468204,165.66666666666666,21.722222391764323,2.433333282470703,147645.0,16964.781076230145,2.032080200501184,7.188023968519332
11.9384846629,57.7026800529,2757,22.39614818063366,69.9110459845111,8.49299295798727,4.536147229777521,2.600263835905306,51.65478964248057,16.52111150031255,14.033650315270828,4.841417713110249,2.291312141831845,38.66017473653653,5.519137606310223,277.30769230769226,20.73333352895884,4.684615408090445,303309.0,74534.2190175695,1.943155433167305,-18.852153174646705
39.8383365009,57.6311924739,2785,16.34993018017357,76.94561371904088,0.4354628971138849,2.884768259110309,2.1563278087380944,14.94335171167852,17.11398104116998,8.622606677311795,3.8260930532298594,0.9358189956301868,105.81211263121617,3.957191939825397,165.66666666666669,22.247222391764325,2.5,318172.0,27064.718576744664,2.2958830409356814,4.036714455667294
-2.11806620388,57.1455206189,3039,18.47268700524837,76.4158710207179,10.39857081645878,2.365650460446865,1.2565979772068738,14.292349199876108,13.720707481152589,10.293360657175876,3.2596036195683245,1.5434563802850905,52.3547611653016,4.0899690773877895,215.0,19.047910521874066,4.671428571428571,163754.0,49911.26379202949,2.107336860670156,1.599694795920627
65.5761112936,57.1521827112,3055,27.26097559452371,79.07530993361794,0.2430416934510599,3.662240706195017,2.3295704235526484,63.09639518785579,3.62511287599985,11.24640519405002,4.453514321421332,0.9644047577090784,72.231814233433,2.9113337735824283,148.5909090909091,23.74848466352984,2.8000000000000003,574818.0,94252.38933888653,2.658209757343684,0.1410693619165499
9.92312288198,57.0398825909,3112,16.07296893201572,66.50323753534873,9.985583855551024,3.4504095110337176,2.060529941216467,11.1485870468732,19.708048019298168,10.409567418905908,4.108021143975524,0.8320509993819782,8.585701823077226,3.649649133646296,210.25,20.54166660308838,4.850000076293945,68651.0,70445.55461683005,1.5107929292930748,8.28968911501951
40.9810006718,56.9946113291,3169,15.44181350899412,81.52158297463582,0.3190346867189549,2.388295945228519,1.9486926045842945,34.11812650565116,1.73538354165967,8.725084076169436,3.0306164742135207,1.2318638618102415,129.70426525074646,3.278752968462005,146.33333333333334,22.09259253607856,2.5,303248.0,15275.587166279744,2.858730377166125,-0.9688840250813656
24.1537841878,56.9625236807,3226,19.43620806320853,76.02356659613714,8.206487716894829,2.346678675544509,2.2043678290256645,39.23439091194237,25.95763291630067,13.55949399754199,4.411098812247794,1.1938665603587553,9.975503211226885,4.04011438355032,262.4166666666667,21.99444414774577,2.752777760823568,317320.0,49703.11153724947,2.442857142857065,-0.3738858958178159
35.8900020858,56.8520678467,3303,16.68487959404755,75.44128625176229,0.4063882458492729,2.899974491649691,2.740603059790329,20.51013117970973,4.59178515558984,8.215614050178823,4.026772198405299,0.8618811404868958,137.24540152907218,3.104707380703913,281.8888888888889,22.633333333333336,2.366666717529297,278402.0,22156.9200005747,2.1121825483753582,-0.5635785077577964
53.2232986387,56.8481764583,3345,16.85188181211774,81.46703061283768,0.3837647398786759,3.0180233698344416,3.244685787573606,45.15839102950337,13.429489471147113,9.300808750428182,3.95299001265693,1.4229126644250745,127.3232312668855,4.19252777311659,142.5,23.202777989705407,3.0749999237060543,549506.0,22626.62214607303,2.724333045231901,11.58801513451533
60.5992582553,56.8381404914,3395,21.29262689114459,82.09076597237583,5.578387320436256,2.8366930568693056,1.5680916755035423,64.16006452869797,16.19934477631391,10.008461969897008,4.917121019828156,1.6483585421081497,277.36776685851385,4.209265331447701,209.73913043478265,22.486956389054004,2.385507268490999,949989.0,28505.683805812496,4.488576117923856,-8.155195927804186
47.8793822423,56.6354257968,3487,16.306457893814912,78.7046239079395,0.2413066247480666,2.584867084046893,4.768199250519253,13.96771965938762,4.02571929159478,8.65075640907875,3.789936575659094,0.7530313388395496,98.93231300551112,3.33515563777124,181.2,22.02666687011719,3.159999938964844,234373.0,14128.40091648782,2.3565752409191987,1.895475685592544
-2.95054462304,56.4758186567,3599,18.28063433183611,70.5809690824739,11.808352881860426,2.823382689575744,5.034964796021672,6.3994438226794905,27.35092287425422,9.226409932006302,2.506443923252749,1.283047583572441,42.08918053234942,4.1085059934283645,215.0,19.047910521874066,4.587499923706055,111078.0,33551.98501053314,1.038182283666174,14.785974580578028
84.974228784,56.5088632185,3610,18.62771433973908,79.26005598253101,0.2105663496001953,3.026248330154092,1.970863420886472,54.349185114665744,18.56061871873177,9.98396248960257,3.690539368473088,1.7571353804966203,100.51148009220732,4.582328876441959,142.0,23.48,2.3000000000000003,522193.0,23696.65689122605,2.4922324628776096,11.734960558694835
43.436617171,56.2428107424,3840,14.225243983132978,80.77218674331358,0.1257413251290588,2.1827894070160183,3.5961140016273414,43.34780222877076,7.2507536587195,9.22734883822086,3.442356537963471,1.6416852910516355,94.21642153391096,3.5608201124049548,138.83333333333331,22.17222239176432,2.6,207747.0,14680.103910044434,1.5796843853819915,2.658311423681397
43.8752550683,56.3026196285,3853,15.76472615053213,79.25393130410616,0.1737713250045791,2.831767881707341,1.8426048760340588,33.91154480740471,21.18478348439166,10.32095158809352,3.722085024111776,1.4013550058671542,80.14672447541491,3.766500554520636,160.89999999999998,22.39999992370605,2.646666687011719,711695.0,20750.161657732595,4.089138608305177,-0.2063102397990235
101.602291782,56.1400754787,4011,17.053479760109973,75.64273175074592,0.2723533620021576,2.732025709937354,2.152663361314875,56.90273216796312,21.36045143982708,8.518646345903445,4.139369389405712,1.1927940774391137,434.63057491577854,3.840429675315984,119.875,25.125000190734863,2.0625000381469727,111222.0,16134.965159770549,3.2998547008547234,8.007420243382853
10.1888348663,56.159711206,4015,16.75616413702279,71.8880394325316,10.389965507739682,2.6275027578054257,2.3443705462308806,9.34320031663229,24.12141791662506,10.204341308743349,3.733465814896484,1.1055262597836284,29.38949199412084,3.5990976527219427,226.8,20.350000000000005,4.740000000000001,176681.0,58247.77281654506,1.445604195166425,8.933136591685091
40.394959991,56.1382608217,4043,15.672362761486813,77.50058608395504,0.5386609447766028,2.0418104798178294,3.276765185194672,20.01544582231859,2.71283573833591,9.665394152325693,3.701031994865911,1.335258213803514,127.58076449050904,4.545982019388533,147.5,22.775,2.5,268716.0,13544.955075246726,2.6618093983311155,18.03386031271316
47.2594348836,56.1177557989,4105,16.91152103321325,72.19458726999052,0.4761543712006435,3.2297537780708145,2.943485500799723,37.05938493350419,19.17496266581246,10.664521984324542,5.297722970134602,1.9100792606018613,128.85652910706227,4.493366525857807,178.85714285714286,22.11428571428572,3.10952383858817,329688.0,16754.182872898018,3.137306560753018,20.88910460874817
12.7231660291,56.045155591,4193,20.61057777911846,72.12875887886433,8.65851321243266,1.845572737384482,1.126175385939814,12.26337532889521,32.54356624181141,11.944058853491104,4.219928984273011,0.7974441729068537,25.253205820101627,3.4392351303058595,175.33333333333334,20.866666158040367,4.2444444783528645,86996.0,53723.76863304061,1.8387559354226253,6.188399433796054
92.8941145726,56.0513855899,4210,17.00061305179821,80.239155910192,0.3210423838974321,3.088555755320725,5.034964796021672,19.641195570821026,13.41569331326848,11.072910084550472,5.7888785358551935,1.5490031613760902,196.5690388084409,4.118017391356165,257.33333333333337,23.395555725097665,1.9822222391764328,562787.0,35655.256672595475,2.90742136737407,-6.245212512085516
92.9827576404,56.0029673158,4283,16.475764059365012,80.11438831103716,0.1257413251290588,3.1247289253258312,5.034964796021672,30.42418283699878,20.43038514614931,10.000436929955008,3.9497791486845526,1.6904992069248663,193.12380637195383,4.011664797785378,255.9,23.443333282470704,1.940000015258789,347051.0,30871.314175726344,3.5463086287146552,-34.97264875981139
-3.21160190674,55.9419604885,4404,21.41488356572562,72.90874444842913,11.171069728614794,3.090829105807145,3.3449492321738137,14.17289115147111,21.82081414618017,10.475831982878637,3.4214964485742354,1.7577809014003145,77.20420182919003,4.15097772823416,247.30769230769232,19.047910521874066,4.448717909592848,419375.0,61201.10745991057,0.8212592592591932,-17.134610486969855
49.0851801061,55.839366131,4601,16.13852293311521,81.85389937247453,7.44605605569837,2.3947079383059973,2.2688302117559127,21.72406529477041,26.94310608871155,12.277606417228435,4.8579467064234825,1.1368848038724533,73.690721433212,3.5134286218787003,148.42857142857142,23.233333042689736,3.366666608537946,351229.0,29560.548505391074,3.071111111111179,-2.4708507830502957
-4.28977630856,55.856035096,4622,18.68005556512658,72.3518962509942,10.932766611623943,4.430236972744503,3.403024228023254,18.30746947387199,1.11662496288096,11.18788473145576,4.065554463732067,1.772258860900081,77.50270761700176,4.107117448825274,337.38461538461536,19.047910521874066,3.412820493257964,772856.0,39571.17220672419,1.8641734051258825,-41.31255013171305
49.1767900505,55.7697607076,4740,17.99584451091617,75.49935085474631,6.741495265487933,3.11879626838057,1.9517927740054029,26.035694654666408,23.34741775849318,11.561388674064007,4.500063878152194,1.1339471494240587,86.47626680739135,3.8487531754510775,144.84615384615387,23.31538473275992,3.402564110389122,451264.0,38694.427847113904,3.278090909091027,-2.403616428039157
21.1617628672,55.6909063198,4832,18.033847271664666,72.65412370578926,4.162063461433736,2.1411818396225817,1.6917689277217924,21.83547816636099,18.61397012216977,12.68188665157096,4.917261416116426,0.884865346663535,11.50248853277583,3.20889103197702,230.8,21.926666564941407,3.3866665649414065,133812.0,29416.58202552836,2.326567783094106,-1.509937500841744
52.395126816,55.7127827342,4838,17.18416330368084,78.94421556849491,0.2712029335104827,3.645985122722817,2.8008351909873297,12.892693659405468,14.5048167950308,10.35440304171467,3.905338511026201,0.7680337800643788,97.46982841523598,3.28363564311181,128.9230769230769,24.079487022986783,3.2538461303710937,436641.0,36968.56016727701,2.1653120151116205,8.548322587843586
12.4994761786,55.6896035392,4930,17.54590360818921,77.8030644202708,11.327408461849071,3.970876809806174,2.3559883208253822,18.81647054584428,34.10106345347006,10.80676865383166,4.6687763950081616,1.051547235379702,12.522580742410067,3.2062119104811546,151.88235294117644,21.715686304429,4.4754902200137865,1078475.0,83533.52581191038,2.8007204012991416,3.4603635181443213
13.0140218518,55.5905730579,5013,18.8683620967022,77.09847209945848,8.201838481493795,2.8645031286895533,2.688996362395611,4.04680378510301,31.30060605295314,11.790218044422176,4.636889827132668,0.5229304654102644,12.058060783858249,3.033727251181708,152.75,21.50416660308838,4.345833320617676,304375.0,64343.53246488702,2.2287373737373173,0.4890880876281027
37.6239998623,55.7367167237,5043,19.02155203754891,79.5543252260971,5.287828328942829,7.722208300615403,2.435659083637689,57.92054970273285,3.18853220312757,13.252837690186096,7.071677772415976,1.8903123752083684,171.81440148829338,4.768806339108565,226.8473282442748,23.01806617329139,2.556234015544862,11419021.0,61035.52586329417,3.343493004115423,-10.835874948660006
65.3346095287,55.4571236258,5238,22.84467031275686,80.49005436028648,0.3856480476327334,2.278184409520918,2.734874209926674,41.58215821527432,4.871781051147759,10.473020035167778,4.340866211622103,0.8040759079868706,73.88432063189651,2.898421001620193,91.0,25.020000000000007,2.966666595458985,256520.0,9728.747762357712,2.363033374104411,2.7072401195586195
10.392928279,55.3867879589,5328,15.99427267801998,70.78400691526551,8.862964918306245,2.754499656158758,2.198976318560431,14.9083872292736,0.9290029305149,9.023404048661526,3.285040442741299,1.4803622990438243,21.14180301479481,3.300443829858738,204.0,21.408333587646485,4.675,95679.0,51113.431421733054,1.8330204342274208,-2.7002326131036583
37.5510161807,55.4337785416,5331,19.19810133493492,75.256897148565,3.9698876436380193,3.056059031744735,1.531072559156407,31.83448308636156,0.583795444245,11.230943285878856,4.858356888981524,1.5945926585064265,168.24450350189488,3.966528940132137,215.3,22.976666564941407,2.533333282470703,224713.0,33441.77651048224,1.9473847316703576,0.1194996681050781
86.0962211712,55.3363150763,5415,15.87343047183303,76.1099606550019,0.4329831824747668,2.363757098503874,2.9280137979208853,46.52099504730768,9.52181650380786,11.01462568762975,4.5927258726556,1.3290478272348107,155.52928732224126,3.7170751305319376,139.11111111111111,24.57407413058811,2.2740740966796875,280484.0,21585.411296188024,2.5469864377254297,-2.137772779431373
30.2089490674,55.1907873549,5616,13.745779289664508,75.95165270818613,9.330641344860624,2.58929739187587,2.7716565916566256,26.98512626638362,1.4580148973883,10.247942981315443,4.172665957193779,1.5347787747560953,163.822611051648,3.834327467591687,256.875,22.912500190734864,2.4749999809265137,299227.0,16278.396745614527,2.9530952380952726,2.132939280400308
-118.799950537,55.1670387899,5639,15.32318735455858,74.55240278683046,0.5288998233295219,2.3443425915737817,1.9682352811553527,25.7628916373906,2.38664660508083,5.881661213479691,2.3232928174890257,0.7024680112516154,661.9071068481952,1.8800633574432533,198.8333333333333,21.92777786254883,3.3000000000000003,51758.0,59130.55684145444,1.5508167220375562,1.955692402307932
61.4147204293,55.1707615379,5811,17.60967598341456,82.773311388037,4.630684885999434,3.891867666895574,1.2067625729884657,32.96009862936275,30.195090867985503,10.25392052504652,4.330105743825403,0.9774248280489752,233.2215718408356,3.429017739269932,149.10810810810815,25.344144047917545,2.7243243325723183,1118359.0,23280.4096752474,3.4002407071373,4.05174789857324
73.2623220977,55.057962865,5835,16.68918431920279,76.46182804596496,3.0797974650633275,2.215046572583189,2.2852183170330016,33.68030137404726,6.21922864577715,10.437561026906112,4.033493186819783,0.6769912844058603,109.68218547364248,2.8522487978377216,120.0,24.645832824707032,2.9708332443237304,163872.0,11907.771626635424,1.6478908045976368,9.31437644436852
-1.57137253321,54.9677150441,5960,19.86567349494222,72.58789008611036,10.938202677128633,3.47028816804371,5.034964796021672,19.30235459350667,5.36317089190683,10.143759463841462,3.142885537591705,1.2849338746113468,62.93443985840919,3.646147620526105,258.18749999999994,19.047910521874066,4.577083339691162,401111.0,38617.330297598426,0.7931780731170797,-14.13405580380818
82.9149771035,55.0243972115,5973,19.25843168345866,81.81562413567808,5.286531400309248,3.832982705113002,1.6767913245552268,45.02192511515931,9.21987512514241,10.71227020202232,4.444405140158042,1.4983386900485782,146.79275031343184,4.011203278995253,139.09375000000003,24.465625095367432,2.595833320617676,1221970.0,19817.737072104872,3.0604056437392195,-5.155031922929652
73.4107768336,54.9784634533,6017,14.85320097416141,78.39553460999235,7.649723866431122,2.8233315765270084,1.2460638474087131,32.1145672085482,8.71569742366027,10.376874971538747,3.5525346798369304,0.816430915774859,101.91717899559164,2.843113308420319,120.57142857142858,24.70238058907645,2.973809443882533,532263.0,15204.732149332183,1.994044014183487,3.923207501510064
-1.40885780393,54.9017862491,6065,19.435828969994,73.2831525405092,11.64324141687426,2.6196878766868443,2.02779673597437,3.56429009174951,15.69939510374929,9.560091411141237,2.6489837035082693,1.1745972957483148,50.88660715926756,3.5826348761170004,289.0,19.047910521874066,5.15,171856.0,34523.366126291774,1.760021259633163,-2.937881459168871
69.1566854836,54.8720724942,6113,13.888950637711613,76.65345021784667,14.850323533675065,1.874528677229728,1.7513517439169883,25.45886899052265,9.24866843942204,9.22014837815662,2.139914952116845,0.7828796401499375,119.0154808500055,2.606644779202272,101.5,24.894444783528645,3.183333282470703,188992.0,22044.76894789198,2.639353256705075,14.1206466882806
23.9295966007,54.8998534332,6134,16.50997752027079,71.95817276665821,6.190362111570669,3.1345457264714547,1.8691404858697085,27.069626709462767,10.63149484106704,11.55109708755862,3.3538136531917826,1.5039685836261083,64.46741620476975,3.8125681418099098,217.7,23.983333587646488,2.7,229641.0,40249.858226536206,2.302541806020088,-1.3439526653216165
32.0594193331,54.7819081294,6233,15.68633621585501,71.98102025994535,0.5776356309583911,1.9550771421017208,2.2749882471010787,31.50187774115056,0.92452587743082,10.967634481631745,3.775014574995839,1.7853720978190584,221.3662884340255,5.37351470911578,304.0,22.455555979410807,2.4944444529215497,229847.0,17344.58363607095,2.889469696969744,10.868094398802045
56.0309369133,54.7727477623,6315,17.56429515179977,77.56306135522753,5.028409946815165,3.0514754471306,2.1104478873491272,52.17284228319804,16.15594931943941,12.072374358366623,4.795074656610336,1.9501837136967923,114.10516769156156,4.440386473377059,154.2307692307692,24.805128244253307,2.366666717529297,640542.0,15988.683536754814,3.058848664871789,27.18817183268233
20.5156137075,54.7170607686,6349,18.13210144504362,71.31963386185933,0.4230092930231592,2.750567951268206,2.058515806895214,24.05110303522284,3.05212164733456,12.489605128709082,4.870045237958316,0.6483053906849587,18.99279210969255,2.7480903319161127,226.11111111111111,23.07407396104601,2.9259259372287327,314480.0,25826.64045408293,3.266266528210505,-1.177475494661998
25.259544484,54.6911812214,6403,17.820563743712288,75.07043992615624,6.011647451346953,2.9388644512648145,1.4663790823055227,55.26049399277415,1.04244322489528,11.484517540943834,4.031017215063394,2.865829303279961,164.4242969254948,5.633271415012718,172.83333333333331,24.105555470784505,2.6111111450195312,360019.0,43724.78916390525,2.397256750122665,-18.001845121343564
-5.92842020068,54.5999484747,6508,21.73841314110178,75.24131353006646,10.842289044930125,3.2168006591576326,1.4939851038975789,17.183200574429712,9.08785065240382,11.094825215981016,3.06695159833,2.250532540882116,98.53227236551557,3.580384297102979,345.69230769230774,19.047910521874066,4.56923076923077,316051.0,48619.12347374314,1.7922470449173034,-66.46639537723718
39.7574721359,54.5991232859,6512,18.77737115200552,75.7865983855586,0.3379511027287299,3.337615106024171,2.341373550290532,24.157558766107208,1.1932974176734,11.388700265383893,4.577659223574236,1.3954072928433103,139.56992537835322,3.815978841372589,163.5,24.005555725097658,2.4222221883138024,262446.0,17506.845373905482,1.9071849765258548,1.9001480895477412
-1.23221738029,54.5718907897,6536,17.60193930659979,72.63177586176151,8.445704797363748,4.379056025373489,3.1175413770995326,6.95351047972254,5.630985448476291,9.550856418962864,3.528809403812636,1.1389714933141528,37.69876686271492,2.5511584512738392,290.94117647058823,19.441176650103404,4.8039215626436125,296691.0,30594.358362741023,1.3117730496455842,-19.13232035526299
36.2756180841,54.5367208989,6555,16.05685319207675,77.10928600598612,0.5084766381861605,2.09337211956615,1.5507875671819658,26.781221052195,7.47539523130865,9.799154777019384,2.5919121922902355,1.8223251823524569,169.80078355417143,4.2429145774839965,225.25,23.00833320617676,2.516666641235352,157776.0,40117.468740492855,2.506848699763569,18.62373853993296
18.5094597692,54.5332093028,6597,17.4364108533587,78.28161442549916,8.547998433072477,2.432224793216496,2.2700554406668343,44.320402323881694,11.10772633414552,12.236136337646665,4.39020817421932,2.604762856102179,59.15580927508085,4.592091095140648,176.75,22.141666793823244,3.741666717529297,179131.0,39723.053932596806,2.1361768707483293,-29.930998077437497
48.5817543299,54.362931442,6778,15.21679891407162,76.79783957216057,0.3944584488145105,1.5477993331142867,2.339097809831509,30.49836230533588,10.5298047165711,10.47881894272791,4.019407879079662,1.2363569368845662,87.46880084677935,3.093116380967219,146.2,24.693333129882816,3.4,77543.0,35130.39750847916,3.1476495726496942,7.049795005808136
18.6309186309,54.373129264,6795,16.338579288343368,72.85134537481632,7.365611412019255,3.3058583896315192,2.189327022293204,26.64055860915836,26.087371247821263,12.160347052722225,4.981708706689058,1.6230548049417466,25.250282681720257,3.9959334069516346,190.45454545454547,22.581818320534445,3.687878778631037,345888.0,41875.62424252938,2.0928382389938065,-2.660591457061617
48.3316646904,54.2970065977,6904,15.413774513128711,76.51500512093283,0.3633368105427661,2.894599692834361,2.1531453545811217,21.1603893197091,21.59671117234625,9.941335339145196,3.202599573783184,1.0791393006121144,105.82725506282564,3.695646697178205,159.25,24.71388880411784,3.38055549621582,357381.0,13339.135359742124,2.230009689922614,21.926204713723777
28.5007272138,54.217818973,6965,13.58656435626315,82.79606725216273,6.875311065503858,2.108399165484481,1.165828035101376,40.98713769685028,1.03925574258402,8.442208019740274,2.512120542329489,1.3359169143789689,170.3420048920818,3.13956833794436,299.8,23.406666564941407,2.3733333740234377,111914.0,25296.25578569258,2.6324614566719333,2.791030970488123
45.1882301418,54.1966740133,6997,15.97751629283842,70.68016767394235,0.4761954246535811,2.922416578531324,1.9221660299885488,22.4777297068325,0.17583156063933,10.247562399201891,4.215122064928975,1.2492405770508324,160.42632847653272,3.970295121721014,126.0,23.33333320617676,2.858333282470704,236091.0,7993.959168286805,1.811577743902376,3.9335099744091337
37.627124622,54.1911997775,7034,15.98434524873662,76.40079857042026,0.3879560716902805,2.86079673995797,2.004290459680394,20.23991636450947,0.97348234305198,9.929079462823994,3.742104712621001,1.2893884787127192,187.9350843039509,3.984366417272226,198.5,23.8733334350586,2.533333282470703,354429.0,17202.545745410232,2.3927767147170584,-1.386646803388004
12.0974486012,54.1072445281,7135,16.91990385923696,68.13509888424267,8.996139001725913,2.8416405650432432,2.493781390155508,7.35463863918681,9.54364703060022,12.262444298940064,4.736616900812679,0.7190620782919301,11.824524391330108,3.1378335348893867,197.0,21.78333320617676,4.674999923706054,113242.0,41695.0369209304,0.7345225569903846,1.880739972410387
30.3331555374,53.9004997931,7515,12.19880872564086,75.11563312210237,8.608997624572643,2.777442293230046,1.342686941131343,22.34214720586052,4.30969657971588,9.319367824698642,3.266415275369674,1.3308725592372872,173.271970602534,3.402588514652204,288.4,23.506666870117183,2.566666564941406,343298.0,16378.997526929948,2.6136341991340224,1.3651545957033022
10.6727456883,53.8777029862,7526,18.51841396201945,70.1068351039798,8.159177255749338,2.7875103860188704,1.5262530719736986,20.3337072242939,4.20245185459567,10.207424533849194,2.8371530888716388,1.5533036198293453,16.53207933587338,3.9222876740706782,199.5,22.79166641235352,3.8,114920.0,59191.54396101635,2.069147005444563,-2.076357258831612
27.5655422401,53.8964000285,7587,16.11899849088205,77.42699299559396,7.181320631956682,4.491405500047812,2.068122916796583,35.17675466865977,2.93629649418484,11.458897289610674,5.831860969008028,1.616866643557216,226.2650731612121,4.198837153749106,265.34375000000006,23.339583301544184,2.333333282470704,1880476.0,30107.65506605775,3.4572484744441,-5.031801143501298
-3.02617082122,53.8159956363,7678,21.56731344786159,79.68238809104705,13.029933619340342,2.5169336827694377,1.487487916328632,1.18061728290734,13.48725577340576,9.07103784005937,1.7139500684397742,0.5243690544446042,5.032314546915609,1.9261352444997115,384.25,19.983333587646484,5.258333282470703,189025.0,32004.083623859267,0.7104155844156175,5.212065832726999
-1.75936262334,53.7982814566,7683,20.05597613512854,74.93830299822507,10.66299836555524,2.3947116979087752,1.3771041202984495,12.923149626382898,0.04275827937225,9.136947372212925,2.163206618963894,2.2004663089694616,170.92600791142962,4.840008468034906,285.99999999999994,19.34000015258789,4.243333404541016,345589.0,28013.160453602388,2.099409345794413,-4.1382748671578895
-1.54642334057,53.8028501538,7684,19.85855382834934,73.63258821091534,11.90934892634333,2.915060261191049,2.617052075229924,10.87023811673966,0.8423546924681301,10.115018124059636,3.04625200915234,1.7943220451492703,102.45851490521213,4.06335422934457,247.5714285714286,19.819047764369422,3.926190490722656,417262.0,47825.134987130376,2.4594136715997443,-21.490668021025613
-0.346061927031,53.7591167311,7731,18.71937872771057,75.38404446151223,9.193548383215337,2.4026362288884053,3.256711365102155,1.2297118338807,26.403906369554207,9.544094519695468,2.577827616498751,0.5719156952276354,7.874284420528875,2.235435994971966,272.8888888888889,20.37037048339844,5.333333299424915,261957.0,36343.01351366828,2.8671242105261854,-3.1296190294361628
91.4164638915,53.7113346319,7858,19.13785370345062,79.76926231465636,0.2943782182323234,2.072306523496464,1.9703079184603585,20.01382240887716,8.92957618275757,10.480341964841037,3.594277338866372,0.9408689567638836,250.1228018339121,2.517196636709478,243.7142857142857,24.38571428571429,1.766666717529297,146609.0,39814.070984728096,2.95134814814827,-0.1036421831596499
-1.57998368004,53.6944069719,7877,19.2743209406911,70.59657265406175,9.92397619699844,3.637376629081753,3.474444860446005,5.95789368501664,0.8622491412128299,9.558659805037111,1.8329211763712885,1.5739876685854033,74.94012749336412,4.18038288558984,252.7,19.84000015258789,3.9366667175292975,217359.0,29361.32511651231,1.3876687161470045,-1.7311244348822186
23.8306663833,53.6683670716,7973,14.619736484374853,76.83463512109583,11.1812307954707,2.9247206802897,1.2654227310918895,25.57177607372022,1.36204422286667,11.38758984000378,4.961454292949598,1.6397397841681884,144.55126121401227,3.816806668667244,191.5,24.81250038146973,2.6624999237060547,320301.0,24233.37061076925,2.4716923076923614,-1.4525406700610688
55.9501353746,53.6412047131,8048,16.618416855694278,74.03237174213605,0.474172715759481,2.554429389483718,1.7664505503689814,32.18724513966718,7.50327758899318,9.90893943656856,3.595325886551935,1.2342943078278164,151.56467510746094,3.3700378175967005,104.83333333333331,25.8,2.483333282470704,181288.0,19299.41820197696,2.105388331475414,2.110501328261819
-2.41702187028,53.5631563276,8230,21.03921562666493,73.14832300454135,12.36117856087441,2.862475128010228,1.4918793830251538,11.14882965700326,0.19473167706436,9.30385927734974,1.6927544399371717,1.8227669751217404,116.2830381800513,3.555302636120821,414.4,19.62,3.9066666259765626,175544.0,28659.8241181698,1.4139193183795555,-7.625122947185105
49.2991555876,53.5484192044,8311,17.57074104101353,77.17521909922543,0.1946659625369405,2.3795850473700626,2.40894568661182,14.6196732300051,12.4698821127969,11.121124444520593,4.490251257148486,0.6203219360776471,76.58312332062813,2.9006977514793304,109.0,25.26666662042792,3.230302984064276,310382.0,24220.134598655848,2.2775017253277383,1.0185288933094083
49.4401376091,53.528658606,8312,18.09607419971428,80.14465162396705,0.186774886124344,1.839505270149776,2.284644805338728,41.933403712811376,0.04183070523042,10.958340919150292,3.344489272069948,1.1841506301057518,106.41608693161646,3.603186132436545,106.66666666666669,25.4,3.1666665649414063,216053.0,19560.32229591813,1.8592112159328733,-6.122191481255484
-1.12670770777,53.5283196191,8323,18.59124946039537,74.29211551828179,9.287959958292012,2.7225296256407128,2.461721634420577,10.59404826297443,0.13877432305855,9.754597470655549,2.5957774148431336,1.0780469551719267,15.218664644786756,2.3286292846272425,234.8,20.3733334350586,3.946666625976562,97318.0,25358.94810826364,1.6731978609626594,-2.109497262333736
8.58533737268,53.5533420675,8324,18.84755947683214,73.12752692957211,7.202785992177031,2.3167870675787543,1.0085310343973442,12.538752049627,24.00998255844951,10.60527087930243,3.776957824788725,0.8141432490550045,3.031275915656005,3.2091393711817155,232.0,23.077777862548828,4.338888905843099,90963.0,56465.50998757736,1.3183068783069452,2.4395019601755497
9.9933426096,53.5581485091,8439,20.73580113000614,72.7257262789033,7.584092546188661,4.788921552604242,2.1028278327150938,29.052781740848708,8.51075226512846,12.226175036726367,4.270945236497921,1.3545540011318664,19.718168925290986,3.93919157435352,213.75,23.915476063319616,3.0285713522774835,1188475.0,76392.49212057471,1.943315996326984,-2.720585675651097
-113.474623567,53.5330077573,8517,17.086567261508957,80.71149574112282,9.68749671285068,3.964804785399975,2.116653575665611,27.39427991680559,4.5660673331989,6.191327387995666,3.442393917523561,0.9762322959271584,690.1101229873962,2.301399580258402,338.77777777777766,22.47160483466256,3.198765428331164,901303.0,54932.54057403556,3.469926843318145,-9.583256387953156
14.5336060635,53.4306578658,8551,18.52642569520154,73.6259260272603,7.963579639035518,2.947598954476818,2.157966566474488,28.69986615947836,11.08117206772449,11.24957582326348,3.7263745469906095,1.1716807952589985,29.81646214375523,3.6929458166641846,145.83333333333334,24.01666641235352,2.9222222391764325,260329.0,43698.57302106181,2.90973063973064,-2.334215818108301
59.0755836379,53.4288610982,8609,20.30406098090052,78.48193461243905,0.1402005355465353,2.5376827311087284,2.129587550197415,3.4470433983969,16.40802446695517,9.084641406905885,5.285134933757663,0.8156527613528087,386.3010259348342,5.093552996697944,169.2,26.1533334350586,2.29666667175293,150072.0,15667.452316221554,1.0284759654962272,15.16197678805122
83.9467315276,53.4086697986,8612,13.37952748734098,71.58109247643402,0.6805191307778503,2.267500086348581,1.4868800377666906,33.435895935913614,0.50909389982108,9.192655838078778,2.128427978344924,0.8766564623148978,145.31978834229434,2.499206798502476,139.5,25.583332824707032,2.2666667175292967,61415.0,10007.161865993648,1.2195802469136083,1.4502213627457934
-2.21897037306,53.4642377467,8639,20.9171825045559,75.39963858785626,9.926130848532395,5.423115484564949,2.022432103056312,15.10118434744169,0.2407765645772499,10.181327893940862,3.400535463986844,1.8371705837595167,108.3031060663857,3.3738145896498857,353.29999999999995,19.848333244323733,3.735833366394044,1440774.0,43033.20862189355,2.4791760803822207,-35.40887397701894
58.973010097,53.3982287738,8652,15.20802995450022,82.65275806969706,0.1745357312839988,1.68475993934914,1.005977253639638,9.20673526915373,28.78901899170253,10.55154221555815,4.747474941155173,0.7462926050521055,383.8408596800181,3.578397096977864,166.33333333333334,26.15555521647136,2.2888889058430992,150686.0,20702.94309358533,1.293418181818197,11.329511135251153
-1.42533451743,53.3979808769,8661,19.92999013642942,72.13929427081868,10.190793775943073,3.6951909531164495,2.156116553545577,16.31828972898822,0.53348909683628,10.554253227342295,3.4156755218238755,2.1799982550993726,114.0623830053637,4.986881678798725,279.35714285714283,19.95714274815151,4.030952344621931,473896.0,31282.04621056097,2.126904161412483,-20.181834731285136
-2.92598723693,53.4173328766,8683,21.077496835781208,77.97670970825445,11.093602643799938,3.34644831343738,2.6210192868226887,5.71956965447195,26.44248067471387,9.926649821757971,2.8862786998829035,0.7390591796356587,12.67703197437207,2.7670181273883574,310.6875,19.99583330154419,4.810416660308838,599904.0,34579.545590627844,1.87197573569966,18.990897213302546
-3.04265582009,53.3812499579,8748,20.15657700652172,76.38597137563863,11.170763581100978,3.0113615036607646,2.239864341974595,6.53752417302006,20.56366523032738,9.563568232753772,2.01639963380129,0.8968047370071814,19.93331162223761,2.783003905391381,290.5,19.94583320617676,4.8500000000000005,199141.0,32772.57030947921,1.603340504876769,4.710715071487282
83.7069653895,53.3498802462,8797,17.8047098858378,82.81625076371259,0.2815171310008056,1.7761167015906931,2.626240053067478,40.624992402868486,13.55728772472744,11.036301347449088,4.418079549629697,1.6588507885873665,173.11818981430187,3.9159705545603054,143.66666666666663,25.50277786254883,2.3055555470784506,415110.0,17736.648603984482,4.6972738024052205,28.344799382441977
69.4048632457,53.2886142511,8930,15.38291768578268,79.70262719606245,14.00803428960985,1.9055013654182635,1.4628686464396814,2.2918286122386,10.98226045513436,8.844852651227924,2.748170007095457,0.647659092427633,251.4349141044325,2.4320489393058526,168.75,24.941666793823245,3.2666665649414064,141205.0,26505.45941715945,0.099918128654906,-11.35028723363257
-113.540474962,53.2984895278,8958,17.19127900749145,73.16154381969372,2.253920952591797,2.603145547225617,1.6295781678430168,11.91785077094334,1.11067402773362,7.473850106296433,2.7187638841342414,0.5071350117126708,718.931221356727,1.816019257479428,360.4,21.97333312988281,3.173333251953125,26375.0,45227.267639810416,0.737660606060615,3.1256903584982183
-6.2748748493,53.329912739,8979,20.67705212794909,76.63303679401434,10.374182038801656,3.785833524345792,2.4983285128474906,9.87048429423936,16.07877476906128,10.967389189679468,3.079765552093401,1.26387520945113,64.38886500307794,2.8408527852422063,297.99999999999994,19.047910521874066,4.479487152099609,1026792.0,121138.42136074456,1.999663243738322,-17.179483515621605
50.2269090984,53.2188758942,9183,16.49921240697397,82.38549032459466,6.334840168314974,2.606826188478302,3.615825801173836,14.78193845435308,33.73656391145095,11.044796370744791,4.17224422815488,0.9245984431825346,52.20369625854929,3.99135811320124,98.0,25.86274530747357,3.039215716193705,837111.0,24419.35670538316,3.804007327338297,29.77612734197752
63.6168019592,53.2161974312,9211,15.42077545077446,82.25284980322118,9.426163105172687,2.5623935753326634,1.844900859833786,5.03269720411735,2.28051800784378,9.256390578456086,2.6591432692463743,0.4722058482963845,152.7135337624477,2.1929769322225354,117.625,26.2375,3.0208333587646483,237745.0,22709.10349323856,1.1536643362167671,8.603796025073109
44.9981534873,53.1926904218,9243,15.42307588189635,76.57301265646322,0.2949013551257579,2.641357371426933,1.9187103894745128,43.39540389179649,2.21284549055512,9.86123819320049,3.5749314334796187,1.6893041125867974,184.24947238173613,3.939928704510726,120.15384615384616,24.49230792705829,2.9948717792217554,424929.0,11762.810485987073,3.18377648377486,-22.1704297455519
26.0153389589,53.1288041872,9279,13.37967459103761,82.4497973496442,4.689470434706263,1.8244517690345647,3.035174355265326,10.97085141584817,0.44770769266227,8.170546660634011,2.760558352126048,0.8223782657644612,189.3066174196216,2.412592948665424,237.75,24.166666793823243,2.533333282470703,160936.0,20145.40695058906,2.471961199294526,3.6803236039550313
8.21221405762,53.1434108595,9303,16.784424669862798,71.0580478641832,10.09468669899996,2.7425786188505628,1.523121147159766,20.00872557515953,1.20221020276387,9.21278107503749,2.0490356193090444,1.2201142040766877,8.232446742810984,3.2179554101466388,239.5,23.05555547078451,3.194444478352865,128654.0,53367.24138386679,1.7233551554826931,1.1104176707458515
23.141100783,53.1344507404,9313,16.95972998840926,74.68184948185032,6.053541952433618,2.5574808078754123,2.8052897218799995,48.15257653836531,0.97994032583733,10.308298731341026,3.109766227128034,1.6870283563132251,146.99302014899416,3.2924107278728525,208.8571428571429,24.41428549630301,2.433333282470703,263320.0,30789.659209327056,3.2948421926910783,-6.0049661986098215
18.0149484994,53.1237856355,9332,16.99106307465657,76.77325542491297,8.489536009077911,2.763840042958693,4.861540285064678,59.14316325211392,3.20812483338243,10.9690644457778,3.4210826865997754,1.6202518039919966,67.93973598420747,3.635853116247533,231.5,24.383333079020183,2.827777811686198,269289.0,38986.872059386,3.0343178282904546,-11.08159916950789
29.20742127,53.150714975,9334,12.72525145557859,81.00798232433574,9.579011558691954,2.098598151855373,1.4884699896525733,26.54601663061509,5.18994047975921,8.425505816222298,3.126496033333769,1.0474389770192274,150.82294586435293,2.844505722706466,300.57142857142856,24.428571646554133,2.4095238167899,189302.0,12121.548404137307,2.83913574920922,7.861216933555113
8.80949053047,53.0804080929,9445,22.25374616066683,75.93576143187181,7.764766513715957,3.0461663946168223,3.788949210210861,16.33872553544371,9.0243609292514,11.946322899075344,4.614328659707897,1.0294293029840746,4.732000540420113,3.643687604927876,217.4,23.533333587646485,2.910000030517579,240806.0,71971.38981586839,1.6101284848484705,2.635883023838625
18.6300608645,53.0318764433,9485,16.03606746321059,77.05298279648211,7.943713855018134,2.1128540814396994,3.990207654978164,44.258347394164936,11.58224814688582,10.66983874839499,3.1192973805338875,1.5440902341251388,64.13890194222562,2.9285784208411854,238.6,24.600000305175783,2.7333334350585936,145583.0,32480.792173536745,2.4263770659646333,2.784654218836877
-2.18213415071,53.0126026938,9604,19.89878225744079,71.89933171894674,10.963734925977388,3.642393862179497,1.917578349581217,8.75977252435505,0.31145399968214,8.977970211088108,1.6552661238782145,1.778862692182112,165.7345508457982,4.102718313402223,314.29999999999995,19.75666656494141,3.8400000305175785,253208.0,34847.012716817815,2.0803090416492296,-16.690022075798453
63.1348231433,52.9845409746,9617,11.908071816438,76.9674959603722,5.441482300350558,2.3323242563761792,2.807799135050049,3.74738960382414,7.35389744297555,8.423394510377634,2.5808519943369865,0.8155208113573746,177.5102806950345,4.824499451499224,121.66666666666666,26.46111094156901,3.1,87001.0,17005.703750531604,0.9237655141843106,-13.60210302881788
36.0825687685,52.9703857035,9680,14.199935777908909,74.44040710496934,0.4430697437689193,2.4738242807126154,2.102830296028761,23.9903006821372,0.54909828193362,9.791239536087572,3.849104022505149,1.4016205223579778,193.1807794937349,3.822832832660726,170.4,24.493333129882814,2.8666665649414065,222406.0,10950.613881819736,2.6509535972754747,-7.886427273973766
-1.18087420077,52.9542496064,9760,18.97127500155096,76.78534557768147,11.27102530640944,3.63687397166488,2.4261033090026336,7.41978500132162,3.76057325063452,10.058455237085091,2.516069143608615,1.2736677196876136,57.8228414894917,3.3947458352724005,223.9333333333333,20.904444478352872,4.1155555419921885,480230.0,36456.02605834704,2.327498116524392,-4.900176307494043
-1.47099127775,52.912027876,9792,19.33594700953762,75.71424461400082,10.548768589950372,2.977729330459837,2.150319717797764,5.65189123383879,0.16182436273355,10.004553533126373,2.349778784765811,1.1617006076910994,67.13860405512467,2.900551796232545,240.3333333333333,20.425926038954,4.096296251085069,215985.0,38630.79943514598,2.153070921985716,-2.466098844783218
41.4301247633,52.7341896322,10174,16.708566524330408,81.34323299376528,0.5360847193707602,2.008461619971988,1.6639865454044047,12.524137133750829,4.95140893520949,9.848195440182284,3.3888592048886035,0.8175862776631262,144.34258341257433,2.878728453266282,105.83333333333334,25.61666641235352,2.744444478352865,269040.0,13572.738748884924,2.44730015082962,1.594645513346535
-2.46604494836,52.6971237411,10202,19.46469910112017,63.9384714207127,8.570305504840984,2.948273282589499,2.0222312975254084,11.19185753055799,0.44703277375065,9.831436493869514,2.420560617972402,1.4826307708723585,114.27990197962852,4.107131007724786,289.2,19.606666870117188,3.599999938964844,88333.0,34655.01651704345,1.5416911764705787,4.270927999563966
1.28646234647,52.6392793932,10315,19.72206860937661,73.3558469782792,11.36905416027665,2.5308675293957994,2.935215708523628,10.59457987310372,1.14767961263628,10.475718830249928,2.364599203080372,1.268132004015736,22.342512909850345,3.0660421536496614,189.5,21.10833320617676,4.208333358764649,151537.0,38724.04254406514,1.4729033816425383,5.164243277056233
-1.13407526347,52.6286928644,10417,20.41232406452844,75.96311684222746,10.732389060918496,2.7552137745951777,1.7936200507088214,4.98801934572976,0.72437837112867,10.463782473616664,2.518286780126914,1.0352891736681042,80.59628593917327,2.7975422721222136,235.3636363636364,21.1545453158292,4.287878750887784,396140.0,39849.93184732671,2.035683604716493,-4.112766679862929
39.5595387209,52.6034063033,10509,16.46778352578568,74.75534009552878,0.3452044238245692,2.896122743803274,3.6724584067388832,19.68805587347436,6.76894886851233,11.266834358602647,4.979234232787697,1.3428876663485756,146.92682328723305,3.651184442648476,99.125,25.77083358764649,2.6041666793823244,316205.0,14575.143520817195,2.5728954248367017,10.211024129573984
39.6280731401,52.5575941256,10526,21.74498813393018,85.35756002652104,0.1257413251290588,2.310511691102388,2.467247943527916,58.17532425657493,14.09562100540098,12.495967945836275,5.690563846733829,1.8876007288586405,121.79551237738688,4.3346971989743714,98.6,25.946665649414065,2.6,95264.0,24497.94265409809,4.218985754985688,-2.686342793281682
-0.251792489931,52.5748267394,10531,19.02263296126252,72.14513394145725,9.142481113337984,2.382453781880144,1.0905964533606844,6.02871987114353,1.71115938402887,9.431799215168736,2.221513827172308,0.9303757328795512,8.545488754139551,2.5356828780009395,221.6,21.746666564941407,4.299999938964844,126698.0,59839.26071445483,1.3807703081232,4.463856914547318
85.1891416034,52.5256365887,10635,15.084802108908749,76.92573805773715,0.32154265782635,2.588045984836485,4.015599097307596,48.42917562282869,14.54260828980433,9.260845629963129,2.25057535288924,1.791352365959061,186.4766210291308,3.2768883451058977,171.42857142857142,25.9952379499163,1.966666717529297,153470.0,9585.319795399751,2.408245831610884,-3.770705070096312
103.897312465,52.5450275832,10636,18.28283375876404,74.99581260576386,0.2054021096893196,2.826724089655937,1.347927327437507,55.28283249571688,12.51639969548707,11.170399947589695,4.369539826542678,1.117005411875741,423.5184928059233,3.458862951181201,205.0,24.822222391764324,2.277777786254883,140804.0,51154.12596943266,2.66303406738189,7.961791112836408
4.63127993547,52.4806630719,10716,22.362963565476228,75.48028243464806,10.490680290454105,2.91743303140862,2.9889998855459425,16.38486657119773,17.12258289905222,12.38406489062046,5.184197069082323,1.0318149900988427,4.793203651895448,3.200844864401891,230.75,21.641666793823244,5.2,99995.0,42612.493614680745,2.114533333333327,0.5540689356583863
30.9642662936,52.4429151,10881,14.48747498186711,80.16717142399172,5.745065408867065,2.375597495465403,2.3404512376500963,20.15597480767114,5.87684684629591,9.905595650525838,3.910403130361377,1.00808617008856,130.89642955728743,3.074853358236956,166.45454545454547,25.715152116255325,2.5303029840642752,451158.0,20718.504022980866,3.3585071345029327,4.606055305596357
-1.96504472145,52.505789742,10890,19.83871904149036,75.32078162955172,10.302319269688011,5.094556162921845,2.3191784950890915,11.04138504670141,0.27487984613836,9.806257283335665,2.62753093017445,1.5429453876822274,131.82320034800193,3.620644718312136,312.8333333333333,20.59444458007813,4.018333328247072,2157814.0,35250.662351806066,3.1994380167588474,4.652569031549831
-1.50916967732,52.421965793,10928,20.38814300406659,76.01834949301944,9.167634220976494,2.792422818901834,1.977499636862342,6.26155463187015,0.25792788816058,10.036577152469388,2.3769313689534366,1.3083902606083877,101.24739773566463,3.0585557622131057,233.5,21.05416679382324,4.220833396911621,299545.0,49878.78060725434,1.855437908496807,-4.422251920788355
13.4155455539,52.4981202844,11009,19.2009128538288,76.42067730093225,8.788402113993815,5.251520104881202,2.3840382727409826,35.88971447498123,3.23259858446436,12.882852353773115,5.3141536125065,1.3787773412724436,51.276996832603146,4.324517565567434,147.0,25.579032233453567,3.1327956956432708,3049700.0,53756.13976030427,2.1320615798131257,-4.548014821379908
5.24052637248,52.3803558919,11025,14.58971503879768,69.35330578457346,10.932661754193818,2.782749797308855,2.9794946033373386,30.50717227352193,12.504852139726667,8.361024064011872,3.4600999436193387,1.4332380265253482,0.4668134244053913,2.94547172491096,215.0,22.55000038146973,3.7333334350585936,132880.0,52793.37405930163,2.370661227264918,-0.2407071077186338
4.63931720215,52.38509538,11089,20.57774442926648,75.12716770759506,14.153884428293646,2.331596594124807,1.4556630803705446,28.76178572207413,5.9976726565345,10.43904103010743,2.7661174002732927,1.4124050361402272,4.293314119983441,2.959696921407257,231.0,21.77499961853028,5.025000076293946,182366.0,45710.17123805974,0.5510782241014986,-1.30047994408968
9.73757808069,52.3939197479,11099,22.0811985279611,74.85271706689151,8.822643436304975,3.480841548863153,2.217679977693893,25.88755052072198,1.85487626444148,11.439510400152214,3.777630869076632,1.4639544441215406,61.21224561524336,3.72792239645466,197.7857142857143,24.266666739327565,2.7500000000000004,449830.0,59022.72413578463,1.6834640522875477,-2.7585753016831447
16.8972894071,52.4038968899,11124,18.30498584885997,74.44451826982174,7.834165718585286,4.179924496147272,1.774427131348033,29.1459487807753,1.9421589810634,10.875462559168628,3.2089574223834827,1.299826354299812,87.52026424738644,3.117395716709652,208.1428571428571,24.76428571428572,2.861904689243861,497503.0,63088.696918410526,2.193187321697337,-4.093689979347388
35.4155593139,52.3192491486,11318,17.91398156088592,76.68207367132972,0.1257413251290588,2.778192119081872,2.322906575559812,40.51670966055334,2.82758473274951,10.858789720613844,5.592327205833214,1.9531619584897697,205.40599177185297,7.23148891696378,180.4,24.56,2.9,74482.0,16303.146626030457,1.9735984848484804,-25.61559366252942
8.04131573038,52.2825690635,11364,20.67043823306448,74.32201229679598,9.128438205732833,2.5254310976355807,3.152085891817112,41.83142798040143,1.24517501685577,10.59074763671628,2.6018177103151228,2.325278260176861,82.83028365084428,3.732701161036604,237.5,23.533333587646485,2.9,109377.0,58756.71042358084,2.4530964820619907,-9.616653000730253
104.327898813,52.2831045126,11391,19.96928053471126,79.59983207339644,0.3542026908631967,1.8036658357467468,2.0929489816193287,39.3980978302568,33.12554703200112,12.02498108722148,5.602975856213703,1.1784235450501008,453.3750915209112,3.787229316977468,206.6,24.393333129882816,2.433333282470703,255419.0,33364.67525516896,3.967020408163133,5.829732129651916
76.9731110502,52.2886627521,11421,16.48507230991019,78.77566831736999,9.820881173386192,2.035239586541884,1.9071087143895944,22.45635685892821,7.945519053574871,9.801268855200307,2.533895598573201,0.6512390600909931,129.0825130061372,2.48252466314478,80.83333333333333,27.1000005086263,3.7333334350585936,291347.0,25310.03309112503,1.7691154121862986,7.971361504514078
4.84661282643,52.3543698971,11431,20.587085328132808,74.23946085256605,11.058233172230729,5.079364200287408,1.1516270941320357,9.55611243001354,8.63215852583129,12.093142910900823,4.740257229968547,0.63884225071174,0.4668134244053913,3.35131319822992,226.65384615384616,22.16282043457031,4.203846165583683,978265.0,102067.68949619976,2.3852938375562154,2.7997526964304944
10.5198789468,52.2707812917,11464,21.42004851341727,74.75926950113742,8.836261729615183,3.204462111303961,1.5321104249202904,20.11028305469052,1.89980906306248,11.103671998312947,3.1784012955434267,1.3775291513596892,78.5191202248675,3.704616073562351,219.0,24.159999694824226,2.7,162417.0,96089.54437035532,1.2617057057057082,0.3515161694195399
104.224926678,52.3079683073,11480,22.583498692961808,73.87541474117586,0.1915169493290204,2.966199699320973,1.995423834655358,44.16709651240364,20.545440445436387,11.608993922564077,4.603008768090646,1.2537938421368997,449.57310676234033,3.678986426821804,204.1428571428572,24.704762268066407,2.433333282470703,281899.0,31539.270433736907,2.905623921794078,2.6249717998737765
-113.80797167,52.2689852129,11482,18.35843400738561,75.40287913218548,1.1457497658277127,2.444590448646472,1.363345394122946,23.08023857562108,2.3434639713597503,6.59410002969419,2.149626177669453,0.9378826514236728,890.967820124288,2.390328374211005,325.8333333333333,22.272222391764327,3.238888956705729,97040.0,47054.41178895301,1.537724014336959,-6.05178034949779
21.0494303173,52.2715960715,11510,18.28871943636275,74.00433293310554,7.219786054107009,3.22839814762392,3.945030757072833,44.454570174241006,9.76900624054356,12.18000970011229,4.995158083672333,1.2195967838894377,86.13743186371389,2.9573854095834844,226.2,25.11666641235352,2.8000000000000003,445433.0,79609.44383779378,2.22980500658759,-0.1803257919001737
-0.883000631987,52.2480191934,11598,18.73032272616934,70.2867975146668,10.4046868943174,3.0248296617407866,1.9843756345216383,8.80764688136867,1.56951825086901,9.5838384579982,2.064174636518421,1.2161015610078787,85.5009275703477,3.0751940313710064,234.0,21.50952388218471,4.352380937848772,195868.0,44915.77669144527,1.441706140350842,2.1144534459007787
5.97567493499,52.2093493278,11628,18.151454872422608,76.8925493004712,13.371030472126842,1.7132191303065587,1.529962678890581,38.07195267933909,0.17778748788996,10.228621286153793,2.858209048467641,1.442459693728377,20.22974570772792,2.913833289138241,213.5,23.083332824707032,3.3000000000000003,104383.0,59585.55429523964,2.43134118967464,-3.543083149281781
5.39294597668,52.1739720386,11726,19.12131314421187,75.9515086823918,13.477774972256304,1.8874771148008755,1.5287390300932382,25.87433522481351,0.13566495929778,10.88871955512124,3.390435235238695,1.0089301899784575,6.308986043650005,2.8100156741103204,216.0,22.92222239176432,3.522222188313802,121634.0,59375.7462222734,1.8665986394557308,-1.2358797008006492
4.46627022174,52.1697696759,11797,19.90297078879334,73.65011180221624,12.72322816466899,2.3609423926597266,1.970248486670624,8.985582971669489,13.02141242063156,10.477881262358904,3.48250875838105,0.7893079566872298,1.210108993947703,2.924342962032292,223.8,22.0,4.953333312988281,234481.0,45666.42218346049,2.1528975241178614,1.512467380237312
26.0678262376,52.1298775912,11840,14.6018012503603,75.61989628902508,7.39005589882537,2.0835030333741527,2.618340830409021,28.00534138504127,1.7221632033423,9.56051453005069,2.9240046054759783,1.1228194984203386,146.2369027555208,2.5752421647364234,236.8,24.673333435058595,2.333333282470704,138676.0,19626.25953301221,2.7922023809524,-1.3254873227910196
23.7102619398,52.1099863242,11887,15.50187521800398,81.29133306034126,6.150423476275058,2.238551259547033,3.140755356280247,53.00710759707059,5.67135485003745,10.240042419735662,3.426967264117093,1.5482338884507374,140.80430793520813,2.5760935222038266,248.66666666666669,24.86111119588216,2.3666666666666667,303007.0,18486.580333127626,3.167697262479919,0.723086378361387
-106.650542563,52.132859823,11896,16.38357977203746,80.01235254581913,0.5764891107246983,3.013359776651677,2.094882070091635,6.568777607857291,2.3620973687798403,6.712982594060473,2.7054340539309,0.5210257552562093,502.8172699196836,2.025635544422862,173.6,24.89777770996094,4.266666564941406,229149.0,72152.7621547552,1.2529715762272495,0.675620561919402
11.6311724142,52.1335564062,11944,17.29602956562033,77.02285547365955,8.110831714749706,2.700367246025855,1.0692627916090434,7.434633547766619,6.408338602535229,10.687679996335907,3.701520405354617,0.9379718349576988,55.62174891992689,3.2980525167649577,166.125,24.795833396911625,2.7375000762939448,164812.0,51497.417093415526,1.516810930279462,0.5954072329197402
20.9575873478,52.194499084,11951,18.4722378969408,74.54605597102896,8.50385987226097,4.099861164710077,1.929863895993224,25.99818266177998,2.91982124043122,12.20141877587791,5.109719276874954,0.8678130536349671,102.40264245819466,3.089495754021381,232.6,25.03999993896484,2.809333349609375,1065486.0,94287.08589038244,2.676863240354237,4.191028157842894
5.07746801408,52.0967583849,11992,20.67677864605338,77.78189315217838,13.646325467302251,2.2570208498474327,2.3050535786918065,15.85048261971807,4.26788636728858,11.65800873617822,4.385953447998313,0.7708736503437883,0.7492553987429191,3.2125433832238914,205.27272727272728,22.96363636363637,3.5878788618607955,315287.0,96338.47604880636,2.750911965811838,2.566815008693992
1.15899946945,52.0533973971,12059,18.25379579918367,75.92626640293744,10.25952744001943,2.116494614917104,2.325542197931428,10.602268248030091,1.52468970678534,10.1157809219126,2.337785260973513,1.3296906237234924,29.1204954469202,2.973169574703712,173.33333333333334,21.822221883138024,4.733333231608073,111120.0,41254.979769618425,1.7803931623931817,-1.0895117473638685
113.478739728,52.0440300624,12157,17.1322125207871,74.90054772029957,0.1257413251290588,2.247013530413618,1.950038170759178,47.89478098527892,7.45981304475833,7.90146160263363,4.32301808970509,2.134586864200707,722.6903662995895,3.3243971924047453,316.6666666666667,24.700000000000003,1.911111094156901,180176.0,16073.339834384158,2.583320086106937,-51.13803145306156
8.564562872,52.0245572537,12168,20.664857342399127,72.27301683955186,9.562841599015249,2.437603871031646,2.574762520715129,33.94562917199125,0.31586408950313,10.257576720662517,2.4621926541641947,2.7100201024168347,141.18117807992937,4.157658223835506,241.66666666666669,23.65555521647136,2.744444478352865,157759.0,56928.63633770499,2.53136904761908,-28.155031058105152
-0.767335120112,52.0221625512,12188,19.05081876344423,66.08873892336288,9.890409203377706,2.965712216692394,1.9067140701434795,7.756508614984919,1.54930112958364,9.752672938396062,2.528259522958775,1.1948074847486392,88.15877624706067,3.0735485133677867,219.75,21.96666641235352,4.441666641235352,96877.0,88391.12475613407,1.2725252525251598,2.384084422686371
4.50530068188,52.0302964902,12192,16.38889950241959,70.62466922174377,10.019362166189508,2.804513801505286,1.3297909212999293,8.61221254640398,3.54382450311531,8.406246241354003,3.539044528125128,0.7302048618447622,0.4668134244053913,2.567515388668329,224.5,22.24166679382324,4.291666641235351,130345.0,43225.10848900992,1.7457096171801822,1.015300623135944
47.8007969623,52.0152515924,12242,13.51056201027009,75.14030447479261,0.2087192268626679,2.028255591151725,1.3538783375290495,1.85038333399872,29.86883970757967,9.689091919350364,3.185181230144762,0.4282675175031021,27.714599975206223,2.8374638734646647,69.4,27.433334350585938,3.4,116967.0,12082.701915925005,1.2954303030302832,3.6315363174715216
5.91337222453,51.9716917758,12369,20.41178975161732,70.23979953714348,13.049090757635684,2.7943199691414646,2.4345631840856536,25.33560839868957,8.247995308790191,11.37885396896436,3.82961459855833,1.355012614871921,23.76455326216428,3.150043343224422,188.8,23.4133334350586,3.2800000610351563,118207.0,42865.55491637551,1.4809036067256294,-5.6767326111885765
7.62183088772,51.9548130531,12396,20.78408821126003,73.98349806424017,9.109971217164691,2.756913672016005,1.8329921830721867,24.49912802531536,0.69720466580111,10.75398898349873,2.7096471613317497,1.742601416426797,63.00431060695564,4.14368496520169,202.6,23.79333312988281,2.779999938964844,170356.0,83079.53497381954,1.2868435054772362,0.4873345284954808
-0.450382617447,51.8943323239,12536,19.65719616928602,77.28810627895204,10.443994136416611,2.144049352239174,4.051580371153968,7.40684820627677,0.16537720166184,9.208208700516256,2.0167949948790183,1.5621555502330486,153.1346044636506,3.2447943223845583,209.8333333333333,21.894444783528648,4.488888956705729,255826.0,35653.447831729376,1.832535370684696,-16.1002681645885
-8.47071913132,51.8924431805,12565,20.0092360781944,70.3513624344866,10.238333510582178,2.0930100028999434,2.604329756222604,12.1968783383139,1.02990319395884,9.87122425818682,1.8854686895097013,2.1128020954847413,65.12850010878466,4.432225195699445,304.8,19.047910521874066,5.086666809082032,143313.0,121138.42136074456,1.416301564722687,-30.06650129019564
4.27831741066,52.0144800543,12571,20.557287050424968,75.2454696387897,10.294860231541154,4.578353782819446,1.073468275216126,9.94808714232778,25.86039966068187,10.76866337737088,3.988254298118312,0.7992931669150852,0.965559760610672,2.866891667869383,233.5909090909091,21.98939396251332,4.94545453158292,801678.0,62246.43338098328,1.6484527252885073,1.6237917840011824
4.47711961032,51.9079355339,12621,19.25198583850579,72.5584064496667,9.774670772400968,4.750317174021572,2.718389255172533,10.12326184253171,10.887904072550567,10.823609532877253,4.385830779518655,0.8288225150019154,0.4668134244053913,3.195873590913383,230.25,22.505555534362795,3.9861110941569007,778923.0,48617.44905208859,2.099299249404794,2.304716154824192
-2.2301451338,51.8498289077,12724,19.07247834800436,72.4227048242541,10.01807461552364,2.1417477842652453,2.681257872470923,4.2214456552721495,0.55438334876566,9.003529566701195,1.798755961972223,1.263818889662917,37.93343816303105,2.3621382970550338,250.75,21.450000000000003,3.525,125153.0,44463.83987599179,2.2499794745484074,-11.555286994333006
5.83201536861,51.8305037321,12772,20.44608403015758,75.79982189614375,12.339419757742036,2.1661838822180006,2.253965641460069,30.20581401283831,12.517818666436762,11.655575312715492,4.127257467567612,1.234370973561594,19.813506057490983,3.2152842188172257,184.66666666666663,23.566666666666663,3.3333334350585937,124271.0,60818.55728206904,2.502771241829976,-1.0869516311423268
4.67413591455,51.8153712936,12855,18.092018881689608,70.7314154548569,13.267919611416197,3.4566558988007148,2.5371810007429323,8.56239695729041,7.81748891648999,9.951047173395812,3.09249037587944,0.6935984781074044,0.4668134244053913,2.9006186127022584,203.88888888888889,22.766666497124568,3.5407408311631947,231444.0,46291.69772817614,2.013027777777665,1.5493499152621713
107.655644555,51.8343983699,12882,16.79880605745624,81.24152574945917,0.3981432553378263,2.477604440384157,2.762706575942025,56.30010265340425,4.36136060788737,7.3542905382369455,3.662592836151372,2.639110064987221,614.2907799875946,4.295068895343708,162.6,25.083333435058595,2.5033333282470704,301898.0,14220.746974143582,1.9078635005697075,-60.858045828321
55.1153561888,51.8006435239,12947,19.70235808219535,83.39669007465092,0.3360691091494985,2.403120582690128,1.9126667355045408,30.093116495839528,2.8105308963216302,11.25845504241882,4.352310070491293,1.0627089958863876,106.75724319202628,2.6591661783312714,58.00000000000001,28.82916603088379,3.087499961853027,348600.0,28608.76767355135,2.4913015083191645,6.530525588274884
19.4540040666,51.7607968566,13149,18.87353206115916,74.81419094806971,7.681730163348264,3.05562603529115,1.7880349821390786,27.77594974304281,0.12447329436423,10.383022158116797,3.582740926122637,1.2710402026280407,203.58305707952653,3.3886658160685106,249.1428571428572,24.75238080705916,3.0119046892438623,534200.0,40190.740467989526,2.973923031130937,2.6254501064821056
36.1648009125,51.7372211287,13151,16.66090677442606,74.46418050951024,0.4533256747259802,2.030645406703425,1.1005792193593869,52.92666967018652,1.25663236506041,10.69388632952714,4.32802576852074,2.379589800882329,190.5308358250928,4.238688350438387,143.4,24.946666259765625,2.966666564941406,201049.0,17079.889245905222,2.301408450704056,20.59872792410852
5.31463809978,51.707579351,13170,20.84354128363746,71.30587608249141,13.356395313448733,2.7212898077927927,2.52315761178314,16.752216569624633,9.88719955761843,11.52649122826254,3.4260555178959446,0.8652434584013858,3.8768339884334777,2.972223563534452,190.2,23.34666656494141,3.386666687011719,103766.0,72203.9644681302,2.2090313390312986,1.9560974249531249
94.4748203028,51.703867015,13191,17.9778361969611,73.23501789755105,0.5704039368680932,2.8940365825689374,5.034964796021672,9.11023280188802,8.13156701820042,7.406079250269588,2.567063747341113,1.334044181768872,649.4834191928381,2.096811690874649,217.0,26.166666259765623,1.566666717529297,123752.0,10426.944639278558,-0.1940740740740203,-13.607245980877678
39.1644597497,51.6767184548,13458,18.1386676182351,86.1656340267643,0.309132437099713,1.920597095217054,1.37598701019617,35.27657002850641,19.71908733813024,11.473851912745006,4.723507748373504,1.340607648853906,125.99632797616827,4.093877370895974,95.4,26.626666259765628,2.7333334350585936,607585.0,16930.582311939896,3.215608388757289,19.21384398763992
39.2665684819,51.6622568793,13605,19.92896698079979,80.34715881532037,0.3391035300256654,2.483972023830066,2.2084712802062025,25.84333038972136,29.44116480369312,10.70416963229541,3.2644091310115937,1.0275507799167565,105.6836271575026,3.2255016178297584,91.33333333333331,26.9,2.7444444783528645,260821.0,16669.477150996267,1.4566341523644155,3.881176374554286
4.78021930531,51.5898527691,13615,20.43792465618623,74.98472421376995,12.24741978796201,2.007961411385374,2.615966134988528,25.7013464805197,0.64085684016974,10.85204775937846,3.013793501575221,1.2369662108843886,6.355108702303332,3.007849335021882,204.0,23.155555725097656,3.3333334350585937,124779.0,63995.99806057109,2.624419381787732,-1.3365634892783147
-1.78279165711,51.5741013707,13699,20.074886621089068,72.12742641819993,10.282728544486536,2.06069609427292,2.1794743048592014,4.000546142861071,0.44216107617172,9.188703048028614,1.7090186267811232,1.1430060175577557,105.44887494757413,2.925557412176558,213.16666666666663,21.261111450195315,3.7055555725097657,168103.0,65665.13498866766,2.451209391209148,-0.2053160322491294
0.7026821778,51.5486580964,13724,19.24939062225924,80.54968089850968,11.501044384409967,2.329986018467674,4.897212294671832,4.54496485857949,3.44425588247004,9.251218946456476,2.020003900338564,0.7696906463974135,14.873635490049915,2.3227884893720065,165.25,22.46666641235352,4.775,165048.0,31815.441938102857,1.7278952793239988,8.088375437854987
5.07847573956,51.5603029242,13782,22.672839466898058,76.77392203997341,13.402384832918134,2.1033127397290032,1.876477649421216,30.150342220496366,0.89215534760738,10.42618584752883,2.682641248068078,1.230875486844906,15.308584868849454,3.4701378453705085,198.25,23.325000000000003,3.316666717529297,152088.0,50643.03914181264,1.960333333333324,1.0676932146054805
81.2038880818,51.5172798368,13929,13.81294656940287,81.87748844684167,0.4353194120073469,1.6417874488413842,1.1189196638843484,26.07550372594864,2.10492215024416,7.884525060176968,1.982669887866739,0.6104563736504526,215.96765384932,2.3957705978590504,121.83333333333331,26.35555572509766,3.1,133315.0,9057.936016202228,1.1740880503143671,2.176151621748403
45.9730913324,51.5530846179,13956,17.62120410907205,81.0749063679424,0.2660436093844437,3.31809284204524,1.6082527038747334,25.33829738491945,17.30447627663321,10.6837308491595,3.446681298807829,1.8042605605727449,125.60658618026076,4.845291184384704,73.8,27.133333435058592,3.323333404541016,628613.0,20868.73769393888,2.824068181818064,-15.409646450368967
7.48635923416,51.5106586179,13969,21.62147766029473,72.75617447036153,9.109406060570604,2.9576982819217807,2.0087460792197267,38.10126414653972,0.36009039365971,11.017881244011932,3.5194593052605345,2.145549186097951,121.74407166221098,4.61901202754199,235.0,23.90370364718968,2.818518473307292,318834.0,51197.21889133529,2.0782634138927314,-21.69231647102822
31.2867492941,51.5044576574,13981,14.677103521404412,78.08400024231847,1.264076147215407,2.1082185139117007,2.048521225107171,32.1275238843087,2.66351967299597,9.96012606121763,3.060539216819692,1.4866827045491957,127.72702164368948,3.43789821363758,169.0,25.65416660308838,2.233333282470704,267485.0,14654.407716320542,2.5031474358974606,5.963876029464046
46.1311277495,51.4762462797,14035,14.611243897984542,85.08886794489267,0.2829476957632319,1.831128844551161,2.0079049500117034,14.612555566169169,18.31748377281476,9.266494182249462,2.8939123143758314,0.8947829450095505,25.6192669193783,2.7518425221086544,68.4,28.10666625976563,3.353333312988281,112999.0,15834.998752201343,2.3631861053600005,1.0651240769904256
7.34372744768,51.4741074338,14054,20.6184694524166,68.00702492109048,8.219754934581447,3.211369982540662,1.1949209445786118,36.74761451705912,0.0,10.714484291360655,2.217524489567888,2.572803542671976,125.66579845154884,5.117624518588938,228.6,23.806666870117187,2.826666748046875,95564.0,49846.77968691139,1.8324533753611296,-18.08926063282348
-3.1896609124,51.4904482166,14070,21.67627910563261,75.13552815611088,11.086891531882298,2.713981690803703,1.3017173262313544,12.59346085631262,15.46364828622665,9.992267175833405,3.09725047974941,1.8179488411721392,46.010405414935214,3.6595059718418113,319.90909090909093,20.71515142267401,4.293939403187146,286089.0,42684.404241337485,2.6181714285715465,-16.868863599905325
11.9784815043,51.4747787024,14096,18.338250808414266,76.72950567479079,9.124155158572774,2.1511083688580777,1.315325305315159,16.14072025245794,3.66852739923508,10.501620003234274,2.61824526283196,1.3838234466483217,93.22546016906873,3.789363984596178,190.5,25.13333320617676,2.7416665649414065,127238.0,54919.67891667584,1.7437931910569695,10.503044137434074
0.338717704189,51.45946263,14107,20.71139452700328,75.34420641253189,8.425629850876943,2.987725056000912,2.499460065640189,2.44233657075548,21.79380339563443,10.396543280072017,3.2617624046364484,0.8741260455833821,18.06770017805866,3.045851973180312,172.0,22.775,4.408333435058593,133823.0,42064.63844780046,0.6715747955748306,-0.5706674760969257
-2.56130381677,51.4702440734,14146,20.26661022536304,74.7236465971626,11.039653834417493,2.918648058611583,1.5286434786436616,9.03921419949464,0.37827161979888,9.632088245534128,2.136478047353408,1.886022630948311,65.30597511508769,3.7377276159190407,265.6428571428572,21.23809509277344,4.03095234462193,513230.0,55072.13097831381,2.4071488134842376,-9.683885612648794
-0.966738909332,51.4464579894,14148,18.3250952157908,70.99042698308983,10.967484778530231,3.093138876472875,2.565069628738689,13.43258732936028,4.50132019355749,9.14710643211736,2.234822050024603,1.243211338051999,51.08564610826223,3.1819575259992177,190.6,22.23333374023437,3.566666564941406,181438.0,85480.52249253192,1.6353300165837332,6.23269019216481
5.45541834764,51.4491608946,14184,21.395490584680648,79.28438908648496,13.390344858168886,2.5018868994734498,1.6826372758878665,40.14249646660828,1.04201654595621,11.15495975543215,3.632217453923464,1.5910072217305602,21.947214148872487,3.153493383127552,187.1428571428572,23.61428571428572,3.2238095964704243,253691.0,62485.512635450206,2.673720221078838,-1.4888051262838855
21.1557486746,51.3969394874,14286,16.63666649092459,74.29283158741569,10.79721472705781,2.000451076936126,2.061115688239377,14.08936977105069,0.04567005382937,9.408996300882473,2.4878831609057883,0.7375664799547876,172.52318784627886,2.4833834653035507,204.5,25.03333282470703,2.533333282470703,161658.0,26407.87149414195,2.006241758241682,-2.1789225300080943
6.9835274074,51.4975495722,14340,21.10368556157099,73.3053890114177,9.22372556416564,6.577081014946881,2.928075814072804,37.958652348686016,3.79588338245703,12.133216892053506,3.8598034572814974,1.9812793596825573,66.96491487319376,4.598845648009134,209.63492063492063,24.44444456554595,2.8502645438058027,1802897.0,46883.893657263805,2.674667095088182,-8.11292408785382
0.539662906935,51.3734159153,14390,18.85357704103851,70.7981926399437,10.131049851504525,2.618154878052509,2.536747310118132,13.416100732293351,3.9315421214466304,9.606324726804257,2.1395314462007984,1.8223902360268127,64.10260350238508,4.640860237107175,171.0,22.326666564941405,4.706666625976562,198554.0,36407.32164046054,0.9390354674565627,-2.921193286778113
-0.132622719669,51.5056825927,14419,22.00570292291112,78.37939418420726,11.177833785517375,7.722208300615403,2.425301227246419,22.28859243001222,3.52413654274357,11.229688996755543,4.481848043485569,1.5531721843402615,63.99141629985423,3.030360643041736,175.92000000000002,23.09306668701172,3.795199997558594,7969354.0,61867.82523125461,3.4171115151399363,-31.261951442255025
6.60238093952,51.3453376527,14525,21.338184879835858,74.86037000988377,8.966726327859872,2.783340880465884,2.286586169025321,14.720758970228731,3.83959244350246,12.072589593160062,3.4859169569129542,0.8809964450701239,34.14290863691032,3.0223575774987235,180.66666666666663,24.8999994913737,2.922222290039062,171646.0,50372.02873355628,0.9015079365078656,2.3143360998770177
12.3989082922,51.3485150754,14617,20.26535236502917,75.62874693951039,8.8199114337492,2.789996322827735,1.5046972875959288,23.23714697063886,1.99755788602336,10.904889669738452,3.630543434759268,1.1495891551769553,129.154882180939,3.3196350052877457,187.0,25.16060596812855,2.848484829989347,357860.0,48453.67347007209,1.0752206660441177,-4.114578085656689
7.20488257657,51.2740240271,14746,23.56472365379165,73.36356648412033,11.472159505150136,2.7113513756747807,5.0026247438880285,62.16954166370442,0.0,13.147459927955104,4.423723289361901,4.055817635745074,272.9405042456542,7.836317327678746,224.2,23.42,2.959999938964844,177976.0,45929.00471973747,2.155333333333317,-66.52517173572514
9.4831284016,51.3034911649,14751,20.74001222849724,71.65514140637976,9.990307074106193,3.356952069001739,2.018664410666913,20.98777933772767,1.51796923484007,9.51226481289284,2.985887807803697,2.058886361136217,214.40295814379056,4.130080345021578,211.0,23.770370313856336,2.522222205268013,202287.0,54689.73991408245,1.995944444444433,-29.40327875981697
37.6914090393,51.2602022765,14844,26.973222747357152,77.58661347245206,0.1257413251290588,2.9288230047595065,2.517292358048324,14.66195651206898,3.50925328386779,10.919064346493595,4.505126690888234,1.5266865698422705,179.94586439635617,7.578971083476916,115.1,25.97666656494141,2.769999908447266,24147.135,46583.716748768486,0.6382571032569899,-11.472524861268084
58.4973087695,51.242991765,14847,17.01407811837084,82.13526457202461,0.4205095049612796,2.0981972777920896,3.5947418056899187,4.946875244904899,1.33139118703084,9.3251536287942,3.426985876503116,1.0192917949777496,230.8159329384427,3.165679206644661,92.0,28.55833282470704,2.983333282470704,110555.0,23021.255628420247,0.2296820175438867,-13.841277201753089
22.5629436894,51.240368452,14927,18.55779342934259,74.06406171291147,8.632049924415023,2.3543408081811346,2.326791476585256,9.7343381841699,1.82409221850699,10.796340131053674,3.743464716668903,1.1110522224035244,199.45893179900807,3.7278050348973992,210.66666666666669,24.78888880411784,2.533333282470703,291045.0,29273.129760002743,2.3573631840795883,-2.1891827993737536
51.4123937484,51.233535153,14966,17.2817422657374,86.67108085580556,17.530690338834553,1.9877748842147616,2.8580553171109044,14.86662395720339,9.38929944392637,9.855011614546768,2.285464316158656,1.021579365046572,31.76205136026016,2.312183583630844,82.0,29.488889058431,3.2888888549804687,235528.0,28424.98863404776,2.0146366208174413,4.777466568636683
3.21774839837,51.2096492254,14979,20.20714672408939,74.69858760828426,9.54174669988267,1.810470761843629,1.0912079551313043,18.50346443327538,0.87558201042079,9.865799159529606,1.988902431033886,1.350514776409738,6.505586319268042,3.486844387493849,245.0,22.23333282470704,4.3,93295.0,40518.12979259339,2.010257562144375,0.4571157149443738
58.3352845076,51.2122057516,15010,21.0494198106452,84.179332657134,0.3736958797740524,2.318797652226127,2.937753249833727,3.51046774354472,1.81964866026235,11.153930959230276,5.392515841241795,0.8671836468426849,217.85399730513308,3.658826695666716,91.5,28.23333282470704,3.0,55874.0,25459.70599921252,0.5489484126984507,-2.379596672291001
6.44258185513,51.1828669385,15262,22.69021603047122,74.00844747923624,9.201188693214922,2.33856324103101,1.213082907623827,20.65734225374574,0.22487944533462,10.95097100965494,2.2735127260802983,1.1642935236571863,64.88473499968786,3.395803927911728,164.6,24.760000305175783,2.966666687011719,142742.0,57748.84949068948,1.1198900727211445,-2.922742121549973
-0.18294536267,51.1291691721,15322,20.08248722433477,69.19578946377823,9.082230986574444,2.6386497792592705,1.1955927206494807,32.66469898776237,0.22697370635459,10.035673803828882,3.2540819495832705,1.6656316315927029,79.22682898385656,3.168040228197638,166.33333333333334,22.433333333333334,3.977777862548828,114979.0,41859.64715295835,1.7379084967320182,-6.841016866285756
6.78780352974,51.2112565747,15374,23.28284026929716,79.76731260803672,9.164909102943763,3.5253653284386,1.9027375149264605,28.944404683294938,8.569852493981001,13.710016148925504,5.254707789875091,1.4774429339146355,46.60098803227148,3.8049159442493328,167.33333333333337,25.362222290039067,2.762222127278646,572255.0,100289.49020104678,1.8359156171953224,-4.803034700172553
71.4376911962,51.1583900119,15394,18.78243352161505,81.05027215340176,13.836622364092625,2.9346788255004363,1.8686535246831324,6.38459461107508,3.99909772166676,11.68308002160913,5.872460476053067,0.4246394022379032,353.6213800604473,2.292943382381265,114.75,25.84166641235352,3.714583377838135,765518.0,52167.638026800174,1.7551987812427683,0.0746233808133638
4.40350395063,51.1968495698,15536,24.71090723236653,75.97417183987895,8.436218905076966,4.786867803780513,1.2958723388598152,20.39439011973587,10.039425714692191,11.222420174183258,3.8154196432687977,1.1869230469502174,8.59442286336935,3.3429359055306342,205.0,23.70000024092825,3.4982456247430105,578250.0,60324.82825767402,1.36466966157559,0.2107629405393378
17.007319566,51.1008031395,15594,20.873972323380528,74.75506333559939,7.033279397254332,3.393195869172544,1.5275440351763183,13.2334060952403,1.27481235478635,12.23346588682404,4.518573553608525,0.7989219115999214,123.95154708021572,3.195945884939289,291.88888888888886,25.129629855685764,2.3407407463921444,425962.0,55607.198437888845,1.8734776457272344,-0.882435532161935
2.33914538472,51.0275440049,15691,19.65422810276106,80.37119526907985,6.510365674909738,2.7004837794269165,3.913240496083625,4.65522704069037,29.07074892460036,10.880064875127646,4.381604341735433,0.5599062393842011,1.9331779834240803,2.6962857724809592,171.0,22.062499809265137,5.320833358764649,128730.0,35650.8650508817,1.2644212121211886,2.717004585683368
3.7377947115,51.0621742094,15732,22.63993733786795,74.72119483056842,8.990106111802435,2.6912944651195674,1.085229154741436,12.40881432599098,1.7479237083350598,10.985771846923248,3.0519793374009456,0.981962885533186,8.02991862261259,3.121360012302448,207.27272727272728,23.063636224920103,3.4909090076793325,234024.0,49431.859313574685,1.5880289932887308,0.4226260173010683
13.7304608883,51.0546442932,15822,18.33596566338947,75.98708939488432,8.559927314304371,3.64692800021576,3.829225796164861,28.16652342534515,3.05995528577793,10.139521466041526,3.3864313585591286,2.070955625195193,163.26100504038675,4.032811762539508,215.0833333333333,25.319444783528645,2.655555623372396,380479.0,57392.26551531097,1.7311695210181597,-34.72385513158531
11.0312355606,50.9898219665,15846,20.95981979106705,76.61958642994874,8.292539149426526,2.2987856663835657,1.3112435403691136,12.31915330816849,3.63839767007064,10.57951528480397,3.562085744321478,1.2441298057949437,217.2854635645193,3.678230701235591,191.8,24.94666656494141,2.4800000305175782,133129.0,60573.51841447016,1.4031472359058057,-16.032594163452643
5.82374991459,50.9765851385,15896,21.39857556656937,75.18936887151527,11.74429933648928,2.6358588400471046,2.987964861463756,15.20739306050142,1.33415039853678,11.354340910288562,3.960418196252151,1.3483865828864114,62.67099918381869,3.004963454874032,164.66666666666666,23.894444274902344,3.0388888549804687,90882.0,52048.10746902577,1.85293260473577,-0.5072430748305337
3.15372830103,50.9373640516,16014,20.24553174234931,76.0645180932383,8.598159669835216,2.0071700932180785,2.6067814759136736,1.34114251254328,0.04962696489565,9.564838990958537,2.0931058575482,0.6958204501807258,22.193734871015952,2.705305300317827,212.0,22.65,3.633333282470703,71851.0,46810.97382082366,1.4709964726631597,-1.444464387615291
5.49714510531,50.9602010927,16029,18.700112616252472,67.37523759942509,6.162191080612332,3.267965457622985,1.099397019998999,64.12787903885805,1.27196829717659,11.511851143559538,4.099361928480609,2.1942276791014663,74.68877471538416,4.238093438107634,182.0,23.746666564941407,3.0533332519531253,47360.0,45177.31627956082,1.50989879822896,-7.263141084527788
6.97545397064,50.9759029021,16036,24.54512372158932,76.69124761609442,9.721249272717516,4.097090867065772,1.5326398284055485,42.547018208963735,4.17475988200862,12.266557098320105,4.167054955218323,2.1232950429831936,67.72422053169491,4.1160696848800375,159.6,25.71111134847005,2.617777791341146,716083.0,71513.82480941455,1.523159381898722,-14.426613185023283
-1.39594172845,50.9183203422,16061,20.442680579847387,76.63733286394688,10.974560371986357,2.2154629596247912,3.371636685740818,19.4569157702143,18.94447326840534,9.713978156845712,2.5952141560261017,1.4171310993969548,24.48458242282385,3.5619594926065634,171.6,22.41999969482422,4.666666687011719,207030.0,41816.984804134656,1.200808080808205,1.6154934009488393
6.53093670088,50.9083270208,16141,25.4845182215426,84.78364268227322,1.0990844515019087,1.973866107416256,2.4227591514016886,16.77536741536219,0.11583783105097,10.035136969372775,1.987580711533313,1.4562678489856886,105.20740235714656,7.814562979334558,151.0,24.82,2.7933334350585937,24147.135,44896.36652690428,2.9830536529680707,-99.36284914660769
34.7977608097,50.915434856,16157,15.29298750392682,77.66845858903787,0.729065651039821,2.1936050924558788,1.427987399325448,27.78010141776101,7.23909963451941,9.98930519359894,3.4176246263582994,1.5250262646792545,148.3265826918082,3.8396832706679977,163.66666666666666,25.694444783528645,2.6,214944.0,11802.40097420724,2.3511215161649943,-2.0238793655518634
-114.064346709,51.0367330433,16163,20.71401931764784,79.88589137872309,0.6155067429691742,4.801515154223672,1.328910701151032,18.0190810140547,2.3582298818685303,9.824161357143232,3.889264304211624,1.1144013668648174,1101.5773132141271,3.126600835531368,212.25,22.85694456100464,3.288888835906983,1144729.0,67844.99211865863,2.963289756482311,-9.66840292319489
5.98380798443,50.9041178822,16248,20.52027467490813,73.05967029154219,12.434563874760176,3.2770894320765027,1.60222843387251,26.24624787651617,0.71087376212711,10.30639982104013,2.246580840136987,1.7686262610757768,112.31658419845908,3.490303405904236,168.0,23.96111119588216,3.0444444274902343,142831.0,48632.50677373959,1.3027737428234296,5.301404946071799
-0.181256842005,50.8388494987,16362,21.94921292776064,76.68593007966338,11.805295767564497,2.2440432004839432,3.726996943204854,4.77749245708643,35.30921207017805,10.189051378176408,2.777431550381104,1.524004442143973,47.90322743147366,4.416257943851234,143.2,22.16,5.286666870117188,246013.0,46655.57648986028,0.2611307189541207,-6.343398040112
3.27153593401,50.8351486053,16395,19.97114308582053,73.56663285062966,9.033070017302665,2.295597649519352,1.9901403530005428,3.4507811126541297,1.3577765122787,9.646555378690842,2.0141492831385617,0.9699299395845572,21.45291114398397,3.103900464062268,195.0,23.16111145019532,3.411111094156901,97763.0,47766.71065740618,2.0096568627450324,-2.715421980603203
6.96027011953,50.8373352607,16408,23.22765530827094,72.45533151543736,8.214778082124132,2.723208972312345,1.620393238825888,20.660048857113843,8.25161475418108,12.43296646750736,4.675382762361754,1.402202227781598,63.79304590283225,3.581820884942297,166.75,25.28333396911621,2.549999923706055,81353.0,74756.76991629078,1.012986527944406,-4.350237867511787
12.9107805717,50.8265082093,16441,18.74331379974381,67.48823669539813,7.872790484184992,2.241962784440766,2.243689831489783,27.45748050659211,0.0051155063822248,10.574832527301098,4.016547815656324,1.9153215993198087,354.33312180776966,4.515366705056616,236.25,24.125,3.0916666412353515,157694.0,53096.66097632124,1.6801549085479903,-29.261615506357145
-1.06258720574,50.8393150771,16459,22.69107372328289,76.36892414651744,11.271045534886015,2.7985514845297006,1.7532195864709064,5.6685838367366,21.26444087897573,9.406352411694604,1.8471022802354884,1.200957341996433,28.99530605323691,2.9910082186319413,166.8,22.30666656494141,4.8666666259765625,239286.0,43423.3492640606,1.1244444444445207,-7.173949078940936
4.37830492906,50.8597951251,16489,27.35900214775318,78.6093509137854,11.345048729894064,3.623492213322504,2.083690217242782,23.56885960629303,0.23547964269993,12.862456367944745,4.918894693370269,1.6351023643946845,56.36797397848599,4.430433095001348,175.04347826086956,24.302898440153704,3.01304347826087,1360409.0,68471.69734322545,2.6390430839003898,-6.925566702027176
19.1157529305,50.8048814193,16541,18.20569103627134,72.55458578912682,6.546906252876562,2.102961658260524,1.5434520497036155,12.18927764949686,0.19583473129339,10.109387861885226,2.862764408481723,0.9124426575446226,266.990221958143,2.602375536414419,265.3333333333333,24.41111094156901,2.4222221883138024,142409.0,40463.27222296345,2.7511212121211805,-5.601125132885329
6.11184905428,50.773542579,16608,24.20349107777471,75.6302684124653,8.952433426919637,2.454404392369537,2.538534450130931,38.43947787800166,0.29606376691073,11.536364861515295,3.0515071226849733,2.15782863356758,216.09559736633744,4.277957506181719,183.25,23.591666793823244,3.0333333587646485,143688.0,52307.324752240966,3.6401942501942095,-20.91316449387972
-1.90766651557,50.7388318971,16682,18.92920058248062,72.7962657777973,11.18316494539806,2.922138077277837,4.911688849947818,16.376337757729388,30.34193967139684,9.25139713617271,1.781601663484774,1.070688785995576,16.06344752755601,3.4312328080669454,181.0,22.522222137451173,4.89999994913737,323228.0,44324.48797752669,1.2167813974905357,12.981880962265848
25.3448428473,50.7483569116,16707,17.13211061481298,74.9906830690232,0.9122938601681482,2.584183712664508,2.244617437199438,8.7491888818172,0.43356414125923,10.179957331573204,3.4546028175141745,0.7810511752003443,194.70234050205963,2.789374566670748,235.25,24.716666793823244,2.316666641235352,194623.0,13947.815381532506,1.6093452380952122,1.830334217727966
7.09682685292,50.7156143404,16852,21.41081340859629,76.17628400639595,11.48170761505074,2.875380596642303,2.803647171456168,31.96150023991208,13.308606132252148,11.537419420885673,3.1462415982783414,2.100891670703307,95.49571900642566,4.388304326759625,174.6,24.98666656494141,2.46,188047.0,82809.09387546731,1.5596282828282746,-18.903526029537005
17.9354146364,50.6700235897,16891,18.46954446064441,70.94556626546992,6.923431093155443,2.143891612894558,2.76242371738556,9.835716126338587,2.60687503465732,10.14312414830609,2.925613376317724,0.8990170337299607,158.82705806305222,3.034967320271179,308.25,25.108333587646484,2.3000000000000003,91079.0,50759.23782650227,1.4980538302277182,5.288016341424992
5.55914365088,50.6368642367,17091,22.37201495368761,71.14531811809117,9.783244558077508,3.362341260037433,2.383811266513587,36.67522124499257,0.24925036102334,12.049332204342065,4.300767139296615,2.666209523124759,164.82188542991614,5.498660933849416,199.0,24.172222264607747,3.041666692097982,312128.0,37046.01337271889,2.6006267526130387,-47.76939848779493
36.5689554542,50.6053563474,17200,19.15294143906094,78.27495431213836,0.5653691648716102,2.292881931080591,1.2994938401350251,16.41717152246731,0.87889877127366,11.954061252326891,5.336206735086037,1.7346285051036086,182.92782730982665,4.492343070935613,155.0,26.42857099260603,2.928571515764509,347347.0,26941.436609500022,1.974695995019712,-14.204273699943856
3.11934878346,50.6726636408,17211,21.76470718163642,78.89517816473737,11.194678375464944,3.699198945671725,1.6475399888904338,2.85301977676318,0.24900148282367,10.181491397514105,2.738347630141824,0.8854888847046816,30.10000495159216,3.3239403098015945,161.22727272727272,23.5712121443315,3.4727272033691405,773886.0,45863.18789072293,1.8967403579291044,2.9482994567438183
137.000733144,50.5540234513,17288,14.24250661023356,73.457318299305,0.4752538780926187,1.803911642062527,1.8332202887548776,47.82738806987819,15.77128136476186,10.245891062643436,3.178958281394968,1.240771404566564,39.22969850989201,3.312677130765965,359.0,23.01666641235352,2.15,140193.0,23743.70725357188,2.7254135802468227,-6.551319230601862
-104.60791652,50.4538199767,17664,15.10548211718169,80.9465576155939,0.789487227162884,2.409505194433188,2.084931145793232,1.47166421083025,0.49176685498792,7.454217860270172,2.2300232430061664,0.3334045701460873,579.5309599180138,1.7920412160243169,196.5,25.919444529215497,4.511111145019531,211183.0,63942.50582196491,1.916852284406218,0.183895567969671
2.86152475178,50.4287697414,17690,17.59561243485637,69.43502774081449,10.361585539921665,3.970271095328224,4.937855148049494,4.00408431623955,0.19159293106196,8.873487479725405,1.2283674784795715,0.950314927375593,47.300240074849285,3.1558977854659607,148.91666666666666,23.630555597941083,3.6083333587646487,186408.0,30059.149634135883,1.4608472813238222,-3.969163712012083
4.45729860055,50.4242943164,17719,22.22056841425883,69.75985792801197,8.184591116227091,3.659216689257401,2.2816628331365663,22.46217822158026,0.1505120277148399,10.766745800406609,3.4795702789510616,2.0385505478603854,151.96952141930504,4.547660078416056,167.22222222222223,24.129629516601565,3.062962883843316,206225.0,31868.07084979998,2.308254480286734,-17.63118007872518
80.2737792655,50.4201585618,17766,15.20011222894084,85.08320732982824,15.512744655561477,2.214094837227608,2.6734304517241103,21.49900977053788,11.94787880023472,7.587301405974738,1.80414393859963,0.9200855018355666,201.16856592520205,2.026529371909988,101.14285714285714,27.647619192940848,3.071428484235491,147945.0,30215.48426104294,1.0763390425999546,2.0216141220994075
-4.13016267284,50.3892245368,17795,21.61024308873894,70.02226639786214,11.017742471167413,2.6614885462798137,1.883204813355768,15.51834784235562,19.01253291051788,9.858202041629168,2.3983612368440053,2.3987753148081925,49.30523621026565,5.563509549434395,260.6666666666667,19.61111094156901,5.311111246744791,190948.0,31431.1398548296,2.1206645401382502,4.792784378711275
80.2077134431,50.3947524539,17816,12.14892417791039,86.64891058501513,10.40822890657488,2.186814899245606,2.6854717969514192,15.55310099326782,9.98605599721648,7.24374816285334,2.240841812972399,0.6703665870737691,198.1226090698929,2.020192359929699,99.75,27.75000076293945,3.1083333587646487,85608.0,38326.01138912251,0.7493833992094778,3.1227166536467905
30.4435517088,50.4416901157,17846,19.09998060080099,81.48916579744377,6.1416275557504045,3.12049043517866,1.6805235236436953,37.86988443700715,13.55371260582308,13.258810180998296,6.417570930791403,1.523687359905095,148.65478527100504,4.625565390607217,130.66666666666666,26.155555470784503,2.1569444656372068,1701356.0,42490.6503271508,3.97979822161426,8.689183489930628
30.6294545116,50.435688443,17848,16.80090663461581,84.18379935004168,6.765382625435821,2.5812458248140886,1.3106040154349765,37.93500218609374,22.304730018873688,14.843672508816738,8.287511592459795,1.3178039863173083,104.5768578220075,3.2175858939636166,124.92857142857144,26.426190185546883,2.1642857578822543,923142.0,40001.19348702581,3.059420454545318,-2.185249482628961
3.50765303067,50.3588174047,17915,20.04361235098543,71.28458094896878,7.973239332635334,2.635208340928643,1.6986832038429438,9.26157534420625,0.8756330486947499,9.66656181811256,1.9976778921246203,1.1028127515561463,43.91562627286293,3.2197643391199406,130.16666666666666,24.238888549804688,3.461111195882161,108260.0,36015.59732126362,1.2996472953214493,-3.698519302013459
18.686882871,50.2913791142,18106,19.88803884794128,70.50003546350804,6.816306033621937,2.5128470800763663,1.5659647722629095,24.25657639538249,0.07049581691511,10.227931016974807,3.62263913683228,1.2287695819398765,246.62609793344004,3.595965377314308,321.0,24.88888905843099,2.3222221883138023,129318.0,43021.2173170015,2.7194709581946768,-12.347186562406025
127.532681233,50.2841365669,18146,16.46197112174677,80.85602317956688,6.273415852301342,1.6705850039790646,1.409236758032209,10.90835653381385,33.35979801211773,9.26995683619394,3.3582620670597785,0.6762929934633265,136.58665623536234,2.6310578960254203,458.25,25.09166717529297,2.466666717529297,179460.0,32562.236749136293,2.6786707969585564,0.1607467709455647
57.1863887631,50.2960931996,18169,18.81031590839544,82.96187590900688,8.45421383745208,2.929513242915529,2.506103215023479,5.26596956211429,1.5568389470301198,8.179502814966696,3.040185097171397,0.575565214327127,219.54386311430832,2.02342950484808,56.39999999999999,29.81,2.95,426734.0,26241.229419263524,-0.6805308464848281,-2.9578132821686154
28.6728763962,50.2660177488,18198,16.977934886045528,77.37599421421402,0.8351221574516959,2.352997131194164,2.394486299488003,29.411560609902683,1.4956196463611702,9.36372467045885,3.212037491149349,1.445694839102195,219.8306112984965,3.5246819474420663,131.4,25.660000000000004,2.4,246948.0,17215.15633655668,2.536938975003519,-1.7960604432137188
19.0289496238,50.2890607178,18347,19.60908589776702,72.07199029498067,7.633423955730336,5.528777014832012,2.0148803661596264,43.16269862418864,2.09729270891654,10.459087303434048,4.306514123878505,1.7557684485334433,282.2990064224332,3.759932724151651,314.0,25.157575850053263,2.325757564197888,798775.0,39876.45397264559,2.2563073539827805,-2.461244649247419
8.67734500253,50.1207399933,18621,26.206403071292712,77.90945674957955,8.318794705467344,3.0056737427131304,2.251046665213921,45.559308276203296,0.82722187579281,12.809533322409736,5.968208933915393,1.6978796660693625,131.6925946160327,3.939869295129287,159.20000000000002,26.7066668701172,2.31666667175293,599560.0,106194.00941356992,2.7077318993663653,-21.123701317896533
8.23470649031,50.0685006757,18751,22.58899924388709,75.01108535125947,10.187083927775024,2.053161710846424,1.7533762004042222,34.50117214677319,5.7574986349688,10.335101877346974,3.338281491006285,2.2703859254685708,183.99318644830544,5.300906969108611,136.2,25.38666717529297,2.4066666259765626,203270.0,79618.48238303735,1.8515615279333093,-35.64839745352063
72.986927888,50.0550523675,18797,20.68009834730268,72.13173500489556,8.071461449897958,2.5849335167060263,3.245889602537872,1.77480267709141,20.088031726155407,9.1303913364546,4.816331352809264,0.6795300548912196,512.4894426536057,3.4233608423856,138.5,25.29166717529297,3.6666665649414063,175043.0,24623.29384779739,2.021035249285486,-1.6058998654461902
19.9598918767,50.0547452229,18837,19.45465365887171,73.57241301235493,7.338268906672765,2.9744788479667017,2.045227003703184,24.30348215036092,0.98228949752075,10.749572862803396,4.479696429671366,1.6989400664758412,239.89702173285144,3.722964968497024,242.78571428571428,25.945237840924943,2.007142846243722,562484.0,42450.06892996068,3.316212794936636,-19.628015988739776
21.999179861,50.0337283882,18840,17.6131493191066,73.68742467783557,8.525202290625334,2.1085101488148377,2.002560779616033,14.340754913474427,0.48656171014093,9.775935419854006,4.086542925284272,1.3193576717751274,222.876498077194,3.350448517525261,226.66666666666663,25.244444274902342,2.4222221883138024,156953.0,46234.38945416782,2.444397163120641,-8.70964817480538
14.4507159528,50.0718904856,18861,21.406790835216167,72.89458853349727,10.778188233538671,4.4107790499902935,2.209832856964983,14.95909256878596,0.6578485795424199,11.94235389754741,6.201102479759607,1.6083674867496047,293.5749778214437,5.5752733124239375,240.58823529411765,25.882352851418887,2.3411764526367187,996359.0,82451.45214726822,1.871365182436812,-30.978931980361835
82.6090735276,49.9722312211,19076,15.93986471722685,70.72451378575147,19.162391408812457,2.5400681759724706,2.663061302735042,21.44811812782811,16.13995619347213,8.369771211144883,2.5981538768542087,1.6530235687981176,316.92065041037665,3.713190020127713,124.0,26.940000610351564,2.5866666259765623,225846.0,19908.297317641216,1.827694444444376,-20.79687281811306
36.2714226607,49.9827552146,19105,17.35695393002413,79.41895847321034,7.274257599194108,3.144534781268644,2.2822591466710587,32.523660075691865,1.6567710435047198,10.68591884741302,3.76543505063387,1.4841263072673732,155.05984096249134,3.983753554651548,129.68181818181816,26.86363608620384,2.771212172074751,1309392.0,19403.26032158435,3.08582091197582,-14.790261665762811
-119.43967935,49.8889017842,19255,17.83679110788395,78.8370663804289,0.806811311234617,2.1401512886152148,2.6512986395171603,26.729772748159768,23.77360609374392,6.30034982836625,2.8342244081248054,1.4406037285746924,405.0964797370383,3.796414051528857,90.25,27.81666717529297,2.358333320617676,66132.0,53776.35250710698,1.8079850088184344,-20.59094063006171
24.0011199637,49.8286165961,19398,20.543407087808745,71.41729255659416,0.8788574165856404,3.0095421820500685,2.908315208958618,47.3644073120648,0.1337129926608,11.215344811552722,4.667688878413049,1.9360376324241064,323.3164443567738,4.382497405694048,293.75,24.04583320617676,2.1,570220.0,17015.772152853275,3.3838770226537385,-5.730877408815161
-97.1448664239,49.880506814,19432,15.22860534520274,80.88921829501345,0.9289422735095156,3.3603527065101173,2.1091427115287145,8.61577471543219,1.04469791369682,7.174903531768118,3.198852300200784,0.4837475645610521,234.56657983724733,2.4175263240818663,228.25806451612897,26.55913971931704,3.8397849593624,723324.0,53038.83835183133,1.6800902157389146,-0.760984582827291
18.2630491646,49.8201164996,19477,21.237294002773872,74.76156465849068,8.41638669329396,2.255894035629124,1.231461034589232,31.03714932147557,0.2521068255512,14.78289693781895,7.078702961753713,2.0138661356557392,238.10885624710744,4.648396898313017,327.2,25.513332824707035,2.466666687011719,160161.0,35187.01399217038,2.4205367231639343,-9.569637660607045
73.1028461139,49.7956679065,19482,19.44563144716934,74.86131837709056,14.570512985572998,2.2213404457297923,2.627630114067056,15.5250522493948,6.73676587246992,8.93787024344395,4.554441231874454,0.6022510379657071,542.1501415391361,2.819114000045502,130.25,25.883333587646487,3.691666564941406,271188.0,29492.699820788523,0.3460226323383608,-2.6873824920880907
9.93699165511,49.7929472406,19545,22.678104575317327,71.43423945869752,9.204024276256083,3.262200029052941,1.7526845066566208,24.48739115918267,0.12098842205626,8.889714786085472,2.592990976592485,2.6892509390777417,251.0467334581048,5.39262000155084,205.25,24.908333587646485,2.258333320617676,94486.0,61643.92812691828,1.0809979736575317,-34.8928787379308
-112.806958764,49.6979371463,19708,17.72179911670645,77.98856130777098,1.4369284327757428,1.7260717888695023,1.0774621345927755,13.763483523765268,0.71086734650448,6.7886961342045,1.961342118158183,1.9780152871912404,895.7426939017536,2.417979869408932,147.66666666666666,24.91111094156901,3.7666665649414064,57343.0,55071.670038191245,1.335736497544982,18.34663469111285
34.5330478186,49.5855453794,19957,17.03421211296722,74.62191715184836,1.423629597310183,2.735938090314477,2.0832952057055607,31.025840430121697,2.2763392601455603,9.675874773920873,3.5078448749237494,1.461288061750964,133.28722384115963,3.561661174753158,96.8,26.93333374023437,2.49333334350586,249140.0,24539.11514008188,1.8385692273827203,8.98224567898103
0.139977210368,49.496618399,20154,21.440005251971687,79.62474144789178,10.245476966607477,2.1247260778361463,2.220268457793236,9.52944080712145,47.93354741922582,12.283717082305897,4.0850849904954645,1.0667329994467722,29.14537685361547,4.18868175326851,145.8,23.193333129882816,4.9600000610351564,133340.0,40759.14436778164,2.438361391694737,8.38297631054363
26.9864391694,49.4241091785,20286,17.63255670785458,72.22765932329939,0.8189102502641369,2.487808549846266,2.6375427404018628,13.13228807539178,8.30089174492095,9.522968136681058,5.619756706127963,1.5343584513430084,308.7027354755731,4.392679685451219,179.0,24.766666793823244,2.408333320617676,210489.0,16594.332805989863,2.3614666205465937,-4.902931972062561
8.46424505737,49.4933935272,20293,25.57197670924045,76.56289359690763,9.71434709742009,3.731038943665199,2.0273040658007715,22.46788513196612,3.6633386393847904,11.681580010333912,5.083307806384682,1.1158821164730115,96.97257129616531,3.762532550596838,150.72727272727275,26.63636363636364,2.2454545731977986,399456.0,88024.55637166546,1.5963819735134166,0.1960126730858462
11.0601373756,49.4453200323,20337,24.85253115699909,78.49289354984546,9.300893886383369,3.0220263747429668,1.8959057591002424,50.26069129719398,0.23741309059256,10.4836642459284,4.307869522300148,1.909762793398218,325.89988194762174,4.247168422395909,249.3636363636364,25.23030284534801,2.163636405251243,492779.0,74428.46322590856,3.396318154084952,-10.812097782258718
32.066842307,49.4178588752,20343,16.91370770349976,78.73144486165212,0.4934418874621752,2.5048077064346588,2.076501199488313,3.8862165354771,27.887547350437792,9.565879462028157,3.321678452010871,0.5962569513807007,91.24459644465588,3.3395482005146886,102.6,26.37333251953125,2.233333282470704,254516.0,17612.66317638184,2.5345656490445663,10.371569979108315
1.08200064819,49.4245024708,20402,20.92370408665894,77.66427536750086,5.756373462846273,3.029912152385746,1.314978243970064,51.91925571692727,3.75405217208126,12.215882979830209,4.648444156386329,2.90074720225189,98.11023540750718,4.74680869946215,136.66666666666666,24.466666497124567,3.6111111450195312,228495.0,46503.462434626585,2.998313390313456,-46.69505876687707
-123.091217138,49.3270718093,20519,15.9843438405971,73.7099668709303,0.9197826676744524,2.4458181923369886,4.2862920478170965,38.86648237314808,36.58455345311028,7.653834561257306,3.68530724659138,3.035950320852031,120.6915584550872,6.000508199317826,219.2,20.76,2.679999938964844,116493.0,49492.5611839338,2.5687725935267167,-40.873978669988105
6.14167990146,49.3340347095,20526,21.20709469305488,73.74249575858512,7.06698387957913,2.3983577190154914,2.0155402377564875,39.43373140818504,5.075802054661279,10.17639914705293,3.125609190915348,2.32263614327314,193.8555352115372,3.4061712232970778,134.0,25.283333587646485,2.574999923706055,60856.0,36922.910033521766,2.876539215686247,-25.984289371909316
4.02905633869,49.2484511107,20799,22.86555280666405,78.16043860953413,10.363821976113242,2.1130846336286493,1.7885277993141582,2.59988598936526,0.02392919447663,9.69531279900327,2.711858712969628,0.8980522320308828,97.1857378822799,3.3827085723550776,82.0,26.25333312988281,3.459999938964844,124296.0,62129.59958486196,1.1084007844535222,-5.386095960837977
28.4804444292,49.2313441627,20890,17.756001781315987,75.61464278447345,0.6286047598740928,2.7075246568285145,2.4878884537308426,40.16216909103499,1.7578808008387898,8.757725384477435,4.050073686313942,1.797429898942438,277.07997719819406,4.134340880222742,126.0,25.529629516601567,2.2777777438693576,354915.0,20615.833379823333,3.111242278654977,-8.555831418303342
-123.989532422,49.1956569766,21020,14.377394328299308,71.51890847165343,0.8238388741632456,2.33715641085204,3.068864341481917,42.87239537449444,28.41834090594811,7.058165471356614,1.960020180535588,2.359384866564572,62.06771292609522,5.410085996229273,122.8,21.38666687011719,3.0533332519531253,62305.0,65019.77622983708,2.014995964487582,21.40540823362395
-0.357183977201,49.1799286573,21025,18.78022474428761,75.73325890389454,8.693893525569989,2.1499518701019475,2.168664806387308,2.1354414746566097,0.31024607102038,10.65088982092419,2.668168151355442,1.130058970940221,41.97997718168869,3.62348387607506,145.5,23.391666793823244,4.299999923706054,83894.0,54592.20468686674,1.7415384615385392,-7.102747163761016
16.6200305099,49.1951385939,21118,21.16929705061461,77.01237147351236,8.702491328429767,2.709038249472958,1.0191040811598129,15.67476839852856,0.0284629753456699,9.900096716511085,3.878777318017518,2.057215906828661,251.8719591224724,5.0948227559881225,296.3333333333333,25.666667005750867,2.855555521647135,273515.0,40112.45404456797,1.7750992685474216,-17.985945337842963
119.757804161,49.1992309191,21126,21.39315562626243,73.1276308502651,3.8713880265289617,2.8134138694229094,1.892380781955432,14.93275637120916,1.83731389473364,13.768541087780834,7.713184584671046,0.6828926980097014,624.977420513036,2.735583568497614,239.75,25.50416641235352,2.720833320617676,284489.0,8504.884037695661,-0.7607078651685164,-7.508705205749379
-122.963085375,49.2090163409,21149,16.79998599708332,79.37359959060926,1.1369245264378802,4.498785435043528,2.466075061984899,31.61677684944941,21.9386630463206,8.01271307266253,4.450659044637522,1.593287977255497,54.49114284644813,4.276413808344512,188.84210526315783,22.18304098028885,2.7403508664850613,1794362.0,51175.02370313236,4.401430378562278,-4.072413793526415
-122.679012634,49.1314016056,21208,16.92187619356895,75.5097882735026,1.1130195940001766,2.726328252743611,1.356823431921612,29.834331494779143,4.90754355807052,7.451106953926806,1.611205796729002,1.4955856642649166,17.46334468546417,3.886873497610944,194.2,22.59333312988281,2.633333312988281,129985.0,50276.16425741432,1.302544400144935,20.05270640564181
6.16566247464,49.1700820456,21269,21.91192627864806,73.58561893343393,7.778180038660478,3.650158913632799,1.5918845827987629,23.28225852107306,5.7756344321906194,9.656756680903571,2.865754711681912,1.775990365689076,191.38593857804105,3.6963601497431857,130.9,25.463333282470707,2.593333282470703,148372.0,37452.89932062653,2.1325344762237783,-14.20671139392897
33.4265401073,49.0946812307,21285,15.66116553956348,76.22227843690422,1.5206102000883888,2.0026299951421445,1.1073236097858183,11.56203997698002,18.21580837295534,8.230739028005242,2.803837417687719,0.995589322796398,73.36989047513978,4.023983423010249,97.4,27.31999938964844,2.4066666259765626,164189.0,17373.406013801166,2.4815425042703474,1.2704782227926898
-122.306229279,49.0478133976,21454,15.6344346167371,74.62600778372999,0.8879539302030657,2.229483060778584,2.035260458019894,27.12154067023132,0.42211159828675,7.170625920155469,1.9500638239737256,1.9227868683307496,57.05581560335859,4.894038527163397,175.2,23.28,2.726666687011719,96166.0,54586.095449535176,2.4783376222337097,1.9198043299329228
12.1043492959,49.0173220741,21485,21.07413298309136,70.49538464852073,9.033707272344566,2.257486847381642,1.8598573203846551,10.6273814408723,3.18357944042207,8.84166963774892,3.998317718505248,2.259998677279305,371.792521517975,4.819373676547294,233.0,24.78,1.866666687011719,118767.0,81464.05134422863,1.878487356321724,-22.14090939703317
33.6689504233,49.0431486385,21494,19.91647155435328,83.32797073174903,0.6492389270209449,1.856494702373471,1.023024746573949,7.01839284215162,23.06569306114115,9.40356409946818,4.351926025140439,0.7338217473058745,70.31353868625506,6.370357051552523,85.85714285714286,27.35238124302456,2.461904798235212,43130.0,14697.200347785756,2.7864104840414825,-4.228061811240551
2.08277685142,49.0338824798,21499,19.98546926130144,74.80563461208523,9.018758896227109,2.8835277884350976,1.873030517124199,18.36363851239559,3.7072885503262905,9.199773361896517,2.9649342804545986,1.7116451544562952,67.94544909969659,3.964761728365821,108.66666666666666,25.12222213745117,3.55000005086263,184096.0,37951.15828154875,0.825083333333346,-7.856774888068777
8.39316437896,49.0116839138,21547,23.48788889582749,73.39354653195022,10.175654737365289,2.9406517140895274,2.0671184654658985,47.80129170435142,2.32130360740755,9.83909858523701,3.502627918640308,1.804763781291232,123.29675101137389,3.797275621306586,181.16666666666663,26.272221883138027,2.261111094156901,214587.0,76941.55641767675,2.617943133696315,-5.909564157800048
24.7158874012,48.921891047,21740,20.52972643997087,74.85729037511965,0.8191445110522556,1.8657116777167475,1.570645457091432,7.75337609522899,1.3845988022762,12.416649204793726,6.311644491805168,0.9807705613270852,258.0978919035048,3.6942998497958497,265.0,25.5,1.7444444274902344,196859.0,17427.354705652266,2.2726499999999987,-2.046442359330058
37.589453075,48.8506601449,21918,17.1071082505688,73.99544428781685,0.6360247186524767,2.3560880614539124,2.281534717903411,19.70384641448826,2.74016019054444,9.11820616715563,2.947818314308766,1.2654420502716426,90.3185627492444,3.142389183966335,79.0,27.56,2.466666687011719,108518.0,5829.239057114947,0.8030434782609746,-10.377534666042934
44.7796348898,48.7957952216,22149,13.117757021128751,80.52082513348569,0.3395125723955399,2.276003845098347,2.182701492500512,2.9863078215895,11.194914705373051,8.966296149360074,4.605931847271955,0.64699021715271,14.113214606395593,2.917604039941663,21.0,30.640000610351564,3.633333435058594,219050.0,17329.101725633413,2.0102731751007354,9.781162724318191
9.20717021517,48.7986384471,22161,23.99264076112573,75.60069564467959,11.344561894305114,3.170212843452469,1.839828769910548,44.88775073663267,0.66853550579434,9.044567057393785,4.347256736495591,3.172674083364312,330.3273844356395,6.276909252516346,247.6,24.98666656494141,2.119999969482422,404557.0,101362.2391900276,1.6742716468591006,-52.21681536139789
2.00424121168,48.7750264794,22178,19.46468786239778,72.58500809009001,10.495179638345348,3.130205123151019,2.796307815114135,35.48804461748274,1.8764357582745,8.187536161452437,2.898882181810509,1.984145765478157,160.7733770223442,3.768291399024791,113.85714285714285,24.666666739327567,3.704761919294085,166593.0,47655.432227044366,1.333255712050228,4.7046641403579486
11.4168686089,48.7697164379,22217,23.35541805821912,72.8684316444409,9.725019010782818,2.3238718309433875,1.6350274845414603,6.22197918969106,2.15577767980303,7.983093737496547,4.5780941848089,1.0450580645721872,374.7955426116135,3.4778899994281187,300.5,24.31666641235352,2.2,93584.0,121138.42136074456,1.5090765432097442,0.0863810380575387
-122.477034201,48.7635884709,22251,15.80864121433874,72.5515167297194,11.293028830909684,2.5497618157022384,1.3121789980191385,43.18403216192706,22.76027498613592,6.843884058566629,1.6989616249659478,2.098037899725918,73.49336106130954,4.7701350632529405,116.33333333333331,22.522221883138023,2.766666666666667,93293.0,120411.83188449296,1.7230985915492738,-18.640687413855247
37.5709544507,48.7376628169,22334,17.70924928258188,71.67395014673392,0.7783542035461783,2.6623661058114654,1.2113826201957882,10.14769118063217,0.50308517279166,9.366022167549174,3.8934980769520817,1.4187586556752496,118.79364446153338,4.233071730391452,75.0,27.722221883138022,2.5,149956.0,6396.3387126890575,0.2244920634920575,-17.794943830499037
6.18250522374,48.6841968229,22502,22.33183107352808,78.13563288746465,10.49211595928505,2.001457184017615,1.2254940365918028,37.22838924258251,0.8057350783295201,10.0079212882578,3.5824136453371564,2.388432439025108,279.5549521484639,4.75149038016867,150.0,25.15833320617676,2.6499999237060545,159626.0,39578.05616879456,2.326905210295081,-44.32557303936201
44.5082684305,48.7471188179,22556,15.771058844830591,81.93391343320535,0.2008042006985595,3.1903552494890914,2.5604892387986204,4.525191728334399,27.755017173463948,9.25586981922631,4.944365316453283,1.1083061929847833,54.65088777491758,4.225355958162118,24.73333333333333,30.55777750651042,3.6022222290039068,567449.0,17887.379013796835,2.025680691764194,18.800435729054115
2.36243216609,48.8355756363,22819,24.49952613817461,84.10890089379656,10.495377080771476,6.45815728763688,1.375133064659667,34.53345951633347,0.74438245908973,10.7817072083525,4.843676474686699,1.6700380039880471,101.70801628010172,4.205656892841801,110.0183486238532,25.72201846061497,3.555045885558524,8596777.0,77245.98257870376,2.572806840191557,-34.43893397141673
7.74828124056,48.5805162671,22938,22.98190746649136,76.4069599649433,9.021749765909997,3.061781105688016,1.3053166235350526,21.239257404832827,6.8127140360879705,9.67944989097652,3.95442696168818,1.1785306835889238,143.43949227064974,3.408684425904765,185.22222222222223,26.79629584418403,2.3740740627712675,277043.0,56580.93337857301,2.3738411990586314,-0.816161302663204
39.3184225734,48.5614016912,22971,17.36254953498296,81.26521820353773,0.7773631644736752,2.061388144375452,2.0074319733651,28.48539408164843,0.22840813459364,8.281661374436972,3.753262476880777,1.1386720784380422,109.62979521325612,3.559566722837992,91.1,28.313333435058595,2.533333282470703,259078.0,5402.048421710837,0.4395435897434367,-26.058532907059657
32.2504416266,48.510071326,23074,17.67224983906076,78.60021720251474,0.5454342843140285,2.243188612336468,1.9577669094216736,15.529355886808949,2.30273857110479,7.597500709404692,3.158336843472356,1.1548949415628815,153.7537173427885,3.900280317758324,91.14285714285714,27.623809378487728,2.361904798235212,192965.0,21611.33796802529,1.2783381772114808,-9.99573050723356
35.054222347,48.5092703375,23078,16.42327854410409,84.05194284786303,6.728135541568037,2.202974924619996,3.5660490530827547,9.03909444478845,36.07522676159629,9.939017775416756,3.6457213886799553,0.6425398743566167,57.0297831599968,2.83670431835477,74.42857142857143,28.1952379499163,2.6952380807059155,304450.0,14918.79510921333,3.905954545454677,6.499708674783093
44.595365088,48.5009635386,23084,14.97997798765289,81.12637723094286,0.2746820193614611,2.573269693134673,3.802309870878549,6.970528554308681,10.19141280249508,8.806589164695408,3.988096907951674,1.065981678994311,30.636043087392373,2.8898599357147057,20.0,30.872222391764325,3.6111111450195312,145512.0,10745.824811699376,2.045872913992298,-14.002894414145924
34.6209004838,48.5072628251,23114,16.27995788426477,72.59885389879494,4.174061328407356,2.9922842420686675,3.1694969846530574,18.66700913708813,30.91307413490723,8.568008442217051,4.08298857776194,1.3280576827889894,93.01086317641123,4.363378171846937,76.4,27.94,2.746666748046875,162731.0,15588.563531226382,2.9003338171262385,15.027746132427763
38.7984913613,48.4621604036,23196,20.47029277183469,76.0451065744773,0.5388233294985273,2.047601245773589,1.6980914513341885,26.80731291062617,0.55921382864409,7.400442482800326,4.211224473383833,1.7396068822446311,214.7147080309041,4.161459965257346,102.75,27.475,2.508333320617676,68744.0,5541.224528686139,0.4465186829448839,27.52204412005358
-123.364140776,48.4529638145,23228,15.814582687435392,73.5394406851008,1.0162141114427994,1.99002624620844,1.4406789728553684,30.21032186158408,50.27645736703078,7.011664759489816,2.7183626007678776,1.629034052153408,26.00049488346848,4.467670212769077,66.875,21.233333587646484,3.2375000381469725,216804.0,35529.012735004886,3.2458078529657577,4.506289936274129
-122.326844759,48.4401028767,23313,14.28205279044532,70.79284175488773,8.43801081120385,2.1661851207262406,1.4656428860677984,21.21200133607901,4.08782526192037,6.4139584257843,1.452307938692534,1.4312084313451665,29.04563530760593,3.235499620928725,131.0,23.06666687011719,2.78,46404.0,102415.52357555385,1.198817455679034,-1.825538874567904
-4.48378491048,48.4016858325,23359,20.80694895593173,77.28045742931444,7.871499261102977,2.053446729664341,2.241910003591751,6.035899193263631,24.03560982855856,10.947969525269029,4.339153045208877,1.4454158133547688,46.56201601413881,5.144691228698125,252.0,21.022221883138023,5.464682719538764,58914.0,67596.90608344365,2.175002267573745,15.633860167267684
34.9985908909,48.4398891788,23375,17.85932860331328,77.01046483612612,7.194922331290988,2.4881802019285786,1.93931987163476,20.330403929033288,30.59229073780148,10.497825666644706,5.038004095757725,1.2964180533148448,93.14632128645606,5.099268274063864,74.33333333333334,28.1,2.744444427490234,508422.0,27873.84368497036,3.107788507788541,23.45523658532207
135.096483892,48.46480059,23378,14.80549396122205,74.92223181601494,0.2937675874163216,3.0516371997330096,1.7859534120443763,20.12659079439953,30.76198000091378,8.353851319042583,3.985446214197852,1.024741195489288,60.12973661885349,4.10714383697472,435.8571428571428,23.604761832101005,2.2047618974958145,489162.0,23571.52758595314,2.241241025640932,11.605497148317006
-89.2550754109,48.4127626933,23409,13.17635051183813,78.3074221773675,0.9555485597677016,2.5400991244576816,1.8027034479107664,46.63317973324215,25.55964453669165,6.713211975794994,3.183107775934984,1.476831351413264,213.45105680055016,2.829101781633097,296.5,23.775000190734865,3.250000038146972,89935.0,33972.77210207372,3.311995977878439,-7.151006291175975
10.888662549,48.3726976804,23582,21.20626039202627,74.79265390075744,9.69392286770827,2.9343323395030607,1.1663928283372749,23.00101743041422,1.20457772095223,9.660797438121945,3.22291077350388,1.2775052713457962,484.544917190301,3.4416350800958377,369.1666666666667,23.494444529215496,2.4555555725097657,269523.0,52235.06624295513,2.099390343698758,-2.1267318047464414
38.0347607944,48.3118543041,23624,16.170484381595248,74.25334660308766,0.5941553536343022,2.140747843006806,1.8246721498055096,36.82965373916621,0.82375350806142,6.54488112239898,2.61420344789415,1.723928339706266,238.08706342671564,4.441466853561193,78.5,27.583332824707032,2.6,54595.0,22557.92017584028,0.1207662835249152,-2.608315011816245
4.06443486624,48.2945341603,23678,18.85733093060491,77.00079082118063,7.374724191503407,1.9921997054617635,2.159088894290188,12.15534101871744,0.0591225356489399,7.521184231576719,2.491957414067769,1.2224633919888428,112.83987415922526,2.8231241458468173,120.5,26.20833358764649,2.8083333587646484,56746.0,60195.94707997042,1.9047777777776675,-0.1132042205065744
25.9405740072,48.275558934,23766,18.062046013895312,73.71056600293933,1.3152444233824223,2.0760335862151087,2.0945350890201566,22.66408761230306,0.55448403239024,8.395652203561207,3.716557477836613,2.0169560123913284,255.99755339057435,5.026650774337133,231.3333333333333,25.922221883138025,2.033333282470703,138764.0,13480.290233778216,2.3678941625751087,-13.480955146839849
14.2914035392,48.2761503156,23816,21.29872569010452,75.48556773917163,9.913698034850396,3.0017026420440795,1.4982205473546495,29.048150140908007,5.7202711995208695,9.910799376905176,5.28436527848136,2.8058657723442075,299.40519246007483,4.576747153043994,351.2,26.0466668701172,1.5066666564941409,182578.0,78195.57392456921,2.7894830659536183,-29.21129971135582
16.4456672226,48.2507378945,23925,19.45728073538538,75.05040831600351,9.148176205044027,2.814735986360937,2.668266560059876,8.5384533033,7.95048575178641,9.182324347318602,4.667243698106788,1.2701257579357303,167.01375985079224,3.1529180523605924,269.3333333333333,26.98333333333333,2.7,343563.0,54940.56887383099,1.3731346222698484,-4.94612232136663
17.1522490448,48.1600963964,24222,20.58475950673066,77.42150227604341,7.506530697375986,2.8844812785083467,1.7315120569544866,33.83421102330978,4.048314660637129,10.712022710502165,5.015855270332868,2.2229040475746418,182.16039748886465,4.967319421120989,292.7142857142857,27.299999564034604,2.8047618756975443,214207.0,72798.16832783239,2.9202071241607506,-29.379610878865638
33.5204825701,48.1398786634,24258,21.09996757337025,80.21571027217969,0.2374829651103225,2.1651551824843533,1.1374297298236675,18.62657538008394,0.35500903957317,6.090597391845589,2.4956090447682984,1.1318219708746595,108.47743202779884,9.149401597625442,87.5,28.06666717529297,2.633333435058594,24147.135,2135.028034702804,1.085555555555629,-0.815323305720483
-1.6692811662,48.1109924085,24292,19.2772366824081,74.53442188764541,9.581522773609436,2.072041550312678,1.8741836581163505,6.35755588977529,0.6073521960353,10.311370370827175,3.640004007747181,1.1648625359474682,41.45665484142302,3.665038843639464,189.0,23.775,3.5,162843.0,61963.60108816469,1.446993464052298,-0.9284508939621644
11.5482321392,48.141348464,24333,21.7848754486185,73.540431834897,10.929385495737394,4.338040524682661,2.4947378402956364,40.957682470675536,0.3518710813879,11.78844103875545,4.655009980656851,1.614092151202145,534.3099532175715,3.976839965310813,418.6666666666666,23.92888885498047,2.3133333231608075,1185129.0,118186.66750876904,2.5683162393164523,-5.004386005397805
16.3510586731,48.1679852738,24450,24.29187169523512,82.0341522547887,10.927732101599869,2.83711949831265,1.4317894833541094,28.30116040392484,3.90059320474089,10.423014335861058,5.135887051101342,2.191355738623203,229.40931159697263,4.823101275076118,276.73913043478257,26.59999960194463,2.6739130832837983,1436130.0,64398.087155062574,2.741562100893983,-25.39420490952793
-122.16323508,48.0861079626,24464,14.35045169190074,68.39907029643176,9.517398880844212,2.2984447188210417,1.7697136050842368,42.62375224867527,3.08670756275339,6.347472885344978,1.3100062199333429,1.630520397649439,41.04736932035247,3.789715054556447,141.25,23.02499961853028,3.066666641235352,53543.0,91679.62383504852,1.239112724339634,-10.724029571859042
37.841427191,48.0126736003,24737,16.70976402162405,73.93050674602914,0.5824844028976208,4.201310925357665,2.522961837109591,29.04429031723723,1.47371066008304,6.680538068379351,3.238194762466109,1.4225338888604515,202.3040568003211,4.263085397637475,87.71428571428571,27.579365321568083,2.604761919294085,561026.0,13729.69790883131,0.2552751428335682,-0.0534570860704661
0.193761616144,47.991745458,24746,22.1145139899731,78.7397778062051,10.738655178133136,1.982720878932798,1.1588519550190386,17.34458277088848,0.6882865330566199,10.75064338074486,2.970814560182058,1.6886647984051602,72.57939047903564,3.746666664791335,112.85714285714286,25.60952366420201,3.576190403529576,103512.0,44568.90054293222,2.1755555555555475,-9.204212946605937
-97.062878379,47.9100604162,24913,14.192424109456589,76.32665997716339,10.475484312907897,1.5079288928789842,1.259967555817033,9.23306717676476,1.97958420561294,6.248499033907627,2.466731460308322,0.727926614665422,253.1014135993193,2.882124201460289,261.4,27.94666687011719,3.906666687011719,54101.0,89343.42357812238,1.7129447094154102,2.036551377634112
106.875437922,47.9265546927,24945,15.742165503238988,83.9153216606089,0.2626820879509139,2.8986032235376102,2.961447891635036,43.96810489157929,0.20698002004433,10.748812284341463,5.494952430729438,3.2862589470065005,1410.541898254294,4.529776885411401,185.8823529411765,22.73921580595129,2.643137314740349,989835.0,19479.94639813708,2.0890587190585315,-78.93638377160073
1.90817138268,47.9014148656,25053,19.51194313423606,77.91866554524903,8.918812332536406,2.647099349778664,1.4425533781189517,24.59026573467446,2.1746101292451097,8.203067450702717,3.5314362352647777,1.305501484980267,110.13868595430412,3.068203953505033,86.6,25.739999999999995,3.406666687011719,141758.0,58116.14758955405,1.437798016595707,-0.8578819651175422
35.0395121049,47.8651361291,25126,13.547553291532,76.00832648283809,0.736307390297039,2.667306558757172,1.0424075907800057,14.61606561146668,10.632238531406893,9.009049618527367,4.1347515772313,1.4723353949582847,71.2827019877704,4.020762828937608,94.0,28.28888854980469,2.6444444783528644,121667.0,7578.081073750483,1.0704193548388048,-2.7756262934004496
33.3834312034,47.896743938,25210,16.99167338307489,76.34444881126907,0.3676163897639098,3.651752262295445,2.0583445717902102,13.750079960689671,4.4087947274339605,7.429620543221363,3.899392049889456,0.8430597559754275,92.44817880297572,5.904393033860428,96.78571428571428,28.08333369663784,2.632142944335937,472123.0,17241.370975360252,-0.0005185815812183,-13.66006506401662
35.1869861629,47.843778194,25281,16.466563752264342,78.41343196198414,0.3933794356470887,2.5039483933530104,1.412646367447778,14.2258658810383,25.3410485134623,9.509260759690775,4.085865730601452,0.953793229016912,59.831455471181904,4.0764357501033945,97.1818181818182,27.984848299893464,2.58484843860973,620163.0,15871.722585836298,2.8418709933094988,8.878338722262605
7.33983474811,47.7628247798,25408,19.73839145687861,75.31641647624183,9.2845076847778,2.8275455349779586,1.294719084523966,31.45491968323217,0.8326765016449901,6.731121537158851,2.486098741634504,1.415082689731434,253.39062449446013,3.236120091998115,196.75,26.30833282470704,2.1,146049.0,43851.36137186835,2.407084415584503,-9.725264268608925
-116.795081193,47.7171139549,25530,15.14050071849749,68.44150621553054,11.524523877901386,2.103750602661744,1.0560880324589208,53.53653451025786,14.06666327439157,9.271691532777936,1.6198447837184191,2.631377446624388,696.7923438386467,2.5473590420525816,57.0,27.88333282470704,2.791666641235352,58158.0,40952.781423020046,2.6967251461987303,-14.015735912792366
17.6561872838,47.6822758426,25590,20.83694502821641,74.72486343270135,7.162939800712243,2.039822880337977,1.479461914308024,12.11918901055863,1.94849973681098,9.092537592918546,3.351799991089088,0.8133261136362812,116.37069081865728,2.985748265696498,266.8,27.786666870117188,2.6,85316.0,39350.62948333257,1.7241062801931548,0.0583323216118003
40.2096027219,47.7041348479,25604,16.051899006847982,78.1390736377464,0.1350629448161897,2.294986216420886,1.5316820699212483,21.66315288399713,0.94756383298879,6.899097753791134,2.1883681925008966,1.24256677907353,97.33315330005708,3.3625348766159675,81.83333333333333,29.338889058431,2.7,146718.0,20387.995862811647,0.9113132183907736,-2.1451272361149165
-117.338535639,47.6760497832,25741,15.86378770420502,76.18628354685484,10.892689950131452,3.197314009557964,2.166742038794365,62.63325034807086,0.64664622734127,9.004038907115651,1.7554158152704988,2.7749830091406995,651.8151898175959,3.383616825174504,41.33333333333334,28.579364740280887,2.9952381243024555,342549.0,40339.08619204846,2.023507572349388,-32.514054190678735
34.377627608,47.5788198657,25886,15.075544461996827,80.57156529783882,0.4486831351055447,1.9432877176197685,3.524277746290564,2.55010888081217,56.58740783537292,7.85608355307317,2.6366473236574293,0.3552220382079946,25.834509586232944,3.0531031071478134,101.33333333333331,28.877778116861982,2.6222222900390624,113870.0,14569.554017739532,3.407176470588184,22.246557011750173
-122.646812988,47.5885976821,25891,16.0166730364895,68.25924440572803,13.20545319231764,3.044903915535211,1.1132129006472864,29.22418660185835,40.61615027414171,5.844474122629111,2.081738970761527,1.88630616382981,35.750285064756035,6.419316760547803,92.25,22.78333320617676,3.208333282470704,57574.0,58453.224927918855,0.7784010315924057,25.74524563967573
-52.754500805,47.5582147589,26029,13.73142110554069,65.92936194284262,1.0025093405971448,2.9543889630818363,2.115109015712473,76.64207722838245,3.3119765324653097,7.043752881298317,2.931681908647251,2.204848603589172,153.85591796499267,4.146604068821701,406.8,20.14,5.22,113895.0,44110.13088370871,2.568825475599624,-49.717752856568026
21.6315817608,47.5288136483,26042,19.124469638906568,80.45962511748394,10.614239828401782,1.8350464687657333,1.9399894456262607,17.99382596140104,0.03272005215248,6.452307797862456,2.680968232943144,0.8899098465270253,119.32028373221902,2.5396690510860207,292.6666666666667,27.222222900390623,2.055555572509766,153118.0,29860.353916587213,2.687509485094779,0.7484354985018342
-111.283366498,47.5082330148,26089,15.41618580039708,78.54683951793582,11.29332588042482,2.090551088605541,2.5406125832103967,15.75611820798946,2.76645065494595,9.91040733395488,2.0019361900091,1.253577915641303,1043.7676007590114,2.553752722091908,138.4,27.31333312988281,3.8466666259765625,54095.0,52936.27606987706,-0.3882783882783656,-5.090550085584027
7.59793010098,47.5521138438,26151,22.70692787074332,73.76264125096542,11.337911983787132,3.831824732273892,1.5492572543876273,34.06493679292391,1.8095903703677,8.731633353900243,4.249666366692943,2.8346876764537305,325.9211218044935,4.37809085522404,226.22222222222223,25.95925920274523,1.8851852247450085,356124.0,50991.46512731518,2.1829705760462765,-46.344501758791694
6.82098440468,47.5003319569,26199,19.19504499007079,70.62325238931884,9.721691117845715,2.1570714413127723,1.2543805211667582,42.14764710575204,0.8082354147909201,7.950050621147615,3.5579121742543167,2.6609381636664864,369.7987318801864,4.617644367244775,194.66666666666663,25.57777811686197,1.955555521647136,54199.0,39051.79483016292,2.7233289415898447,-33.419165222992945
-0.533873763993,47.4661062508,26244,19.87023000454829,77.75738444124418,10.67945348931692,2.159589152136237,1.5549428268118823,8.28251336400533,4.8206620831429,10.626508901035717,4.05548053490102,1.375942374349462,29.19561566149238,3.195289595550347,135.83333333333331,25.655555725097656,3.555555470784505,99177.0,52220.072698307056,2.214093043107201,7.211364406402215
-120.304628637,47.425806829,26350,14.47344130828943,75.57619638031112,10.491096469929229,2.508293386333357,1.903527909776413,38.68678508590251,14.26518417048433,5.7571757684729015,1.1598801750457222,3.537680743654455,313.9803067494199,4.320453347481863,14.666666666666666,29.16666666666667,4.022222290039062,62894.0,58628.84744172735,-0.0123002421307205,-55.53607937055682
18.9087881346,47.3926814529,26434,15.559058910406028,76.77947118049431,12.53949804826761,2.1369610306135365,1.901285225714895,12.15114152865576,0.10439196837504,6.229587535658822,1.1598801750457222,1.350220397512573,157.0194594586948,3.336456376418238,240.5,28.08333435058594,2.4,75854.0,28047.70412898464,0.8792848699763489,-2.953708992211091
19.1004592144,47.4789300515,26492,20.76825276782606,81.36491698061918,10.668088656096918,3.893838597646049,1.302279808444213,19.270473110344,4.720731566224281,9.1342794425856,4.556758217882755,1.5461278230277502,150.64799282685956,4.078071485331972,243.63333333333333,27.84111094156901,2.302222234090169,1539867.0,61002.25705531713,2.2171739064811504,-24.71325924774729
8.53452361989,47.3996059666,26515,21.784152461219666,76.80382193346496,11.539242666912298,3.277950088897293,1.898124381261322,42.43561973549348,5.53487432869183,12.01950702806334,4.499100569317289,3.1237287927955792,487.307549169,5.462982031138225,389.25,24.358333587646484,1.849999961853028,465000.0,120973.00488172044,2.76868613443628,-50.92173273153139
0.697752647216,47.3813646664,26530,19.98466049989498,77.51406323545704,12.10779387443219,2.918784005168499,1.3647957204773886,16.46247799151367,3.02664784129041,9.689410758724732,3.06366280412874,1.559996501665235,77.52522089016314,3.352564259822254,101.0,25.72916641235352,3.641666755676269,128644.0,52343.09298529272,2.0468813131313404,-3.2486329455259835
123.969354585,47.332127865,26732,19.37469211338025,74.33249663055359,2.351642017369054,2.3492803661743733,1.709547297590294,2.21989224963695,7.617953562795821,9.35934090089078,5.891706403868687,0.6911900539103591,146.661019850535,2.9316896078286674,313.00000000000006,26.628571864536827,3.0952380807059154,837334.0,6586.122104202143,3.2187445175438825,1.6508729525689605
5.03694835756,47.3175755972,26750,20.86851502561666,83.90132828217463,11.077718859636413,1.83331802846896,1.2080797169369644,12.23233949613073,0.55465399301874,7.157545394056674,2.83817211133333,1.341334927520322,273.3259390394154,3.3643622181590294,149.66666666666666,26.094444783528644,2.7055555725097657,119072.0,69303.09364922064,1.131802614379012,-16.34204296607919
39.7103190059,47.2526649358,26997,20.38603232669701,80.44497208439064,0.2554674323218057,2.9872596152199824,2.3946386964330406,13.57999483212509,7.82878468356326,10.237147876663345,5.339539548416211,0.7759784439740619,43.98588171067373,3.694606845438479,110.41176470588236,29.79411782657399,2.7078431252872246,953432.0,17282.25713212898,2.807393291063022,18.48326701006586
38.8876527628,47.2326690429,27011,18.93152933619223,81.74304491058551,0.1257413251290588,2.482120989806425,1.3611350081798324,2.1106474772537203,39.01140834741288,8.286427542494437,3.2456123578242897,0.4326370658890592,22.9432882263637,2.9357705961860785,119.5,29.64166717529297,3.4374999237060546,241278.0,12988.28226775752,0.7198542805099919,10.367313774282316
130.275003555,47.301649969,27013,17.691121273413952,80.2380206580256,1.7514947657169129,2.422408094543762,2.155816469583152,13.808329080098968,0.13129963882906,7.550144415744604,3.8134268394835136,1.4594040103612715,170.51516070544218,4.404961220255251,439.3333333333333,25.529629686143664,2.7407407633463543,548601.0,6402.208492146388,2.5634943408258515,-5.720426034165797
-1.54858392485,47.2132985659,27119,20.02886419115935,76.98134007290834,11.238066106750672,3.2863749585643527,1.5888324408645569,15.639945058913373,4.47017951352588,8.723118262422787,3.461248654466212,1.3043719984080446,21.606626717504884,3.202464212623781,154.5,24.75666641235352,3.396666717529297,276615.0,61268.43606095116,2.162489403099244,3.758611947424889
27.5733793209,47.1517526132,27273,20.32675552620846,76.9499487312832,5.923542456953989,2.610695412364083,1.9067202495438669,17.19990721845467,1.35887611366652,8.980068053431717,3.807940774469972,2.0393287290456064,88.37784359862374,4.349993603991031,143.25,28.64166717529297,2.45,281157.0,33597.49869290111,1.569296412399865,-21.25398055707164
39.7353017679,47.1269139879,27325,20.053682598878108,80.77358869785866,0.3404829825731361,2.58495487670779,1.717864859147357,3.49849213342782,5.6585167994086,8.270750674299173,3.342718081957293,0.5208095676177075,10.87653640228499,1.8537003804083607,104.2,30.02,2.7,109818.0,14856.655393469196,2.0409197740113427,-2.5702502363516047
-122.294236068,47.4891871683,27329,17.23188391574073,74.48382506147664,11.506915383239246,7.722208300615403,2.2738007920588656,36.11033886598945,46.00731656270507,6.09337070932325,2.7882228791752453,1.73819917197296,62.44169278231196,5.139071736203939,94.02877697841728,23.29016798280126,3.094964006821885,2948651.0,75221.44630273283,3.418536624637344,25.2957140223822
2.39940012388,47.0893877551,27363,18.64092734131368,70.1193042910629,7.266313772066928,2.630893169463073,1.6543183998093447,4.05955394233417,1.07389813659258,6.458448480467923,1.936907798765723,1.068016688741324,142.9007731713745,3.121297350421975,92.0,26.45555521647136,3.033333435058594,32192.0,51948.6229498012,1.061236864771672,0.1612313668537979
51.9135220699,47.1109630819,27403,3.73708240339152,80.61073490427309,14.48329005151096,2.2155900776365844,2.137642151903248,60.79900277689043,2.32731052637539,3.0664041355021223,1.4062399367388745,0.3722892760807587,0.4668134244053913,1.6035957446027589,33.54545454545454,33.55151505903765,3.9030303122780543,272557.0,80132.76028867358,-1.4352380394223587,0.9134674278064844
37.5739145925,47.1208237148,27429,16.18536779413845,81.47905525328146,0.6703152265806893,2.8186561204594405,1.069145597523846,5.40289923545793,23.16069019252303,8.411071725080253,4.212076428178147,0.7031462325561524,42.93258035747522,3.8785415734547137,81.64285714285715,28.65714285714286,3.5357142203194765,454103.0,6157.087645313949,0.6563692810457269,0.6369913535260494
21.9278760854,47.0557074415,27442,21.40575068847673,79.62848779912908,7.912470342269747,1.76104203983925,1.5527309241391496,2.5291926163312097,0.07994118156706,7.241450339572455,2.596638351677312,1.2158365178985826,150.02759126204356,2.982058819639975,248.66666666666663,27.422222900390626,1.9333333333333336,148674.0,36304.161985283245,2.2095481670928656,-18.396338288935965
-122.874652521,47.0260565276,27547,16.88444247766877,68.47204826917975,11.01721217276508,3.35962449750621,2.325396794428377,57.70312122779792,7.961191584755991,5.543018739939459,1.5415787907866516,2.517027827611692,58.576798176032,4.680333491213802,81.66666666666666,24.12777760823568,3.238888854980469,112760.0,120170.03046293014,1.8797101449275184,-1.5298279636023224
15.4350821941,47.0482942344,27554,20.17651310575454,75.02352801997824,9.38623753798391,2.0612455042116182,1.0065407527688026,50.61093938162045,1.65587783518281,8.592976237134893,3.533685869893385,3.718902833244335,409.6465333095896,3.6724225395434407,486.1428571428572,25.899999782017304,1.790476205008371,238611.0,71213.55481096846,3.487725490196283,-53.5487293035842
28.8463758023,47.0180861812,27609,19.79267374299416,80.71096490179566,0.5068033058418221,3.0106708284362527,1.6412972681430404,14.51702343353698,0.65098247199452,10.721983614574787,5.708885844090334,1.976131721126288,132.69229764590457,5.139838734038142,102.5,28.243334045410155,2.363333312988281,465296.0,15618.530915804136,0.7932801182557228,-33.048777753155534
32.0236790855,46.9654990455,27771,15.98294794896255,82.52681877732464,0.5013993389834214,2.8617954457532586,1.0386028333639947,2.22234495795274,38.95720331965083,7.819122617620376,3.46060082380352,0.544596300291719,20.860626437467047,3.572552868667447,98.55555555555554,28.770370483398445,3.325926005045573,339125.0,17320.602182086248,-1.385442577030858,11.284881166101094
142.731490791,46.9467989187,27843,18.47244726642193,79.36795367021101,0.4528492759717548,2.030681895416018,1.637027219033112,53.519247552615326,0.17496438374039,9.711644105240271,3.871494864811668,1.8996162526170168,74.05442442394212,2.607831562294524,320.0,19.047910521874066,3.3000000000000003,173618.0,99287.67168150768,2.780797619047465,-32.280749640818755
-114.02251736,46.8673541607,27952,14.83806847423931,78.09818481640207,12.256715879955085,1.8974802103724664,1.1839893579711454,26.91115549019013,0.95386698950363,9.446012834876688,2.015005191285328,3.4463241161336167,1046.2565306554795,3.028769749520928,98.33333333333331,28.36666666666667,2.8000000000000003,69990.0,41410.72147449635,0.7419677871147314,-69.22849094787875
29.6298728052,46.8474062772,27997,17.7226902476473,78.98366241275615,0.7690325152071588,2.161207889465337,1.8184898108751064,5.5505664697476,2.27174478956185,8.783979552202041,3.0116496373167325,0.8339100998584748,38.59572774277613,3.3829933542007704,82.0,27.86666717529297,2.2750000381469726,101266.0,13180.199464775937,-0.0595588235293575,-2.108237379508502
35.3632291939,46.8496872935,28027,14.73179071437882,80.85040068618466,0.5658899582867893,1.9162891868246144,1.052711262492353,2.73827813944766,0.000777600429184,7.672968214771343,2.324846299281218,0.5392369679503607,27.249952617219083,2.3969444464359646,114.66666666666669,27.75555623372396,2.511111094156901,135735.0,10792.140295428591,0.4779356725148318,6.22334137162763
-96.8257563874,46.856947621,28059,16.12856405744587,78.61128455156214,9.767181592985668,2.7021196481995498,2.032768108789201,8.73836055709018,1.48449976125249,6.260686547267402,2.346187308026361,0.604382127733098,274.7158363179093,2.319827041692747,314.66666666666663,28.70833333333333,3.9749999237060543,200555.0,62950.61425544117,2.24240048840079,0.6737090271560078
-100.773382871,46.8200678423,28115,15.21024195859656,73.60917537716665,9.352295540344526,2.120077885179533,1.0973175085241773,10.94368368303315,2.44449959935869,8.482070082565677,1.842146519578201,1.0149660951087032,524.9138522938262,2.9843402130831835,161.2,29.60000061035156,4.3,72527.0,61443.22027658666,0.7252026143792136,8.857925009752876
130.358494034,46.8037234948,28133,20.14590498328634,77.98892742904455,6.370228760750515,2.796308319816555,3.04760140155581,4.2359431500151095,12.96293035485053,10.560586399203816,5.441493448808615,0.6115951135139552,84.39798803449357,2.9982633208186025,385.75,25.94583282470704,2.916666717529297,514886.0,11104.643554107128,2.2476166666666586,0.8829415559719251
-71.2853302698,46.8336373937,28199,16.31977354497042,77.96288324935226,1.0931568074295004,3.4604325553919977,1.9434286143782369,49.603566587800216,30.17175839439652,8.342509517556353,3.168710982709088,1.4819839492801732,111.07903878535566,3.486874655881386,396.8421052631579,25.278947448730467,2.829824588173314,491599.0,37979.931810276255,5.706195758729924,-41.73530828410058
23.5976408064,46.7736666563,28210,21.23981293973645,77.56335697950406,8.719423802231562,1.802166290348684,2.1928270216133705,18.30927372315243,0.05361923920125,9.687880460282434,4.053193538594032,2.4108439239562607,413.1949142104347,4.537379606993813,294.0,26.01666717529297,1.2666666412353516,217148.0,60255.11029344042,2.3786547868622883,-48.790795016976176
-92.1022244551,46.7897315537,28252,15.40301340865955,72.90561485507232,12.947651886861877,2.8283354874229163,4.696537545885055,40.05242863220203,36.49381818274037,6.797404266371126,2.9754927153657733,1.6799279251367731,257.0410841134424,5.460903586095295,273.5,23.841666793823244,2.283333320617676,63883.0,47792.606765493176,0.9306940371457132,-8.487798908522251
32.6115567087,46.6619704729,28586,16.66012385344282,82.52239160823326,0.7869075618483274,2.448147269934028,2.4865309232193287,2.53943303102718,20.41355047014666,7.462897072110172,3.23799324954603,0.538794848101089,22.66395836065732,3.0526155906794403,102.0,28.88333333333334,2.9166666666666665,262079.0,11535.156639791818,0.3503616352199969,10.590344621491129
124.875591889,46.638176821,28640,19.06139611766219,72.9234938791085,2.647444354773741,2.294986854204476,1.5201207635830718,1.54603376190392,10.0175481343602,10.770510726800843,7.079375063609438,0.6126946986305705,146.18726685415095,2.941654740109736,334.0,27.211110432942707,3.2,209067.0,9272.882740939507,1.4242007168460304,2.626044218125088
0.347023099974,46.5823343439,28706,19.58224101336182,73.47236137797731,11.573863004495228,1.752228047884125,1.453462917459296,15.08520833955927,0.0,8.390198345554946,2.7938784408631787,1.666615408055048,111.88386033242216,4.34183408796812,114.0,25.65,3.2333334350585936,41167.0,76021.47336458814,1.2670568561873097,-1.362432439219276
125.014046514,46.5945158464,28726,15.168152959051028,73.07126196968102,2.291545494661124,1.7716551441517376,1.2917978914509507,2.31283998567457,8.60739734495729,6.979467415243843,2.196622923037608,0.5763173268412239,147.77964388302155,1.8010707212127748,350.6,27.166666259765623,3.173333251953125,175733.0,3261.121530958897,1.3579735449735075,2.560047237240525
-120.535799934,46.5925711065,28730,17.49557645803399,80.89840945797245,11.20001738358436,2.006751308972678,2.281819072932646,39.75443927435625,1.03958211852287,5.969929355436557,1.43626970943884,2.563414860269724,370.54514874463,2.786285107712193,15.428571428571429,30.72380937848773,4.180952453613282,103935.0,45197.268860345386,0.4173107078852922,-27.44236901264497
6.61208173145,46.5312879964,28821,20.62849243098228,72.7074608555435,10.22385533492621,2.456683954002092,3.042635083729513,16.59370797354747,25.148222536574465,12.157162096362969,4.1682189790918,2.174518498736985,509.3864572759821,7.019949091313605,337.25,25.600000381469727,1.7250000381469728,165628.0,83526.06896176975,3.119124579124559,-21.4368778839401
-84.3292024072,46.5250525706,28836,15.11362486324506,78.60831266655407,0.972349717511496,2.176639415415311,2.6640905527366883,38.94407672840022,36.21173088089602,6.410049526225484,2.2538429447955703,1.2791891556701114,197.5278897056652,3.1640272623568366,252.25,24.94166641235352,2.7833333587646485,55774.0,34743.96742209632,4.224902122966682,4.06581120423968
125.118366999,46.5609127372,28895,20.481923687962432,75.22082756835549,3.6153510452909,2.987543845251385,1.0718675318470317,1.12128042318411,20.11270037038347,12.226518987688724,8.667058063452963,0.4565466722539659,145.29310751635862,2.500799088824032,357.625,27.16249961853028,3.191666641235352,217840.0,16989.70702809402,1.7739652939652046,1.7662129525490684
124.860352936,46.5419598653,28933,18.79288722734307,74.52669340378823,1.3431256662252693,2.7416219360105183,1.1828062802180197,1.4044538086155,7.560800143794701,10.154962751203696,7.27726471392002,0.738415913478301,146.4426631951465,2.540886803576864,333.5,27.216665649414065,3.2,85722.0,9994.77085228996,1.5010161186331177,1.9371171327863976
-81.0222894098,46.4788328003,28981,15.8758940535844,68.84135906227405,0.8767752119116954,2.638917896311497,1.4177682874858877,43.55112685855339,24.32917468544431,5.725914120339946,2.785774236360754,1.713470660120241,282.67330459752856,4.580638107705902,260.0,25.96666666666667,3.2,42573.0,38180.58840109929,0.7829333333333466,-8.034585369742274
30.7002991328,46.4652748937,29257,18.715010788790128,81.78681154675527,0.792529591328373,3.084968909008302,1.5109815066598922,1.13921220555632,45.24314749976658,9.813777615022564,4.9674955696437655,0.4544970892761982,22.84057284956068,3.4515394638018777,63.53333333333333,27.122221883138025,3.291111083984376,866678.0,17354.096042590216,0.5784623655912924,17.377433375601008
-72.5669192559,46.3549775805,29310,14.76743278158236,77.00877702015242,0.5492073554208607,2.231718785282055,1.6906878105239818,33.400681177322014,44.97405855104107,7.222128275049732,2.178830523372219,0.9711279231951156,25.19937081794676,3.108192858433992,378.1666666666667,25.600000254313148,2.8444444783528646,102455.0,37010.86751256652,3.954629016553099,5.339906576715976
47.9776468987,46.3717835623,29380,4.89501301624385,77.66005634528146,0.4314702458762719,2.5175365140099952,2.0596280766584307,16.15803233173276,38.7381491900601,3.0664041355021223,1.7545437433929287,0.505004450045049,0.4668134244053913,2.058123081666182,26.166666666666664,32.63333333333333,3.75,103661.0,28764.89734808656,2.3787407407407386,2.759025923574022
48.060801015,46.3393022705,29477,5.293605264989161,79.53151400781894,0.3597482042520102,2.673289326266843,1.9651162155345407,10.73685070212116,16.49957667239812,3.0664041355021223,3.3705318333331307,0.5178068413853718,0.4668134244053913,2.1987089315968547,25.3,32.5233334350586,3.7866666259765625,387887.0,24523.247126096,0.5244370860927461,2.2829331825460883
-119.138958872,46.2543068214,29523,16.14460597482509,73.09461138992755,10.298692492574204,2.672115367537485,2.851205751368214,22.83229878400661,19.866088127275468,6.15158013065327,1.2195594165465664,0.6828357744692477,125.11750057251712,2.0406246024165493,12.333333333333334,31.51666717529297,3.65,68287.0,49633.59427123759,1.5930423280423227,3.0655205691442404
20.1510612954,46.2538136287,29600,20.48156872634578,69.39743403830941,9.590680069711908,2.7284485005471706,1.411797488916433,13.91123440113938,3.46136289029568,7.000847080507453,2.663602283441333,0.927224816492882,80.62429649574446,2.843562849768384,302.5,27.572222391764328,2.4944444529215497,110377.0,33691.93237721626,0.972157575757592,1.2568431444780117
-119.23141575,46.2336036828,29686,16.45458324660228,77.8407742483941,9.278938748083048,3.2310078044011705,2.7597528526092425,35.072939925968434,14.14875379408487,5.9244712785013744,1.1608746511459531,1.661821313115753,161.4961781659428,3.122923049760023,12.461538461538462,31.3897435114934,3.715384662334736,140784.0,52387.84470536429,0.7362737127371588,-7.969974151019102
6.12102053318,46.2036821559,29694,21.8379987067117,77.55144602163423,10.05993174724535,2.0103484238623297,1.2790381763643084,17.60092060982676,10.11772918330854,15.123559126803654,6.732938551629935,1.6519967658000994,417.28093011108746,5.07441307227959,190.5,25.86666717529297,2.0833333587646483,276189.0,88056.03677192068,1.6686855482934106,-5.134918131003758
21.3138971173,46.1810217551,29774,20.45176907192455,77.98306617513863,8.321772526661352,2.4313161718574854,1.6813335985862834,2.73481924991417,2.44144635791386,6.606435715196297,2.173815653864036,0.6452262859829951,109.5036633610591,2.380727257720187,311.5,27.98333435058593,2.2666667175292967,97850.0,49787.41543178335,2.060131752305665,1.1430077754453407
-1.14794035333,46.1606921586,29786,20.971310491623548,77.49618614673817,10.59477963489523,2.728755980686629,2.633382756159793,0.76875871252618,17.87728020068982,7.806528833571565,2.3755683036506863,0.5448616304470415,11.528996343460271,2.470256641862685,115.5,24.450000000000003,4.433333282470703,43640.0,58585.730293308894,0.6879262187088067,0.1818697659405845
-122.941932592,46.1380245895,29856,16.52089657358654,71.07336164028905,9.55411959854206,2.3482263120907327,2.0936518006796367,44.67957560130159,22.38054719975987,6.362176615736867,2.2882255280946247,2.849715206685699,44.50987678600753,3.506910845897642,106.5,24.825000000000003,2.8749999237060546,53225.0,53603.95750117425,2.5772839506174137,-33.53916038365417
-64.7875824643,46.1023147907,29942,13.62316106331796,73.76788794178971,1.1132638289350745,2.4791864115588207,3.2495998128443286,50.73122589748119,3.09448809464016,6.96867493419938,2.176223550064786,1.54108003736425,29.30289161919304,3.3507736135583195,198.3333333333333,25.47777811686198,3.0555556233723955,62088.0,47683.48664798352,1.8580527383367096,1.0841720124397582
14.5077918385,46.0577890996,30068,23.19302268437224,77.49788533309385,9.69899781803209,2.2676937258235847,2.4740956698379994,27.84876855946832,0.30663137864236,8.307858843386015,4.132943466660539,2.053833955983812,306.52642526622543,3.860939692565024,433.2,26.62,1.560000030517578,189478.0,43951.98809360455,2.616616276140121,-7.629629322243431
13.2291897508,46.0684150049,30091,22.12552383990341,73.59368517695695,6.188122818427205,2.157949357475838,1.4773099667704297,2.76329711997183,0.0,8.126044743592862,2.714104966486097,0.8354193108319247,110.25851081788387,2.912915048803058,652.5,28.516665649414065,1.4,86655.0,42531.76709941724,1.0747401908802203,2.388899522155782
6.11225436471,45.9121130276,30463,19.81507235436865,72.04606977239206,7.26613788931006,2.3498892462244667,1.484394860069181,37.10990940600175,7.74819282864037,12.787963014235473,4.834434498460011,3.821248002993401,533.1907433613414,4.936337716315309,204.3333333333333,25.966665649414065,2.155555572509765,85113.0,47424.51894540199,3.023181504485933,-54.97018901048176
-72.503639069,45.8765532349,30583,16.04885750738887,74.70127307839246,0.5689013613184873,1.708806107016578,2.0228074522700066,47.188435722550544,8.79127340915311,6.875799810573223,2.088725823671382,1.0492652732833667,89.0263981002283,2.3717195492307206,348.3333333333333,26.044444783528647,2.3222221883138023,52279.0,42177.95613917635,2.8389813023857187,-2.052443129750245
15.9832915783,45.8068186711,30984,23.59720302824695,74.48216903859057,11.529648139424577,3.444419321618992,3.495472968407378,26.154274028741497,2.99063819992885,9.011094900982584,3.959086292847444,1.7495728681078018,141.22649548009878,3.853783134950631,428.4,27.21333312988281,1.9233333435058595,589968.0,44516.05680308084,2.745000308928013,-14.04459102241212
130.957166643,45.7869389007,31033,20.23404450453124,73.22723950537757,1.2115702318432051,3.0994862995572507,3.838849536092944,15.15896469665373,2.3515994435738303,8.457375084200214,3.8433934251908553,1.6448469409439035,203.4924560821269,3.4314657189775595,480.57142857142856,25.23809531075614,2.8000000000000003,292457.0,11055.885641307954,2.195857620640254,-11.807245878239854
-108.526861231,45.7873198165,31036,15.21042718506693,77.47535070631383,9.75019641898567,2.658083315693877,2.894619819496911,18.2082319811541,1.67408519099202,10.524164059313415,1.946968179852054,1.8028416178595807,1014.1592882683308,2.908539234932752,119.3,29.34666625976562,3.410000030517579,115664.0,70807.05900712406,0.8716521739129348,-35.020376486853024
3.10701919679,45.7854025022,31039,22.98350839360162,81.75697138712088,8.537356858289392,2.301271528701401,1.0771534896067363,33.33721927818103,0.0891462458541599,8.458244623361631,3.3327710174989726,2.8830544240848544,437.85714616896087,4.306894698121559,180.14285714285714,26.042857360839847,2.571428593226841,90127.0,83144.94126066551,2.5401509365339017,-58.14792680459857
-73.4632917213,45.7499262193,31172,17.02687750998913,81.8183707255611,12.578541089863885,1.953007529929839,2.928546715809514,11.51700847865019,33.64485954919362,7.272548358940544,1.5968612739411916,0.6766618153766563,10.764499877611064,2.5793300504443506,290.0,26.4,2.949999923706055,93072.0,49157.826199071664,1.6698314465409112,3.631253523679885
21.2315721895,45.7485682047,31270,20.84063952668738,78.07299607690115,9.061759864121454,2.448926599339432,1.4068360494475385,10.12894209833089,0.16747604209411,7.350578504382957,2.779318578827269,0.7166477007919919,91.27213902018262,2.6878106944448903,287.0,28.26666717529297,2.2833333587646485,266330.0,54343.244200803536,1.154833921222803,0.220019232108072
-73.6392226628,45.7220021735,31286,17.092271825335352,77.40525547123947,10.864226935663153,2.383260586954904,1.930709485246212,28.64310607097153,1.05427629372674,6.717130754004423,1.6769399373490104,1.4483348973598211,34.7601840124692,3.118719655298271,288.0,26.3,2.7444443766276043,71573.0,38666.8747991561,2.0916217320262227,1.7027782419202424
4.87563201822,45.7380840822,31504,22.78622206919971,80.42687623284158,6.306775844302782,3.8036664712594974,1.6141911429916798,16.80184999858648,2.4783859629284097,8.673849691342332,3.8322516953513865,1.622173207488646,233.90380037168703,4.245894297969873,161.3809523809524,28.212698073614213,2.804761904761904,1030800.0,62845.93595653865,1.7883389355741883,-27.92558887740438
25.6135490176,45.6547718753,31601,20.97527019916157,76.69796504115735,6.682967831451891,1.988255493770714,1.6885121325118646,31.64039741191625,0.07178015960289,11.847902264563794,4.527848487205744,3.2986546054132897,616.1689620264505,4.262434285027704,227.66666666666663,25.11111145019532,1.677777811686198,263546.0,32005.27281005973,3.693673012318072,-40.67433502180302
8.79917787101,45.6665761204,31638,22.58756625038008,77.14448986588646,4.174609135417976,2.2296880307830618,1.659534835971411,41.336751753246695,0.0,6.784317416390588,2.03111889232168,1.9451564753070325,265.7521270071546,3.915286006622012,400.6666666666667,28.03333333333333,1.2777777608235676,111091.0,40236.70794213754,1.5758736842105918,-8.713930240748596
9.6546275885,45.6880923643,31640,25.03062995705256,70.91737590401908,3.3016985676293933,4.358546528863201,1.9941611518066915,16.0793292494976,0.06670188120905,7.627289358904353,2.508992916768076,2.550533585353969,258.8825660786636,3.6807380622775208,410.9,28.510000000000005,1.3566666564941403,298456.0,45542.35642439756,1.964740299023504,-14.028505065386582
-73.8467853193,45.6595519859,31669,16.93141908623462,77.11656262402974,11.089311143548915,2.958152202568241,2.3384149736414908,41.26130584289126,9.25190047393022,6.502578691148889,1.8289345693758927,1.7399473880803065,55.70280005680344,3.3362824812584764,293.6666666666667,26.294444274902347,2.655555521647135,151214.0,41513.514991998105,2.6058358936544472,-1.1094733594583277
-122.589158651,45.6567178145,31744,18.07268513031407,75.98143708591249,10.7167434754086,2.4677564942469203,2.550472870365363,26.04205929649649,23.762249359190672,5.521538780966359,1.631016666524022,1.4877940920298087,40.1762048844666,3.7717111498781226,94.04761904761904,26.301587132045206,3.09999998546782,325065.0,57305.204737514025,4.697565875820601,31.80331343474316
122.834073648,45.6123252105,31824,23.5033557173338,79.79505992735166,2.4010199734285607,1.70227344582032,1.342179117863413,0.74001137101197,0.47170580273809,9.83298798267812,6.392939712048262,0.5210528611481,153.22877105190676,2.3383681382206745,284.3333333333333,28.222222900390623,3.022222188313802,190266.0,8221.89510474809,2.413643816500901,1.044227916660759
126.648296429,45.7064295268,31870,31.695406983511138,78.58198724044017,4.655320052251929,3.9816336987865606,1.8371772323432087,2.54689505528618,6.66159721456719,12.994973442366016,7.241205992251414,0.8505701636380383,153.69927625564296,3.390193260992292,387.1764705882354,27.30490184110754,3.0598038617302383,3761463.0,10514.859151346154,3.3507803578496542,-6.097982253519945
-94.1890444869,45.5684166809,31993,16.51982181094482,73.4359409333486,10.228657123704435,2.179687954767468,1.7133910180859973,37.411367818512495,2.13895976461026,6.64527718554405,1.955966793595784,1.439053708668687,323.46993584680195,3.696082479707704,268.3333333333333,28.649999491373705,3.066666666666667,89129.0,44375.13755343377,2.4092847987695905,-2.0288050046690387
-73.9110899567,45.5575096452,32028,16.45947632205968,79.6173623020524,10.113450793060828,1.9468442008515685,1.8270122202118424,21.861937545829573,25.25794562116691,6.376321234339786,1.401400373575904,1.2054990492734916,34.48836824659301,3.1570063457621496,296.0,26.32222188313802,2.9111111450195315,74612.0,42029.44890902268,1.886279985678584,-0.9938633284859222
10.2082160961,45.5389562205,32162,25.97353789931025,72.98739265501439,6.6470140189680125,2.8604314681660803,1.1687407760999775,21.68938245686915,1.40670368319561,9.361550724350522,4.024466368255439,3.112170359647886,180.10200049933783,3.706851538968891,383.5,28.55,1.5166666412353516,207864.0,44873.5419889928,2.39950793367791,-35.579775627556046
-75.5030314682,45.4630738377,32407,18.36084963789171,75.91826061444853,9.05986130130796,1.95953461507988,1.7156185988067965,24.24039788570251,20.59352560260631,6.364492419928458,1.3901502099313643,1.0522288891312956,68.70851861783757,2.8580080797936613,237.0,25.974999237060548,2.2166666412353515,106028.0,44439.00453653751,2.870745614035002,11.445831587090083
12.2384401273,45.4723741763,32427,21.9410337213138,77.3917249252178,6.719107121821595,1.9227975181180608,1.1783276756542145,1.6123693887533,12.16400945799025,11.275262894152169,4.486153055211944,0.600172790974461,2.3749330798682173,2.8624222177747054,284.75,28.99166717529297,1.9583332824707032,149745.0,32877.9824501653,2.3503407407407657,1.568196196195648
-73.6820546463,45.5349892643,32481,19.81270129518293,86.50928176324165,10.45376969398674,3.769706186643735,1.7773113998446144,17.40697262441792,50.085841531469214,7.837007639131071,4.0321143219917,0.8878513374995097,20.76748222440559,3.472615257497594,297.83673469387764,27.134013646962696,2.931292469258212,2358682.0,45291.72541656737,5.706195758729924,16.442876289282424
4.39981993086,45.448693313,32516,21.37816517271376,77.69224489554263,9.826381212364844,2.373152478496841,1.33329861832087,39.52197226148403,0.0,11.42852025986898,4.155680835429011,4.845513280630087,590.27333738404,7.22391062494369,164.75,26.71666641235352,3.016666641235352,149818.0,38868.615353295325,2.8104356217260147,-54.46686673052102
28.0135929646,45.4390636232,32535,21.010648850605328,80.26748381205839,4.819240118774956,2.3470587819645448,1.7515209636422795,3.03494890008791,25.161392971341428,9.082665068824973,4.282669882343689,1.024347589693007,25.07281308938929,3.88059370898871,101.6,29.460000610351564,2.566666564941406,244091.0,27302.78032782856,2.004100725565479,18.43024277393231
9.1372774623,45.5574349065,32597,26.85860639067776,77.05429924803346,6.030917659534167,6.618113267127191,1.622220878139006,14.2278504550904,0.76239665225616,9.458746742229115,4.612973755395678,1.3569429957203156,182.2209701925437,3.7805288942290143,401.529411764706,28.492156802906702,1.2679738482306986,2984069.0,60668.929775082266,2.862981799500912,-11.699880109946292
10.9862295701,45.4274712086,32635,24.58403705700474,76.42032980141192,10.981169909463553,2.2409344815818817,1.3198538251905756,3.45220278189296,1.06453807558126,10.599893806929304,3.769265912172065,1.3729885580663614,67.82687789417822,3.9889477015006216,392.5,29.575000000000003,1.375,179781.0,49898.252106729866,1.656217283950582,-3.078871982479953
-71.9290261485,45.3962477144,32734,16.09526482693575,73.35503802614693,0.939141782233833,2.7858481753589484,2.8234885248442105,73.62865123684242,0.81764829778614,6.882713844158031,2.291087949719385,2.133770785277645,237.32314051023727,4.391939581330217,321.3333333333333,25.77777786254883,2.122222188313802,103008.0,36502.298821450735,2.651771428571358,-13.626200639426967
-73.4762561145,45.4823913248,32784,17.90586778978393,81.86888290470945,10.808399828865396,3.1724651190228688,1.835056537666784,20.25696522579938,27.33060784904982,7.209780858926375,2.4429758903750525,0.8119664648926377,20.727575249213,2.70272486457352,295.7222222222222,27.022222561306418,2.9518519083658856,480252.0,53118.45112774123,3.046622062103207,3.070463193368539
11.8977884535,45.4059820112,32803,23.982333251128072,73.6476202344195,9.829521604103844,3.247860460383986,1.5011136532796718,1.33428648344461,0.3651208022465499,9.325455541226884,2.6856703280743752,0.7199114924752978,11.801662053991436,2.951649871607002,333.7,29.993333129882814,1.3266666717529298,242691.0,42744.55763501736,1.4964134841050625,1.4426986693138346
-75.6940732876,45.4080908881,32867,17.75153194694204,79.58711479713172,11.135205712829077,3.296319283207452,1.3249028954997126,37.97075156862415,17.812419469968297,6.918553060818826,4.466638229073479,1.5808069071458517,80.89565453151245,3.492789161465594,242.5,26.28333333333333,2.2981481509738497,607529.0,42859.08916940592,3.718270735524129,-5.704071876301711
36.4845667842,45.3594133109,32887,16.03241708029963,70.63215857461208,0.9340755224467342,2.7582035299081307,2.672558344020398,2.04115536954447,32.46234153289455,8.319262836538789,3.2125732936826696,0.726096256834718,26.84607418379984,3.3407571371280715,62.333333333333336,27.96666666666667,3.666666666666667,98353.0,5746.879678301627,-0.8276444444444451,-3.210179073236354
-122.681691076,45.4866245905,32897,19.23071683268474,78.23508941959886,11.757249252422298,4.567717433576727,2.210508737674692,45.3302016732294,8.005301101899311,5.987702187986733,2.6503712755987623,2.7215870491990524,98.33382000286036,4.344555962318586,81.63076923076925,26.58769240159256,3.115384634164664,1519289.0,65097.24781262816,4.303303590586893,-26.903138548370165
-73.2714384297,45.3199180137,33075,17.08757241001546,78.02956963580733,1.0819374303810478,2.208066240731477,1.1751896281574237,11.3481731588463,8.77669703579301,6.54321747580175,1.818836627397292,0.7380797852672808,37.88575747275017,2.6555490794141567,330.3333333333333,27.0,2.3888889058431,67688.0,40708.12861954852,1.5598089492206668,-0.4066760635084492
130.964321477,45.3105501335,33131,23.48800892291619,75.8517465176796,2.091465773110689,2.552776947572689,1.8056508725721871,7.6903886898409395,1.01342343031116,9.441567905317449,5.566274603846818,1.7924148129810824,224.20268766113648,3.954474735417408,453.0,25.74444478352865,2.7666665649414064,382747.0,8299.41234026655,2.385639381153396,-13.839026324918848
-75.908908363,45.2961661782,33204,18.36876619660989,71.04451569697076,8.633432609626341,2.7949533754784595,1.2616905117344257,35.65088591224198,0.2871253835176,6.427247337034053,2.489808089412198,1.3120799224061768,104.71356061888892,2.9784198033368345,247.8,26.04,2.433333282470703,88999.0,47955.70946864573,2.3700097465886643,1.4092665915129174
-75.7320794558,45.2717704588,33206,19.24104959823543,75.15055994585398,9.839435797593763,2.1856825756230065,1.9823813485627924,18.64053076619931,1.93132075222953,6.422188628686441,1.6955548172298422,1.0890430738594608,94.38655023265308,2.5250584436783923,236.5,25.91666717529297,2.35,77129.0,46330.715061779614,1.7596779388084087,0.3877503098011772
19.8188767933,45.2619422505,33249,21.11920005531344,78.27707843475063,9.31035591363067,1.988803983125635,1.7112588460759468,6.59219051913755,13.59476253045633,9.358018400133988,4.96582316194498,0.8946397599183206,78.80875264328265,3.020181274404047,202.75,28.733333587646484,2.3166666793823243,195367.0,34517.68351359236,2.577980657640243,1.2371271858240078
38.1272973,45.2556833196,33335,18.8531829772043,80.3264108687322,0.4634359039384798,1.7007941875660164,1.018536010750366,5.30703475724784,0.5874577443315,7.785659843024374,2.188173398207369,0.3887824510909696,6.338887729370969,1.6740672425186616,103.0,28.11111145019532,2.488888905843099,60479.0,24543.51388085121,0.6906374298826563,1.468648775237373
5.71900605697,45.1821856073,33670,21.73966248458531,78.91787428655299,8.458074104130853,2.448837066376896,1.0048655943647682,59.07427554667485,1.70403352806998,10.7002071132733,5.426444470898958,7.062879173217643,382.0840739711715,4.150159106809446,195.1428571428572,27.73333391462053,2.538095223563058,248595.0,51368.44067257991,3.712345679012344,-155.85360384679757
42.0131078974,45.1334559432,33714,17.538244505499907,70.49420472077789,0.2641928201702502,1.8671037908758263,3.0028822856640183,12.58941288244954,0.12148445167952,8.9327907970297,2.5192496702481395,0.9615521604483388,448.5711823489319,2.3755654910529755,99.0,29.833332824707032,2.583333282470704,32359.0,22310.388423622484,1.0362962962963138,-0.1993527394531042
124.813867879,45.1163070235,33809,23.80105541335801,79.10235216233336,1.6629493029554692,1.9849763309521884,1.966533198805293,1.04549706906234,7.36107897520408,10.443564131639429,5.7634536378055605,0.6629312514524099,133.98633125134566,2.619148815486681,259.6,27.620000610351568,3.059999938964844,355501.0,6498.786692583142,3.2458192567568744,1.993888045949092
41.9885959727,45.0464927197,34017,19.75994116409224,71.44680787365823,0.4064270624721847,2.090391336198995,1.7279853694388765,42.27678161827676,0.08909843565224,11.39706591052829,4.622728907414692,2.393276679759619,485.9340512442764,4.713760581061695,100.33333333333331,29.85555623372396,2.533333282470703,241555.0,7191.724849413178,1.9023456790123987,23.25453141613997
78.3613134346,45.012799206,34122,17.23930264021036,75.61456388849854,14.383611125508196,1.945344433995677,1.5940756931127935,16.90279693645373,0.29395164711988,8.656344227571022,3.149823817694116,0.7587588279007125,591.0402152936011,1.938266126899764,38.66666666666666,29.8,2.466666717529297,88452.0,29570.298421742868,0.0834948155703045,2.851264275318385
7.64884752794,45.0682090775,34136,28.89475374589946,80.09008543361165,5.169129032753804,3.730996922264519,1.8468497718957035,13.73460016235212,0.8419996029277701,10.771026300100834,5.145904461661482,1.7689652737717083,273.0069441099142,3.9480296456683086,209.6153846153846,28.843590134840746,1.2102564004751353,1147869.0,42492.04754723756,3.1453218440884143,-20.1224105073708
39.0116792938,45.0562644081,34148,22.03730765623273,81.50331473860523,0.2431328533911827,3.4915846730833846,1.8086296405135545,7.498329796993159,5.09651553943967,9.99358403311946,5.822994832002001,0.5049938773291364,29.0810154372998,2.4561895407224474,97.45,28.75333374023437,2.27666668701172,691873.0,15509.857952254237,2.453642866857137,1.328600541626038
41.1149583402,44.9931379658,34170,19.79208002767099,81.30323712052659,0.163646784762398,2.034621308878299,2.244814507053801,28.29545387550187,0.6111521858975401,8.94435483737949,3.177839886496568,1.3449496826420526,203.2803377034852,2.787420246238129,116.8,30.980000610351563,2.4133333435058595,197670.0,18461.20717357211,1.891143974162844,-6.59000542740236
34.0895436919,44.9627808688,34370,19.10491194189385,76.95209970458072,1.3084394828295738,3.361901356431327,1.4961350545646024,10.81894652925162,1.2949458831967802,8.028378114314995,4.04783819822684,1.3529841356032408,282.6009535865564,3.755826385606474,130.14285714285714,28.27142857142857,2.757142813546317,322552.0,10217.098489545868,0.519444281189692,-13.589203260467857
-123.017129595,44.9373996868,34461,17.14104895383288,78.46425087929842,11.330317488116522,2.4171789061076034,1.070564212553127,34.02357986100283,2.81189131561728,5.454284455232431,1.721879971621871,1.983885491333802,91.71078002378096,3.3882284238736027,61.125,27.374999618530268,3.1458333587646483,214042.0,48851.09075321666,2.037897530108239,-15.484399464723792
4.89224337028,44.9222724085,34466,21.74976613627782,76.1238533644949,8.369948070889507,2.355576809995009,1.5318179461074908,13.05254720849944,10.05369173778689,7.300328239416465,2.2909833096679586,1.403790788593729,131.55496581548076,2.842531796757867,156.0,29.266665649414065,3.066666564941406,67561.0,46701.066369651126,0.4749722222222772,-5.425473762437491
-93.256356788,45.0173410576,34637,16.71915782093893,73.79819092366724,11.15340491311902,7.456427491949386,1.488139222457486,43.56387041256017,9.04327806019433,5.67169591632591,2.901134545243157,1.6669751594753806,274.3308538560429,3.658390826804112,314.0744680851065,28.899645346783583,2.820567383461811,1899863.0,66356.4397948695,3.4482854573904547,-0.3660709017950125
65.5142755101,44.8350576697,34744,16.72948794206385,79.03443262481427,16.149907751463772,1.9126800120614589,1.6833545781974923,10.76965419462612,3.40919396049041,7.710246683511519,2.1794541474984346,0.4250580595990368,126.89840086333524,1.70954601691466,7.375,34.316666793823245,3.3166666793823243,262227.0,17222.624264473146,-0.1885139876719677,1.5400179063883286
-0.595408676818,44.8412646832,34752,23.13965147058383,72.11682679941418,10.63701270079493,3.7697420908352073,1.5968651023115077,38.30535567661651,7.04380381110941,8.779939384914359,2.8632377825836226,1.11694287991474,27.38437240463984,2.7485876029561407,155.25,26.756250190734864,2.964583320617676,430696.0,53349.105306294965,2.6967871175522795,-2.121166290849789
20.4338614393,44.8010835965,34872,23.57854527326931,73.48155162879412,9.208046686570508,3.501486434192248,1.7802025735667415,31.679515135339543,16.20335996803881,10.28955401106908,5.622787544136891,1.6747057555360796,107.94197696501328,4.966057561002804,257.3,28.193333129882816,2.31,827827.0,34286.88390690325,2.21875206709177,9.696361785672964
-93.2272222815,44.7657207153,34925,16.54472597782413,67.17233692568631,8.957585362190795,4.3901563415492255,1.9319381060295744,37.89978735921359,10.42041463208677,5.601544106971595,1.7314219120684975,1.8097696105551528,268.70974956162587,3.766580943062752,316.8666666666666,28.74222208658854,2.906666646321616,181730.0,65584.06264238154,1.7315606179627174,13.75049708717046
37.7514859305,44.7316095727,35039,21.164017841625142,78.77377973471515,0.1257413251290588,2.6924499335973,1.4533829336263782,46.085497733435496,22.88266701460703,10.425312227010728,5.206994628022203,4.052115061832796,139.41162058470906,5.665475081902579,62.8,28.12,3.406666687011719,194241.0,20660.310217719227,3.3138902953587603,-82.71158487217062
-63.5491759291,44.6828438859,35066,20.18645711842759,70.85340866363939,1.1576740362149944,3.010602026572182,1.585027172020519,46.09909562711484,29.59210467659575,7.071667856058559,2.385074802936285,1.317391807670703,36.842806638342985,4.308289574465283,247.5,23.216666793823244,3.775000076293945,67952.0,36148.77606251471,1.4350855060274623,15.488655864255485
-63.6256459613,44.6500566362,35144,21.594093155849738,74.17305315922682,1.3100177174887786,2.298496713791049,1.7881395068236705,42.40753230305679,34.811642194150885,8.061505806570352,3.8910389984809663,1.458974326437373,48.48413917035299,4.885142968252649,253.5,22.96666641235352,3.816666717529297,107449.0,43176.36324209624,2.620399999999961,9.033253137283758
40.1013332723,44.6097980202,35220,20.99533186750973,80.00478332180315,0.4984358584107587,1.5229897740548253,1.6583501007483188,32.814621903055404,1.09008596358673,8.852078801771032,4.114586421660281,1.3723223454156246,233.70854954885584,2.219176450833238,201.66666666666663,29.07777811686198,2.1,138590.0,10576.70997907497,3.098922222222143,-11.758668039209285
33.5018680423,44.5801411639,35367,17.848322976353533,74.5378475885866,1.4126612754737466,2.3070789310978506,1.7930763757539865,12.72118724289823,40.421709483677496,8.774751951086085,4.254394271461916,1.2682974291487377,64.66229303198179,5.089722176721543,31.333333333333336,28.28888905843099,3.3388889058430995,265895.0,7844.512292446266,0.2991000000000099,9.107118266207095
129.615539437,44.5819468565,35371,31.53604369929175,80.24803752446901,3.510452887598708,2.398673989346196,1.863315202419422,21.96673509604263,3.0625656447599603,12.389055091644256,7.429156161623009,2.8000102725153986,285.30039863126484,3.6799375538902206,397.8,26.606666870117188,2.4533333435058595,608766.0,10317.5033953933,2.571454537394178,-39.33339530648587
11.3434186659,44.4979324302,35534,25.70675049712366,73.36661603088696,8.9420541504004,2.877277980403408,2.2182394907329703,13.88544739536719,0.11437560281392,10.300355269317862,3.3482278461194523,2.4777110750672,87.27739639972471,4.143550441753895,188.8,30.399999389648443,1.6933333435058595,328618.0,57587.93287647056,1.6643833943834423,-29.247612818302457
-73.1728573257,44.4675829936,35592,17.309018385607562,68.440301895271,8.123331892753184,2.743945807544048,1.411641758113397,39.23896337327542,11.0738034229979,7.571915897606213,2.7588280571559807,2.1236804562370253,88.72706414223487,4.62094678894788,287.0,27.51666717529297,2.1166666412353514,70635.0,50664.771558009495,1.2770561594202796,1.450631350742313
-88.0388671438,44.4927203803,35631,16.12442234735535,73.13284582062,8.154008215685112,3.006262205305945,1.2097912552143593,27.07690366867433,13.77122511217563,6.820514820349719,2.126916790374385,1.326942895870698,204.66261601082024,3.225743641419036,352.8333333333333,27.41851857503256,2.848148227267796,194499.0,51992.06872528912,2.9749086199873283,-12.118549411330632
8.89252868165,44.4161423818,35659,30.87613597592749,74.86698146934322,9.148725278785427,2.876912889500175,5.034964796021672,23.819869023046312,37.57080160583387,12.06580806486229,4.678558627935065,3.644514926124842,63.88086079057813,9.295739231172488,208.66666666666663,27.666667683919272,2.377777760823568,438159.0,39245.59463345497,2.375751515151535,-24.317560882312065
84.906475467,44.422399996,35668,17.866922285801582,70.77770234973451,3.2088124944666827,2.428589476530912,2.404821245126126,13.758549089765587,0.08257298893962,11.067674195694025,5.283971735262142,0.6158590460369319,477.7617306045006,2.3651403795024577,44.0,33.050000000000004,2.9,92653.0,10110.01261696869,0.8366931216931519,12.183329028633182
26.0959559183,44.4334572573,35764,25.175914826513345,77.39314863954039,10.03117653145901,4.217860852379698,1.779198226490764,13.984857305329909,4.6975083975127,10.067561515518609,4.560545404942236,0.7309404554267657,81.75941182814788,3.1966748265431293,145.78947368421052,30.23859638414885,2.2912280594675165,1924789.0,59336.45196902103,2.156613625355988,1.8251971052627451
-79.6849540232,44.3710444035,35817,18.02660480553864,74.42375935313746,0.8578761203112961,2.7186535993722085,1.337832245864351,31.08554209418602,21.81170580027183,5.882364962960853,2.214488885695939,1.5344462434975472,260.7456186644121,3.751962057933745,248.28571428571428,26.542857578822545,3.0523809378487723,129228.0,31004.0929984214,3.0263350728420093,6.386679792520624
23.8022818453,44.3180693437,35926,22.2199811058972,76.28465054932806,6.457390568993056,2.092982518484756,1.5169571191030995,19.915533669593,0.08395744459854,9.036606382740924,2.9011311411641367,0.9753517428402466,111.29138478834096,2.768182027919804,175.0,29.333332824707032,1.6833333587646484,233987.0,28648.04901126986,2.104546783625665,-8.056240537012883
86.0564674493,44.316029735,35952,18.43740754867794,71.10290510654168,2.512020846578389,2.563335630861058,1.4003739306438143,3.8451066695264497,0.04902104829246,10.794266041377613,6.266870399393128,0.4583342004892625,451.73450304923847,2.41516903457557,32.87499999999999,32.54166679382325,3.0250000762939453,205589.0,41575.17105000754,2.341798428109314,10.161382960359845
-78.3340249892,44.2958419132,35960,15.36098366925351,73.84958800178286,1.2981940287712035,2.153021759811557,1.166537871267769,24.84974456281465,1.27216466293393,6.883721490270897,2.453106293922406,1.194514615907616,229.5814040013853,3.315782237158129,249.3333333333333,26.77777811686198,2.7333334350585936,71698.0,32536.649836815533,2.5223851851852714,-11.229975855989297
42.0513808006,44.2268328354,36135,19.646525927616327,82.70767439207826,0.438043864502208,2.124577912642499,1.4303449840978288,13.91793084070018,0.8576430717410899,11.085195623062836,4.662827765664914,1.2630546916689038,542.2552646044581,2.6051578849396297,153.5,28.73333282470704,2.15,133387.0,6769.583887485285,0.5035274356103514,-9.607100974891978
-77.3853701505,44.179145673,36215,15.37116098193786,74.3705476894936,1.022912473201,1.8307110874604229,1.30969010092257,17.89645062330974,28.75805557583361,7.321350257046573,2.67348360682426,0.9927787899104666,92.28433379317302,3.1236774786174664,169.0,26.56666641235352,2.8749999237060546,43318.0,34107.93058312942,2.687712418300638,2.512734294765778
-88.4085477041,44.2501071029,36265,17.35244886732346,74.16067361070377,7.411774272131391,3.981766395894893,1.696402694886705,16.85014741218362,20.13451871522487,6.310503133640624,2.057032850376648,0.9556765968413692,236.0154015617788,3.020280671047972,350.83333333333337,27.442592366536463,2.872222171359592,219653.0,54060.689719694245,2.951137774423273,-0.2152114366213595
28.623422591,44.1720211035,36270,23.185195819079528,80.86114593557397,8.47276254967116,1.866923303278068,1.0864122895963315,1.08560738965937,40.36980496949399,8.585892382073451,2.822358018360607,0.3873403495159143,24.233055203134,3.01351637317253,74.4,27.41333312988281,3.506666625976562,241541.0,42109.50939178028,-1.7515723270440162,10.200053220482964
43.4512964083,44.1427852925,36316,17.90733819838854,76.4940640676447,0.3969857905692164,2.1869745077046674,3.178083881358463,31.472087230159616,0.45805910726951,6.776672797876705,2.366589248908964,1.3743292817069923,296.4700815896422,2.5728277079510087,120.33333333333331,29.944444783528645,2.422222239176432,82210.0,11295.429254348615,1.5493512767425273,-2.897937307759093
-103.210437377,44.0751977615,36490,15.07647424915299,75.27651108469341,10.522445492911343,1.4529494116097277,1.0458682637972407,20.37480834859618,0.06452752268651,10.189775682914926,2.8405883741486666,2.703891572027409,1027.6209275706517,3.971048795790705,113.33333333333331,30.15555623372396,4.377777709960937,47358.0,49446.99613581654,1.0108704557091528,-32.3869290881305
-123.085425388,44.0680445102,36571,18.85202528253,77.24298603525084,10.827096361292147,2.7016470874228737,2.9576714629662244,44.21052182787461,2.22943635322021,5.455360413368749,1.5184059227779,2.546952250315957,170.13576680052674,2.87816202142276,69.63636363636364,27.37575739080256,3.315151533647017,247682.0,43219.87698742744,4.258129115612178,-38.20711051640498
-121.300621126,44.0606730534,36573,17.432244963227912,71.01428898067638,11.369945441275746,2.227584935642698,1.201268668645039,75.08242414589475,0.0544868341539,9.300762397233571,1.724787981783641,1.5052495845018414,1120.3195618496834,3.454063483966293,22.6,26.660000610351563,3.7,86295.0,41156.53752824614,0.0678564278564479,-5.532483060266941
43.0549573848,44.0379274652,36618,20.64131574325219,72.02433367758154,0.4055752987749093,2.2137877242360915,2.842253886886754,44.30133349277287,1.39472114343307,11.628757895981224,4.200122597802626,2.698789998968566,579.1224991698596,3.715596784347668,134.66666666666666,28.15555623372396,2.1777778116861977,167737.0,19388.39876711757,2.437274842140141,-52.06406622090867
-92.482905973,44.0345169123,36681,17.7343065652293,69.10784329118557,10.757793387440856,2.516222837034844,1.517353718000793,39.56479997825372,0.58235208959148,6.17023762330717,3.628780176176433,2.2807604895659224,332.4062010354337,4.249994557571813,293.0,28.88888854980469,3.066666564941406,88472.0,46855.09449317299,1.789151193633984,-14.613855292700464
-88.5629427505,44.019536556,36683,17.46130148943253,75.89802171345946,9.276728808773155,1.9545760868933053,1.2569025804503298,8.27355636648603,38.92547077796672,6.008087123543629,1.9360583204142503,0.6158361805497026,235.70042215534093,2.768418575098143,369.75,27.50833282470704,2.8083333587646484,67721.0,55757.04489006364,2.0727582417581587,0.4283100228659577
87.2859762971,44.0068383863,36748,22.69465243491218,75.47638273209266,3.6094968435197496,1.936572414294434,1.0560468387199824,7.63416861512925,0.07800259519222,15.255196614862095,10.260353239971137,0.7687720916984012,593.0155429424274,2.530339001014278,39.6,31.6,3.1,185690.0,25214.33391135764,-0.6334616391727153,-4.3175630492507935
-79.4593316713,44.0231828492,36813,20.20051961299397,73.23159056203701,6.525904778740413,2.51772349812097,1.5261035434459105,25.47595686141043,0.96901809993833,5.727271009504711,1.833415801018221,1.81315475179592,289.0243911642081,3.854469388055029,231.0,26.542857142857144,3.0904761614118303,152766.0,54190.88386813821,1.996949237309369,-15.835030443612196
81.3068430258,43.9266374131,36985,23.636317381619808,75.76629496353267,3.304022603933108,1.853149480549434,2.018268896730392,11.98190708117718,2.3557381449211703,11.893010190271786,5.716932334369288,0.6962353594410182,645.6317403283373,2.410347547490362,53.71428571428572,31.88571472167969,2.633333435058594,327276.0,10783.956293770392,2.7199206349207543,2.273888646703881
-78.8857089318,43.8999827792,37055,18.38984731120513,78.12008995266397,6.933451872449735,2.407866854473262,1.925510382677556,16.85308141706588,25.01041394242085,6.775624055657662,2.3172066055911635,1.0212674399946138,127.5407899047801,3.13225686714952,193.66666666666663,26.552777608235683,2.966666564941406,282729.0,37053.91179185723,5.00182151416891,-10.433702465649615
11.0811273547,43.873922639,37094,25.51389701155553,69.97286911490373,4.8613459183455205,2.0617759042203496,1.1727471705116714,16.83337604952521,0.11114927478367,8.527736641161514,1.6883999195590376,1.9934647854110787,71.4724633300754,2.8654011324537225,196.3333333333333,30.58888854980469,2.0,142796.0,37308.52448948149,1.6173385012920107,-18.36322699488548
18.3634358976,43.8531320845,37156,21.8350187158626,69.41756487434037,11.1162735760487,2.53668012384587,2.530704464316274,37.17286157421404,0.0,11.514731558730356,5.174412454078575,4.278516747450695,602.8112654781221,7.405331542001323,310.5,26.6,1.6833333587646484,247875.0,19878.9061301059,2.5444323671496853,-54.59661101154654
-79.0592635109,43.8459878741,37202,19.805936433926146,81.68914655351244,9.393356199630745,2.308327796049063,1.972966397232825,21.85143015178358,33.93884748278186,6.509596193537993,1.9789602967445248,1.191224641293034,101.60968025751876,3.1277223481330214,186.57142857142856,26.485714721679688,2.9809523228236605,185535.0,44225.23089983021,4.136671245421265,-2.055986616953888
126.551778011,43.8606122867,37301,22.73064710927844,77.94860367545608,3.337114642874241,3.5769471762482445,1.0660302949272138,27.323065198026,3.57911031140406,13.206170160915573,7.585085376764748,2.6362377786533777,237.24885847624645,3.865467642676901,426.4,27.44222188313801,2.39555556233724,704776.0,18713.45989931552,3.168660640301198,-34.029462277816066
131.961690254,43.8096447638,37303,20.98457346251307,78.41716374393687,0.5783838378471634,1.934718953613422,1.431868752045245,21.489739749659208,0.4589737295868599,9.52802123620864,3.0774328275875296,1.4543281040969394,42.736932863891305,2.7263421232396268,323.0,24.833332824707032,2.5,85083.0,39832.29926072189,2.944879989731813,-12.511345681637266
11.2362909038,43.788582687,37340,27.135270137413297,80.33951253353521,9.367289173789002,2.3122546823988,3.489868042635337,16.09556313618603,1.30851388699495,9.490811241206838,2.302275602450996,1.8860748129196503,59.88595473469941,4.1250183316207325,197.5,30.41666717529297,2.0333333587646485,237977.0,45410.76664551616,1.236414141414116,-8.548096110836568
125.308858526,43.8689339711,37375,34.53452133719369,77.75632777919256,6.226365411633694,4.280486896836844,1.1722552917805955,7.1589015726686895,1.9893156818768896,11.209081941648591,5.7475573920824905,0.9877952918109444,217.9281741844248,3.238348182814756,350.1944444444445,27.7935184902615,2.720370373196072,3132907.0,16740.09772489258,2.594829863113201,-2.8109623942947906
-88.4520860301,43.7758725665,37381,17.74798284805256,77.997543201589,9.495665784906544,1.7383717404385848,1.2721121317698356,10.61162398353788,14.91459885238618,5.466899695446168,2.0886325859622383,0.8050436714406233,240.63906452259465,2.831413312726157,321.5,27.425,2.9,46336.0,43815.65275379836,2.5120547385620853,-3.1807584017612958
142.38184051,43.7785920002,37461,25.895668478475848,82.60418501160594,0.9147843828725138,2.209046039625077,1.4743845018767805,23.792462241421138,0.7638133639861899,7.677524838085422,1.8171845913778448,1.61536506175402,143.97357037537756,2.441338897799105,300.6666666666667,24.972222137451173,2.6055555725097657,268075.0,33860.07046535486,5.706195758729924,-19.83483238658016
-87.7341349765,43.7396621955,37552,18.92358926943213,79.7011404932109,10.101470011421478,1.7984187844429151,1.510917787466283,12.930366687306948,42.12090956048948,5.711354067521017,2.0066181515092585,0.9747689301862056,187.64390163691343,2.9863911789868403,318.5,25.925,2.9083333587646485,50914.0,53437.6717209412,1.3441941391940908,10.349112418056734
87.5769962452,43.8671893012,37576,21.83159533645405,78.12752231031386,5.746255377255948,4.426473699867988,1.114256736257555,10.23029255706754,2.03029267850494,14.845018377518311,9.76832067412769,2.4410281877602835,824.4907402477023,3.6618356334369553,46.78125,31.41041650772095,3.164583311080932,2229040.0,29919.959560618023,0.6030207197057962,-56.53300442006309
7.20741786761,43.6893685572,37719,23.74994321479932,76.17801054228963,10.330143379845929,3.0805337224063445,2.150778985593908,36.632341098977065,35.29081789476628,9.547388905618124,3.241301676892089,3.724394252569832,85.93970271355656,8.369101223599598,111.83333333333331,27.67777760823568,3.144444376627604,319612.0,39147.42098544485,1.730973782771688,-35.10796651363863
51.1956790537,43.6616930356,37751,12.1419985217752,79.67418771012302,10.72682927082774,2.1471650020262443,1.7700219250549944,3.1652104389211497,58.69694056860453,5.143091430503386,4.937621027627762,0.3085343343300658,0.4668134244053913,2.161420222747821,16.25,31.86666641235352,4.3500000000000005,248678.0,22367.566913840383,5.706195758729924,23.797273289027373
-84.2197528321,43.6228888865,37835,16.67547145820323,69.72793882323089,8.804382201119234,2.1076572487719303,1.709036307185036,33.10152036629892,9.41264740229402,7.40220324035914,3.6588984608355455,1.5321713258693164,196.9369961402181,3.5381231823477224,154.66666666666666,29.022222900390627,2.511111094156901,27517.0,41858.89243013412,1.796653198653246,-1.0657746024077994
-70.3063225766,43.6560870577,37837,18.09445222414503,71.63780049516222,9.163310952927793,3.734392977534122,1.2519275122084723,51.67500234693193,15.820482955647568,8.154359432037431,2.554469196175948,2.280227951961363,28.29375936786667,5.474439514877178,182.16666666666669,27.25,3.427777709960937,128395.0,39370.3215701546,2.6846125116715065,-5.214997559459462
122.22429973,43.6515287918,37852,30.27398178494054,66.14094418226887,4.384000323495632,2.633932198991644,1.0912695757362043,3.42569218372383,1.36364352655882,9.965053908583714,5.852093501814225,0.5295310035837875,179.38725936875696,2.1333157629387305,189.0,29.32222188313802,3.133333435058594,28122.0,35807.727828746174,0.7906606942888743,0.785008748795633
122.271340233,43.6138059209,37906,32.99876823513469,76.9795666196264,3.954682866602745,1.899555999610845,1.805391904863987,1.7031223093383798,2.0063700682256,10.18344314085748,5.28039860368022,0.5771762958048896,178.80765319887828,2.515144861690433,187.5,29.46666717529297,3.133333435058594,316386.0,8431.141102956517,2.00493939393931,0.9964507153576676
3.87496224116,43.6167474631,37920,22.90859249096657,76.42096888959374,12.424878091900917,2.5299781751184898,1.4428356351450826,22.64858257071312,0.09978438746082,8.249600317090776,1.906591940633298,1.4800260257145326,44.8427392264825,3.852157572225967,116.2,29.786666259765628,5.146666625976563,219020.0,47876.4253858095,0.5999894179893772,-1.302902665701204
-83.8870168508,43.6002114162,37942,15.09572266405452,73.74283524017812,10.679452691955046,2.3313017439351293,1.348975236074989,8.201528085863009,5.04811188761658,6.158624914956166,1.945251215471259,0.8421356217473653,180.122691664449,2.9943916417593863,158.33333333333334,28.46666666666667,2.466666717529297,48021.0,46277.8866954041,1.7101587301586392,1.7560928213736418
-116.306223862,43.6157227863,37997,19.10198817234904,78.25177444637015,11.2491810404939,2.7604997417843298,2.051667593925847,19.41033375844408,0.41230832447034,8.152374812267954,1.5432254010953816,1.6725980837323262,852.307255678394,2.165762056596209,49.86363636363637,30.96212116588245,2.8924242470481176,401263.0,51518.22284137829,0.7545896712431386,-35.703137386277035
-116.567550679,43.5770153032,38054,18.3649230346826,74.15194346049891,9.317408431191208,2.434551364819892,1.196875098657331,3.3310766586510403,0.36422458028467,8.187193708349266,1.4899959634254434,0.6037692454174987,766.2211779402728,1.8337228472879752,58.57142857142857,31.495237513950897,2.9,92248.0,41356.40869178735,2.707901709401881,-4.923110812660184
1.42854365702,43.6123176229,38094,22.76968507394693,72.54301145129838,11.05042047583207,3.509749051225596,1.1717045967897586,16.3961177860182,3.7720470107374497,7.415453587009541,2.5733073243500013,1.453959232289137,153.96154577040406,2.9566325909939573,122.25,28.727777353922523,2.8194444274902346,458071.0,54349.99063027344,1.7661777777777845,-7.302981335136792
-80.2517051031,43.5389778337,38151,18.23186979607961,75.51168066838582,1.2057859906524315,2.28412275884561,1.4909771780082417,31.65139864036553,0.59325894349715,6.66490355889442,2.9411110568795333,1.3793412717426343,335.8970552987475,3.247021728599172,219.25,26.75833282470704,3.033333435058594,112536.0,31212.18468756664,2.578414814814721,-2.602617150789456
-96.7401865502,43.5303705936,38206,16.78758321177289,76.05834558378302,9.774423923413393,2.3901658578793623,1.4770189447915687,6.560080012757299,0.76891943416843,7.430444567707971,2.7917615116482475,0.9185672385358716,443.657224650019,3.2914900195597903,147.25,30.52500000000001,4.372222162882487,180287.0,89203.95160494097,2.674655505004747,2.2137718156687924
-79.8726376897,43.5175136277,38212,23.09726219536006,78.13083222666381,7.792072741245984,1.9291049681853,1.261037702675803,14.86947281194127,0.22211126110647,6.37499927439196,2.3334505734910844,1.0209394045615114,205.54147565068973,2.427292332042068,182.75,27.04166717529297,3.058333282470703,92106.0,42186.351518902135,2.840927077444917,-2.190751255373897
43.6341101497,43.4959077982,38224,21.28933084794497,78.7187189443408,0.3090402645501124,2.125209553123405,3.107992635484312,22.31525104091461,0.14404427883418,11.594184526916024,4.604331801781423,1.0872814665444404,442.00418326803583,2.787969985702186,125.33333333333331,28.4,2.133333282470703,238038.0,9245.730795083138,2.135738045738151,13.480953402889838
-112.012330156,43.491235791,38278,16.736625362000147,74.16945879218957,11.35643068757827,2.1126875164716425,2.151769447310961,5.96688007821714,0.75170434331253,6.437237677016816,1.3519228170015862,0.4300805465267052,1439.795117784972,1.6342048652158776,74.85714285714286,27.97619062151228,3.5,88720.0,32100.44249323716,2.244135472370885,0.1742702446947532
39.9504163045,43.4268964541,38516,17.87549474114567,68.47550451196447,0.1257413251290588,2.31271680099737,2.175003610692052,32.804418271393146,40.91083334204992,10.090842684536446,4.370189946081847,2.189142825070269,37.44738110640566,3.824539058216676,187.0,28.13333282470704,2.466666717529297,56245.0,19916.00657836252,1.954922839506196,-21.431178951489976
5.22669776144,43.4432181518,38544,19.94679528547674,77.05437367510241,5.513316597930912,3.0656520830831235,1.2617182365405015,18.99117208500443,24.363530646790903,8.009786064533545,2.1468214137675226,1.6551574682318355,54.10506928902348,3.5446181142382893,66.83333333333334,30.10555572509766,5.049999949137369,126625.0,29210.955048371183,2.1584994369369497,-15.844095511938905
-83.9576219017,43.4345561734,38579,14.88760516995304,74.58098908958051,10.590398268634326,2.450612620213759,1.7574452466944162,15.355629610494988,2.63062427695644,5.766845277542748,1.7415692448629527,1.1217038786016846,184.572523948875,3.021394976269944,157.88888888888889,28.981481594509543,2.5259258863661023,91337.0,51396.86784107206,2.3160735373053285,0.964055674241422
-80.4931686749,43.4484150614,38581,18.32111851559407,78.45462571779515,1.2869136050319578,2.2745534952113777,1.6091670360396988,24.19603357621668,1.3510197455055,6.672597013292346,3.453985665752876,1.5374933035467269,335.6216994197462,3.488230682671186,230.25,26.73611145019532,2.961111043294272,320435.0,47253.66971460672,3.109768766092312,0.800562062365259
-80.3238704726,43.3938263395,38688,19.534941785187097,76.68726441238559,1.4672047634248324,2.681252930944152,1.0824042996265202,31.40605445264229,2.8400629279432,5.844725646758655,2.3184298354293547,1.559589725265073,303.0088616344454,3.526150999583618,217.2,27.066666259765626,2.9733332519531253,111608.0,44932.68235251952,1.6330984261217587,-2.4826089905357094
-79.5361267082,43.6922542707,38794,21.69861962966575,82.97920318943589,9.214528510257036,5.048555099811918,2.27216268899466,13.179835775277027,41.94061203636782,7.429457127843936,5.174051134471712,0.8368593120840053,161.6647232876731,3.43592399318384,186.6307692307692,26.89461545504059,3.05717946448693,5294333.0,60944.76700672187,5.706195758729924,6.135656524588825
45.693143795,43.3190087885,38947,23.00842134261515,77.048425619799,0.445384383276384,2.467530886899413,1.5060279557973306,14.76458388015146,2.72154309094605,8.516951700558378,3.827831389647795,1.356047463390932,158.99343500723654,2.5982966629358453,87.5,31.33333435058594,2.3333333587646483,190006.0,3650.808827089672,1.4661790123457124,-20.769447517754344
68.2603780539,43.2999786884,38950,15.203737925491687,83.6009415166099,20.216310518714607,2.152664225955447,1.847071391700961,19.62337804790349,0.0056529072392061,5.260530606160025,1.1598801750457222,0.3085343343300658,218.18285125330823,1.2543602025591964,7.857142857142857,35.85238080705916,2.8666665649414065,172304.0,7641.105429937785,-1.0227407407406872,-2.6755690486797903
5.41509320986,43.3150592988,39048,23.464540973409008,80.99610227354384,8.070578248529173,3.14983248855689,1.8485737662318007,46.662685815957175,18.87293410840361,9.147724652445673,3.631591508068515,4.446812768677306,166.6719126814938,6.194562525839402,54.30769230769232,29.246154315655048,5.464682719538764,688227.0,52980.03420819003,1.831074223576877,-76.23120458828616
-2.96457254278,43.2847935445,39105,28.7442128589568,71.76345523751017,13.228404108696536,2.736921191371112,2.8951037608306254,61.10451417443726,7.94668151665591,12.116944863659027,5.14419924085364,5.53830412891503,118.32145246916087,7.889843557523471,162.0,23.40833320617676,2.958333282470704,572400.0,47562.819916142565,3.027352941176389,-81.7887761886513
-86.2429037415,43.2164994234,39180,14.023545028881202,73.45183288828156,12.777742884474725,1.9561903818242856,2.094187387773852,30.77163274066373,37.24927231463824,5.635122841060721,1.6139556357934697,1.617207444163686,186.11253613476308,4.237652799517344,139.75,27.29166641235352,2.8499999237060547,55500.0,47823.58517117115,3.602048544922983,5.556099182053856
-79.8240822623,43.228817545,39228,21.16134346011063,81.95629773251126,10.010868667072186,3.168817204370652,3.266324887008878,17.817190362144437,35.0325298907865,7.514833744430736,4.24848419882045,1.1391039016514732,145.03139644861673,3.2756946592044454,191.07692307692307,27.35897404597356,3.0589743746244,417875.0,40144.43683876761,5.064340455672209,0.1907617836439215
27.8987981158,43.2188466343,39247,21.660250529688348,74.95216261140114,12.378850677667042,2.244236168659272,2.0021978717229274,28.59324357586191,32.58127977454076,10.696530298786124,5.0899866027640766,2.051263758189895,96.727233414099,4.927662898538348,132.0,27.488888549804688,3.2888888549804687,295484.0,16425.54325784137,2.120222222222253,-32.33620315458033
76.8970581904,43.2756568454,39293,22.86733211460277,72.93312530474691,10.714200530883188,4.081306955633097,1.665514871660724,29.74105882816408,0.11264039567403,10.781250116351217,4.223472117761009,2.227139402359414,809.5707227571332,3.18240663562569,108.66666666666669,28.61249974568685,2.051388905843099,1740085.0,40270.52466574912,1.3916065337269856,-36.718443986174975
-80.257767822,43.1551353503,39441,18.88248762458295,78.75083531200991,0.9675795190657672,1.6839405472099325,1.37359975078388,23.25094663156039,2.26157385971133,5.624964161143709,1.9914996673073184,1.6469886044586477,216.08547877185168,2.94328083712598,199.0,27.32222188313802,2.966666564941406,94194.0,32240.73502558549,2.178435897435971,5.81681145679579
124.376559715,43.1587123523,39454,22.07717529169945,74.40468300936959,3.688326655485796,2.105845551866563,1.278183732727276,0.34571261073354,0.17643615519035,10.108383408090608,6.989252799545238,0.7557867769031399,184.3517759276454,2.5085575959597493,327.0,29.14666687011719,2.8000000000000003,443202.0,10190.020600087542,2.264230254350593,-5.348122772872472
-79.2313216829,43.1607670961,39519,18.23188120190826,78.07027125432371,1.60376154174847,2.18560497336191,1.4101775511210377,10.84501738321776,32.41517988192127,6.363155262795777,1.957408433430113,0.816368418785231,113.95299953839772,3.1309279325175265,186.4,26.62,3.0733333129882814,144468.0,42385.04911122186,4.31887602844807,1.609447709476484
5.908561839,43.1203456504,39550,21.73100809492083,80.09666126474231,8.720988087256554,3.077011251011084,3.760326225721984,35.43022367449308,30.47398513846164,8.20561832634196,2.2426929003065594,3.280847779822443,88.75044505040705,5.209739388144237,44.0,28.11851874457465,5.422222222222222,226391.0,39377.53681020888,1.999423498212877,-48.23828529788658
131.922380828,43.1244945515,39559,21.31531301848942,80.66549692079916,0.1257413251290588,2.5553997973588216,1.1317672065554747,23.47560868669103,51.49670515125951,14.54691987661705,8.434023797046516,2.007726168421532,56.58488290729675,8.27625076551204,409.4285714285714,22.53809509277344,3.409523794991629,472240.0,20711.167541927825,2.703226238286621,3.0375413312804795
-89.3279624988,43.0943605101,39612,19.03864497173261,71.39710046136962,10.07096867270842,3.049182107261494,1.824125364700316,15.08438517022887,39.09729148125026,6.970688142676485,5.579424498692501,1.228031918875836,268.9334464957175,3.919333648351746,256.375,28.59583320617676,2.8458333587646485,162532.0,60301.48217581768,1.7512571352714268,5.516869869410243
-79.0571146315,43.0977564357,39620,17.825858740474402,75.50232482010682,5.363740324941834,2.813528106286816,2.554545303983088,18.600812884389786,25.161976963276363,5.878211390149419,2.924708615733986,1.2575395377111966,176.28604503897228,3.211462169096949,198.6,26.59666656494141,3.113333343505859,127446.0,43138.5265916545,3.228527611581057,6.901214780484935
-77.633409827,43.1623196363,39624,18.96004929416605,74.15778497046111,10.14122350221233,3.47878588904032,1.1358216644796988,44.07982640011645,16.43587591722617,6.911368292005115,2.8161292112342897,2.3564872650877446,133.18455427370702,4.084047079426352,174.00000000000003,28.100000179515167,3.1294117647058823,403071.0,53818.895164871705,4.511942786519512,14.0820818018735
-89.491376017,43.0575555739,39730,16.76184399411321,68.46475426049675,7.894262774070529,2.8526128594851032,1.4488237204666603,25.91141058339588,9.42515885034359,6.1593685624360335,2.903178342053732,1.702925590288578,302.2789855719243,4.060803079722778,249.66666666666669,28.51666717529297,2.8888888549804688,92837.0,75107.0836843069,1.9995511767925225,3.875185460973796
-76.1493918291,43.0817038342,39766,18.01122203815299,71.45239636713968,8.912893794977728,3.796528572437926,1.4560373390113568,44.90274225215829,11.75989274982066,6.620021360533804,2.4456617122083903,2.0449127511474283,146.99281397331677,3.767154696553623,253.3333333333333,28.15555623372396,3.061111043294271,259194.0,73840.76653780566,3.5289254108722616,-10.663348933129695
44.6640653602,43.0495994863,39776,24.36365246377187,75.86384160663961,0.2642169881330651,2.187969962536006,1.5429136922612534,26.413278482614523,0.0766798450086699,12.124344446986017,4.542451478216952,0.914318473082814,661.5918493765332,2.8932454902957603,238.5,27.883333333333333,1.9722222646077472,321733.0,10713.327112854451,3.42391608391614,4.387481155448086
141.373050643,43.0791788784,39873,25.910121961353163,85.30955764535034,10.449321144079825,3.6111602947457655,2.0734441592624795,47.65321138686427,5.54397947351391,8.692585715380769,2.46419652281521,3.159382482064343,100.2629580724492,3.330046077078784,291.1428571428572,24.109523827689035,3.153571417672294,1766153.0,38215.04752362906,5.706195758729924,-71.48741087743329
144.379807634,42.9976215236,39875,21.80767342411552,78.56973014736647,0.7116316398594348,1.974926961633145,2.3120965297116527,11.18393984801334,41.9634166793182,8.716676325801513,2.3914979258083693,1.0157211865154798,9.678078735138817,2.7214643319026712,249.2,20.34000030517578,3.119999938964844,143731.0,32527.596016169085,3.8952173913044135,1.3882258774336265
-79.2581032777,42.9978610744,39909,16.93548894158741,70.77217478990774,1.4429660037410792,2.1866816560811912,1.2975235722303538,33.54248607594181,3.53175405242515,5.319512007992849,1.7638274524767992,1.712179900633822,190.0294462126128,3.352623456944485,193.0,25.91111145019532,3.0,56068.0,44263.83061639439,1.848806366047711,-3.013037554737366
-82.4034854069,42.9787915745,39948,17.04260467276528,77.88548384224535,4.192121851384341,2.68993230671682,1.1008399150600623,20.37849342037683,29.23583211795277,6.2575797560445405,2.692811710173551,0.7320060343623261,183.63719909255497,2.2375657756601712,191.85714285714283,26.72380937848773,2.580952344621931,99128.0,33701.00000000001,2.402886674968954,0.5026208791086333
-71.4496877453,42.9756598538,39955,23.10586757948134,74.32363812891933,11.740958943503164,2.4797758978749425,1.0684176565794905,64.05324557170205,6.638027349182741,7.956057423574301,2.1029998697185164,2.451509969220735,96.6697251463585,4.530420184360233,202.16666666666669,28.73333282470704,2.3555555470784504,98681.0,65915.22315339322,3.000611229566516,-14.750347844386551
-81.2479786074,42.9833186753,39973,17.572204335022672,77.44476754696484,0.9633105619648026,3.28028295508539,1.67863351330413,19.0663561111357,1.24035203000847,5.387777132817636,3.306501520759765,1.225889262936114,269.00352331939723,3.020234536762682,230.6923076923077,27.05641009990985,2.8256411038912264,356153.0,39619.95814720081,3.018257407407475,-4.481497419752088
-83.6963616815,43.009212513,39995,16.05640459759138,72.59159823185777,10.49412268674652,3.0879904766427577,1.2032392101431926,38.0422646699681,1.39118844857015,5.869541452870225,2.571856486900112,1.542077897419044,238.2042125092253,3.163050095963684,181.53846153846152,29.11794879619892,2.6128205519456125,153599.0,53302.67172963364,2.679865566501121,-1.361626694999785
47.4888641022,42.9656555158,40010,19.86455353166336,77.32884255839745,0.4782093937636179,2.7949740965965,2.2782414030255227,15.845296496812647,25.174847162991288,7.920180678224489,5.715666224095206,1.7035709379802793,59.00379960470566,3.3310488604701973,45.8,28.586666870117188,3.1066666870117188,450596.0,17628.208190929345,2.5908355496452486,-45.67204807915016
125.134420763,42.9042366592,40130,23.92298904190223,70.73286663074391,4.175211614001502,2.4402453255908387,1.263100228312817,7.850576515805161,1.01799160718487,10.90638311755522,7.957036631115841,2.249648455921885,287.17542999664386,4.656418102574277,407.75,28.65,2.408333320617676,321853.0,5814.915396159116,2.6601951219513005,-15.83312602797514
129.499926302,42.9020042605,40135,24.0306227667677,77.33041718675369,2.9683651245530744,2.0618156491165096,2.28043359755036,11.84826311693242,0.23685393433874,11.97515059196973,7.433095762531144,2.5908228195993543,237.67834692078029,3.9260345052220775,313.5,26.608333587646484,1.6166666412353516,434526.0,8454.207663062738,2.9931007226740007,-48.09751486160468
143.173029308,42.9217346125,40139,22.702391650104587,81.22561793610447,0.6124302980429276,2.4342900637821465,1.5197024602767837,18.13601681331851,0.86661755884256,7.644237590549156,1.4330703034239234,1.2839939376119378,61.371662890379945,2.61212292830452,271.2,23.4133334350586,2.386666656494141,152553.0,37065.06919562381,3.2534514831574484,-7.789979842587805
-88.0245812541,43.0392502493,40174,17.06378918000528,77.29040545589262,8.338304577339152,5.235806694356114,1.0614905644691317,22.58287627960283,33.07044030228035,5.911229390485366,2.852335531601417,1.3000230947901654,227.90284344554647,4.027717484465231,219.29508196721304,26.396174846711705,2.841530106341253,1151775.0,53175.81647283542,5.256150688254422,3.41161339303531
-112.455903356,42.8911290381,40194,15.84658762500016,75.99394090727503,10.308528765130356,1.8373646983846,1.1913652626897242,43.79076282361018,0.0339220596706,6.816842822770814,1.780937472472816,2.3868430124769007,1422.5117730561328,3.0138800894270856,71.33333333333333,29.75555521647136,3.533333231608073,56543.0,37424.678651645656,1.239646093167103,-47.04739855786943
71.3768228935,42.8940820192,40226,18.88458108754998,76.4250599644147,10.673950805837546,2.2319620730212733,1.3836455516319497,11.56807805588945,0.0338070100940499,9.183768802356596,2.022259077187543,0.5435672642542366,623.461918104536,2.1678901311548806,39.8,33.13333251953125,2.5599999084472658,394222.0,8128.930797875308,-0.1916615133099526,2.836244969977884
130.37404882,42.8600105108,40306,19.72395624582789,77.7815530842333,2.851278399822355,2.227706418356256,1.127924030505056,4.01185945559814,0.5250972945936799,10.032492508411654,5.493215098440492,0.7764280347174501,47.11165517647123,2.408234868467716,327.3333333333333,25.344444274902344,1.9444444274902344,82962.0,14189.573599961424,1.6780246913580754,-5.558919475201833
-106.306959375,42.840546349,40309,17.845607177323288,79.67095648472437,13.88027050803106,2.030046121577496,1.9756005913773025,45.98701242443233,2.21803722759637,6.334040793886503,1.4712857212984822,1.50252509357212,1604.560561952086,3.1363342763983013,26.666666666666668,30.677777099609376,4.044444478352864,39414.0,105905.80468868928,-0.8009402615765069,-14.490645992791087
-85.6533908802,42.9124182619,40313,17.981933392718847,74.37727854640927,9.35540922669285,3.932138838047893,1.0337249143701253,47.88113646711026,2.17595754190076,5.996883887335768,2.302874550446002,2.3246370140053667,229.9826593524748,4.24164027807385,188.52000000000004,28.95866687011719,2.781333337402344,421538.0,46907.574152271016,3.1276747008845405,-12.20291447846921
93.5062574518,42.8347703857,40336,18.23855610755732,74.38108305764045,4.072930722132448,1.7798449349460284,1.5376372990956932,6.96980528121687,0.0,11.2988206684757,6.040771215468069,0.5535156565041129,769.4463378671585,2.4971517522959314,11.25,32.75833358764648,3.891666641235352,296310.0,12770.616135128756,0.3273532152842904,1.7340292381295512
74.5833996042,42.877140754,40362,21.0574227939238,76.93454894271936,1.1845760008352295,2.777481708395921,1.5867310006803317,10.08528604064238,0.52218247845599,9.595467275899852,3.093695863643336,1.1037946649399712,775.7183245755432,2.3490102176426806,57.81250000000001,30.0,2.1708333396911623,925119.0,13010.330262377054,1.2753611747058926,-18.68995861818007
-73.9338971561,42.7945261959,40476,17.51592471555601,75.21515048566553,11.179207714183304,2.049611488272096,1.434101173517704,55.174234563955615,3.38417711047938,7.1647210013557485,1.9766356976582469,1.9465480015369747,102.64390383147304,3.708916761466129,277.1666666666667,28.88333333333334,2.433333282470703,96110.0,102503.39957340543,3.260406101233798,4.719049542587015
-1.64891702671,42.8120962534,40480,26.57491220358924,67.33254334672137,8.191903617431374,2.9338981837942533,1.3246907026236798,15.1888399644221,0.0078345145698928,17.223483276249883,7.646966116823481,2.7969497548251976,457.8299265096289,4.95356169410937,87.66666666666667,26.73333231608073,3.2333333333333334,165978.0,62811.52826278182,1.2169123931624275,-21.96851255653445
-86.0989201757,42.7935214049,40519,17.21238342266582,68.60168472704477,7.490844173177788,2.849214018566466,1.3165854080895532,25.93776642267076,6.317802931812889,6.244418524031653,1.8789790816452885,1.3036490402554004,197.0863953467995,3.4363708233737023,163.42857142857142,26.647618756975447,2.595238015311105,58745.0,42158.89868073878,1.9550698174006087,-2.3489184888009333
-78.7960758402,42.9150029544,40567,17.62044182051266,77.83248459053361,9.265428027838462,4.101502255974896,1.2820108781912851,33.62946157194886,25.41118031289541,5.993587333277136,2.444907620250308,1.3561883999954767,204.663487444585,2.849677439130298,211.1428571428572,27.175238211495525,3.2390475725446435,741458.0,54997.8238484176,5.531725634604925,-10.425554905870996
-71.477572185,42.7569659145,40570,18.99724078122101,69.75432081131268,10.535185730557757,2.226938996249465,1.2511878820148687,63.38837534512307,3.96219873021107,7.768456997073648,1.5565839889973367,2.533551434391637,69.11968822637729,4.6776833478782125,206.0,28.675,2.341666679382324,54913.0,88983.85881303152,2.8106653157718178,-10.5861762318099
-87.8303334872,42.7320316155,40655,17.39965059012814,75.43817728860974,9.341286118821104,2.723932295033655,1.5067854262732197,8.424727665295551,43.29849118478109,5.684180014852146,1.524980693860409,0.7673558010993964,194.8387521987788,3.635231190729572,173.2857142857143,24.01428571428572,2.6904762050083706,105429.0,69193.52639216915,2.427962643677972,8.195773972677728
2.89641347108,42.7014170306,40706,22.51917598150717,76.25879537420475,12.237453772593613,2.4346720461987816,1.2274750460788473,17.491033912973062,0.0025977584909773,6.920297141700326,1.5925232659736115,0.862701476018269,33.47550150330181,2.7733699553278286,98.66666666666669,28.83333333333333,4.7,95045.0,38016.98777421223,0.6950303030302507,3.630218216141081
-71.1613722882,42.7034586563,40749,25.36589602691235,71.34391412557198,10.721537066380316,3.017252964769144,1.074315381093642,65.85601453918201,3.00065667583764,7.805150737900727,1.4029604922820105,3.0179016398785588,59.084245931226526,5.449527482647605,216.16666666666669,28.4,2.8222222900390626,142774.0,82382.91067701399,3.3037698412700784,-18.69566150760317
-84.5590593479,42.7206223919,40795,16.68763665402475,72.57873354777247,9.313551287930547,3.1843335879595807,1.4873634681358712,42.83744719724494,1.22610050648961,5.467571999366363,2.667135372316398,1.7253444846730992,263.9436718079872,3.2036214674781816,157.92857142857144,29.13809552873884,2.507142846243722,217338.0,42064.23692129313,2.4403845016266814,0.4966198065739604
23.3322505846,42.6887612076,40809,22.38015734873442,69.82343508860694,16.086263708941978,3.333768821381042,1.5878778084143097,27.84090362063289,1.1623137255124,13.784397522049913,6.662798745646281,1.576302767709095,606.3878142632628,3.378568097623877,216.625,26.275,2.091666679382324,896677.0,47535.06318217151,3.007547347621255,-40.24918425647877
-73.767881723,42.7075224635,40858,17.54156960706208,71.75268747072025,9.83520919410171,4.337075451492682,1.4170386617502269,60.126135475631926,3.95065372678658,7.651845310669565,3.2259643352906284,2.416532377402461,76.82449791884915,3.9668620124552505,252.0,29.509090909090915,2.309090909090909,281671.0,52688.988571773465,3.0220673350288507,-9.695347830046444
141.603019777,42.6442285083,40902,20.82272789278773,82.24580314441307,0.4934717490792389,2.553246879422432,5.034964796021672,28.69714267269783,32.23344702320518,7.811179106050369,1.995313793326938,1.3874665939965367,14.070616835236644,2.27743490552499,293.1666666666667,21.9999994913737,3.488888905843099,134677.0,37319.35422529459,3.9938412698412513,-5.878329277765097
-71.3262876745,42.6359374226,40948,24.97631008837924,70.80304788048129,11.599319265417948,2.4470085026812773,1.2462735749578426,64.15122382506242,3.87005213160315,8.170463052529902,1.6531286488309458,2.787017148135733,59.82237940082084,4.864822901636424,217.6,28.693333129882816,2.653333312988281,127834.0,61927.01010685732,3.4481632653061034,-17.279074477685718
-87.8676908081,42.5825060178,41069,16.81751979433469,77.3479992707569,9.337948626225602,2.247585244343331,1.4806204972270052,10.36082886116321,29.115132497703627,5.9236369047582125,1.761321102260471,0.8795262218240683,198.94469537328663,3.1736979384517743,168.0,24.6,2.666666687011719,103313.0,60554.15569192648,2.593639705882304,4.019351095094578
-114.462559093,42.5643465088,41113,17.22302477798369,78.10077422670139,10.6412303108487,1.8529873687706704,1.020570482315022,7.896885980940111,1.42801045016919,8.376493114170023,1.7344614105885767,1.2549816072520013,1132.952324019019,2.235851534701109,38.0,30.616665649414063,3.75,54794.0,50790.89998904991,2.944892720306541,2.798888364223103
-90.6951943923,42.505926514,41233,16.00925778382801,71.44572167595112,11.868825116858993,2.265229190781891,1.7060753020983197,39.67333251851363,9.21948421913636,6.398706799670383,2.491155217129573,2.8065434012515373,231.40074112653068,5.4360189891129655,310.3333333333333,28.65555623372396,2.9,51239.0,46897.60167060247,1.706984126984139,6.159701311150656
-92.388860008,42.4967158244,41280,15.05758045640462,73.32627914849117,11.4902295944146,2.7698629700846147,2.309991241253417,21.15047308688589,3.65212632208909,5.67704686405459,2.4666838862046525,1.4796753708363162,276.55797811423963,3.488678741611516,410.0,29.325000000000003,3.325,84176.0,55586.879062915774,1.8645529832487,-2.08822651146852
-96.3903678521,42.488576196,41331,13.81851110843414,76.7403994094461,11.739833682430794,2.097698883151417,1.1145378219711293,18.82406017072633,1.9571819468794296,7.819034261588119,3.477895743706436,1.917938866474539,358.94152675018364,4.928234527256376,165.0,31.15,4.183333358764648,66918.0,96175.54248483224,1.5588066755279328,-1.157159290996958
59.6085181522,42.4559448092,41485,15.27467135591488,73.99058460888143,0.5168848893010857,2.223637362578537,1.339122883198815,1.91021769715205,5.9688728500149,6.9194976323968165,1.659905541785612,0.5667957673868058,74.19818692840745,1.5204174584385997,4.0,35.93888854980469,3.244444529215494,237119.0,8533.87157503195,1.530909090909013,1.8639859036904909
-122.869416417,42.3424814888,41679,18.72478575824834,78.15562028735529,9.281388626289024,2.3647920551048136,1.6325809755734402,19.05280218888509,0.11330250345723,7.679364451194583,2.89009607190924,1.4368167213723355,459.69104142108336,2.4398838640573097,21.875,31.03333320617676,3.124999961853028,104606.0,38116.01040093306,2.347712287712227,-33.30345883367494
-85.1891348364,42.3171377146,41704,14.93706475084992,68.81005847174532,10.880649690675636,2.214251023915585,1.6200379964281475,60.14259281083483,2.9088174371246,5.596019992353774,2.5343122132861167,2.716275766944783,274.30687737902895,4.150043922814582,192.0,29.200000000000003,2.65,36536.0,38815.77832822421,3.220693779904252,-2.6442195077057704
-71.408839508,42.2961987231,41779,24.16905953249305,68.46795585054562,9.360477514896608,1.8328152656946584,1.0631171019580177,59.1083409436834,11.19543378995434,7.7717340221631,2.065626226410349,2.727342402002482,60.79168111455969,5.374764136482835,219.0,28.633333333333333,2.7888888549804687,58580.0,56557.7543700922,1.815546772068448,-4.471453263436615
69.6013765488,42.3376910054,41787,19.57017921750386,79.7819995926815,12.866333274408897,2.6262894379253767,1.6036574054943091,3.6027956493340203,0.10153710579954,10.228619330382978,3.099869804168323,1.236976108477209,515.2377848489624,2.8506816221469555,21.8,34.60888916015625,2.44222221883138,940166.0,20619.36359111049,-1.0804792644756844,0.7145263421589334
-87.8679417253,42.3549898031,41798,16.81371936295902,75.07011530558364,9.774769511466776,2.756477488367248,1.638852835468613,23.55275683421641,33.89119359245875,6.710888416571193,2.766197833057488,1.2869503153630977,198.11919477049847,3.652326154959912,166.62499999999997,25.287500190734864,2.658333282470703,130790.0,77506.53140148333,2.460982390274406,10.317066205168544
-84.4041418084,42.2471819543,41874,15.621169754200178,73.95349796880659,11.340895217747562,1.8326694216943489,2.031085958012681,44.35704562711483,0.02401691645411,5.802804900278652,2.3245263119788504,1.7238008641509317,296.17860144687944,3.5839675711002545,189.0,28.722222900390623,2.5,45393.0,49688.97224241623,3.710075147611402,1.3363542552399963
-88.0061517546,42.3198694336,41892,16.29656304063914,69.61559981768545,8.453871391707548,4.496727608354661,1.016470965524867,25.534314125099428,5.82854719155612,6.010419923634893,1.576947674421766,1.5237299925216314,231.41372022747169,3.338266029150544,188.42857142857144,26.752381243024555,2.8095237949916294,148941.0,83659.42627617647,1.2505112570357255,0.1643523110819842
-71.8005913089,42.2655922786,41900,25.762040668176827,73.46583584788692,11.695594612596356,2.766068728419238,1.131998768530173,60.95163823253006,5.4458040738709,8.469227160047232,3.2981249067577685,3.0054188107681403,183.768208359966,6.073280177838902,230.7142857142857,28.11428527832032,2.4666666957310266,180072.0,72342.76376671552,3.3058382295338333,-15.695605649100628
-83.6838794964,42.2502491725,41923,16.51768988774379,72.05595279785952,10.063660093440909,2.9693374883971897,3.2947597027634896,37.13316935317227,8.390360172306249,6.640235042347356,4.000313072963525,1.9943025897411664,249.3419040520056,3.989849340587286,195.0,28.818518744574654,2.7,179951.0,48672.82994815256,2.206914078493245,5.069943513963807
-89.0397725437,42.2852715511,41945,13.15594456667251,72.55061648159577,9.821716356210986,3.3094248136042936,1.0706206491160457,27.38467187882912,2.60407317240348,5.439885958384972,1.9199721621590893,1.463656542402587,241.46941195689124,3.259144982965083,211.6428571428572,29.39999956403459,2.957142900739397,190088.0,78902.39154496868,2.8452850482850067,0.0538857953228841
118.93135088,42.2730075738,41971,22.69381486779671,76.78954453930307,2.441446437818492,2.9208016678707924,1.4040242729391472,12.85631172547325,0.03012247317287,13.339488374683372,7.624563561989729,1.7476408989271015,609.6567433860517,3.063083359345716,170.33333333333334,29.2629638671875,2.2851852077907986,487870.0,10515.913335519705,1.3237379396203437,-25.88913162166409
-85.5889753533,42.2619335532,41980,16.423989884560932,69.66891825896978,9.415375502328835,3.4833603917971807,1.0048655943647682,46.31970572466591,3.45586564289413,6.082171865690141,2.252855543275373,2.3921817378606858,268.2983861327092,4.380403289273049,199.28571428571428,29.185714721679684,2.8095238385881696,103570.0,43806.93113836054,1.7014975247524262,-5.133662546892879
-71.0850239808,42.388771513,42089,25.40248510698739,76.24695434169203,12.76873214303362,7.0371118597588005,1.199311729079271,50.43098714834022,28.11762373942605,8.264629131431624,3.817238696380472,2.084260980435315,38.57563455815267,5.350776995444269,194.60655737704903,28.279781354059946,3.521311480412717,2328866.0,73774.3606579339,4.100080866523911,-8.13702146642272
-88.3397469166,42.1988051821,42108,15.26746106612442,69.82578565089246,8.683715579172587,3.295860409550128,1.600170394222559,19.15064802515795,2.6678127593321,5.623777202355168,1.2834380936051424,1.1771573887065816,270.69834130626145,2.860221102284649,233.1428571428572,28.77619105747768,2.9809523228236605,70980.0,80411.73478444635,1.3072619047619582,0.0159838237880194
-71.0795235161,42.1526280571,42182,24.95055105261845,66.4997683644622,9.261188388674316,2.9991247058195407,1.7599727429232432,61.31416475825865,6.89025148253685,7.671790277560415,1.5441055104998818,2.519727003543366,59.64218581954387,5.50331719738029,216.0,28.1,3.3333334350585937,49250.0,77188.00972588832,1.1826697530864294,2.5505741404986537
24.75708799,42.141413699,42247,20.772652048552352,74.20722145181978,8.083694544645846,1.7492505918938734,1.104815183967788,8.81763132611423,0.69538869958531,9.108149263303115,4.400594720430232,0.5335474078726995,161.3099222261391,3.616333726884001,94.0,30.33333231608073,1.966666717529297,315853.0,20552.42418150216,1.2007457180500865,1.5341824589853843
-72.5684248746,42.1432857491,42324,18.45814626804563,71.75927754156895,11.600908421700334,3.616931835178391,1.277538453016345,64.35446550217644,4.30744082160565,7.64616545864712,1.8162271093866964,3.0309803788742484,84.1915577311951,5.078860310217048,221.9,29.87000030517578,2.186666687011719,248883.0,65981.64156651922,2.792457016649621,-25.71364055462186
-83.175901878,42.4496081855,42357,17.32392044495191,80.43169821056749,10.932435310250993,7.4471360221862195,1.1696130209608806,23.496861555916148,30.65143767941813,6.121523217413072,2.3826402245601472,1.145975920508284,218.20796974053832,3.299226002772307,192.1990291262136,28.94142393834384,2.7686083776973995,3482490.0,48864.5904335692,5.706195758729924,-8.867940073907931
-76.8175513267,42.1208546644,42359,16.34294278450243,69.22880323884355,11.294798923243768,1.9760076076794288,2.599097126535489,43.72635696913161,1.2787846754226702,5.644553015795083,2.140397594342006,2.9270455815779552,298.28960161686564,3.4691874727715137,197.0,29.73333435058593,2.8000000000000003,38349.0,56026.05332603197,1.203493540051685,-28.28942891472002
-80.0932486453,42.1042696896,42429,16.51729905598325,77.23297533432559,11.397145352984795,2.276783155455564,2.1382186436224115,34.12636153383901,44.68407927853515,6.3954932112796055,2.538355592859427,1.4988953068635469,238.7301384514384,3.591499875155556,218.625,26.591666793823244,2.7249999618530274,147023.0,49576.96756969999,5.176249764195404,-0.8847717136846995
-71.026296067,42.081864664,42434,23.304584783510272,74.35488324089415,11.351655674066022,2.0774601704620825,1.21558660828853,67.12308830386414,2.13092829726686,7.378347273703269,1.406343045113896,2.599298429131808,50.56195216656912,4.760512917191737,219.25,28.15,3.283333282470703,89280.0,83446.20403225807,2.6662182998579738,-5.445127926841998
121.773795212,42.064736073,42518,16.01307195341546,78.06934258352325,1.256096495885039,2.559004938668547,1.9619963325184588,1.4840988915000302,0.05632194620382,6.726619715096495,3.1296339876398984,1.0756386221338008,190.2072950077166,5.808530457182693,182.3333333333333,29.511111450195315,2.8111111450195314,142728.0,8930.710435233454,0.8874878306876894,-9.731201678281309
21.4376252973,42.0015911981,42692,20.558268224596173,77.7293404748615,7.498507723811727,2.8689903037066418,2.3068943894793064,26.40545408534062,0.04946558802493,8.824615177766235,6.065154627143526,2.480197106081115,309.6755314781734,3.6222778463169982,226.8,30.24,2.0399999694824222,439564.0,17588.505869452456,1.5190739761442913,-48.91549064729355
121.641798367,42.0035426301,42754,19.883389355562787,78.57558622374006,2.079687644374461,1.9799623679542813,1.4183235870530333,1.6956267188350398,0.9407753430567,8.937927928759748,6.04247100859861,1.1425917128061,166.37266265175137,4.125562332839655,182.25,29.79999961853028,2.7166666412353515,580075.0,7682.788511830364,1.1730256410256104,-29.281475283795004
-91.6604872401,41.9959068232,42822,16.54731105436609,74.23429221090073,9.273200295501551,3.223177681627057,1.500223267341298,26.085944182318897,2.83412298006526,6.426080879868638,3.04889690010789,1.806967332710149,248.0250928431697,3.837944166403111,332.0909090909091,29.74242442737926,3.072727217240767,151882.0,61689.58916132259,2.165185920776821,-1.1984014337983808
123.546049621,41.9339189098,42877,23.76466836070478,65.97629654646029,3.1337107466038403,2.6093608192112883,2.3627319880101405,10.59683921420284,0.68481916321529,9.230708099572755,2.7509999545346258,1.4194994874988385,78.12910840885662,3.1433782558538885,290.3333333333333,29.52222188313802,2.488888905843099,71510.0,23128.688491120123,1.7390245478036943,-6.331703892251156
12.5135769738,41.8903194478,43194,27.029907386671542,72.23922891201559,12.145670870801672,4.626093146610425,1.392838809597681,11.77868427138254,0.52911390133218,9.60807989090099,3.08894767521869,2.0175640493474813,55.31401724044603,5.510210204054334,130.21052631578948,31.107017758018085,2.350877203690378,1956875.0,45617.237378984304,-0.2574802308801054,-7.887707883133956
123.850179251,41.8475683531,43257,23.66947722754296,71.36981538076486,2.664102072672452,4.452713473587459,3.199252183339063,18.537144954972508,3.3649215854996903,11.99275007086502,6.638894268751432,2.5102866823961505,104.59471700162764,5.14858882232098,390.2727272727273,29.76666648171165,2.2606060513583097,987318.0,8566.579974233226,2.0772085385880814,-24.65677020147706
140.741575228,41.8071551203,43343,22.97836263475872,82.65036188048214,0.8750902805643425,2.181956567170914,1.4720972687322904,15.93813335849566,35.86568612205323,7.338036579012782,2.2612806085079447,1.7339669245708942,45.546068639999,2.6765484554661576,363.25,23.983333587646484,3.2333333587646487,215578.0,38641.728460232494,3.382202797202808,-25.22188959995537
129.770339248,41.7795926444,43396,13.49491178984232,81.53240229375479,6.953620748815307,1.893807974335129,1.2312282257570604,9.86749149329032,22.85516921790606,6.3729416479294185,2.765225650169111,3.420502532100349,45.66081057380529,3.8071975170181167,337.0,25.033333587646485,2.066666641235352,204832.0,7587.900401304482,1.8573272727272752,-34.93641330956897
-111.826369818,41.7420571397,43503,16.18829645640015,72.08749197167727,9.17001902633278,2.0641444802441384,1.2537107075520393,23.71199580928266,0.15697318369814,6.269114071388545,1.855308710033429,2.470198393157702,1433.062358048927,3.0419459150405945,68.5,30.35,3.35,60661.0,32118.927910848808,1.158994748687178,-35.673019442978784
-93.6099806993,41.7210441004,43538,16.71124339199876,71.00581696038991,7.611368545714363,1.8354493568133887,1.133311193232224,28.51982419289088,0.18727846731594,6.879434712946723,2.9844084876846853,1.4644720098399275,281.49312732338285,2.3725814832598537,304.0,29.85,3.5500000000000003,46760.0,83282.48883661251,2.002410256410201,9.57558738738976
125.974735388,41.7486943491,43570,22.90893380734944,71.78633949700651,2.5504947867186547,2.6355818172782004,3.3956709210457445,44.89036224842533,3.0649558638598,16.481804854381345,8.365515982699913,5.306370051783044,453.54222661416696,5.877561527296435,504.3333333333333,27.700000000000003,1.7666666666666666,350814.0,8166.336047022069,2.449632075471637,-49.81755706992766
86.1726253213,41.7378386,43598,20.41535592580855,68.73816929075763,4.36876310612721,2.7761154865773747,1.9386815199949576,7.089698107635151,0.85952542140732,14.604267781625577,9.313295557526445,0.9214555993882,959.4977701710408,2.766245811318062,27.5,31.81666641235352,2.541666641235352,342249.0,27177.004823973188,0.265621794871663,-9.949427985484816
-71.2955258427,41.7228033599,43656,16.48582230539886,67.17214194238524,10.175091765054823,2.418547196859684,1.838647294492325,27.176511924250228,38.83389008775161,7.153057179398299,1.1598801750457222,1.2542314368455825,8.327552784811743,3.947005021535997,232.5,27.70833358764649,3.808333282470703,33906.0,90158.3513242494,0.3440079365079214,8.56498123796354
-85.9670689888,41.6846686855,43716,17.33988642696236,70.47657180665652,8.847143848102386,2.663860136774771,1.8307319232565145,33.35966005500815,2.28769712470543,6.200981602128503,1.7694537267412271,1.6582920806386332,235.86290542209585,3.3513275237926985,227.6,29.38666687011719,2.753333312988281,60565.0,51008.04994633865,1.8063816091955085,-4.261997645036558
-71.1546553398,41.6907125232,43721,20.69261585220567,79.63157784111979,13.858245964108832,1.8503468115469028,1.700548803823934,25.69539984824221,51.3722797568013,8.641242230733235,3.1542959747753136,1.153475999349969,33.98194833864972,4.069870241052973,221.5,27.533333587646485,3.916666717529297,78661.0,88602.51700334346,2.1423315444245645,16.93259948931582
-91.5237572161,41.6497308443,43783,16.61439294558948,67.49893206063707,10.454993809289606,2.028487971034577,2.817389730645832,21.81055161643529,1.02512719554041,6.601929180126766,3.4564684016360454,1.6540523898711346,220.12697975618923,4.013326062495028,304.0,30.03333435058594,3.033333435058594,74348.0,62695.76679937596,2.061849593496049,-3.7891883413924745
-86.2278250755,41.6745339476,43862,15.673062038853262,74.8092542983781,11.38977793385586,2.864551267401424,1.5658404159163477,39.17867764626519,0.36847359115911,5.846655721108842,2.040281670945669,1.4989975281409718,242.1294499124482,2.932396912852202,240.2727272727272,29.07878778631037,2.8363637195933946,155488.0,56231.0758836695,2.908210678210537,-12.538092899801969
-72.6993187569,41.7272135342,43865,17.87009105569681,71.28880052153005,9.111394453098065,5.950952751389532,2.471692759196104,64.46201473943641,3.1811757916005696,6.913546716396949,2.463241403688039,2.9940168583337194,77.75601157186854,5.146010251561045,239.5555555555556,29.314814758300784,2.3999999915228947,473221.0,71980.3886196935,2.874699388921784,-31.64768300888271
-0.891577919489,41.652369726,43871,27.84568184287214,80.4481456083169,13.057503095334406,1.9161574428785968,1.774338672848668,6.08926151483855,0.93019308426637,14.128144235473137,7.852811488816695,1.340586505158342,225.7210854199216,4.46062130383074,42.6,31.16666748046875,4.006666687011719,385811.0,59198.85190417071,1.0945980392156116,-6.368779345934001
123.371467461,41.7829122865,43889,24.45404208115996,77.75322814827244,4.141954685854395,4.663670559983813,1.5528668825978929,4.00286214008032,2.84628346140996,11.99266704112202,7.641455363909141,0.7462019656905885,47.27940854238586,3.237642208358044,289.5471698113207,29.699999942419662,2.390566023340765,5084629.0,17761.58025472455,3.660718864495095,-1.126609176897972
-71.4313157964,41.7802824732,43988,20.19752264966348,76.5169823966398,11.976333626427758,4.391548976357114,1.5062915679221998,47.10109733180807,25.07802891371755,7.947964628164511,2.441412543862643,2.0304141784677885,45.792181643019454,4.556141686620709,239.5,28.346153611403253,3.608974292461689,576794.0,73083.12824509272,3.99122002966584,-14.816939981973269
-70.9413159054,41.6531039851,43990,18.52412147149097,74.3138042128143,12.655634136929407,3.0144745840311544,1.0143501694689736,47.00172615879049,20.9202805334135,7.196864657148102,1.953054526773236,1.539123399147002,24.681785709690253,4.30357612379999,195.2,27.606666870117188,3.946666687011719,104705.0,88423.70121770687,1.6144071815717247,2.453601472874759
-4.7315444133,41.6335999609,44025,24.53538614726684,76.59145081528496,11.539518929732337,2.1852385220162303,1.0780331796383649,6.74402533596943,0.69585214246811,11.664669811233944,4.247345616846363,1.2768061115216585,711.1319282830958,4.233102193159656,74.25,29.18333282470704,2.674999923706055,215203.0,54724.68789933227,0.5851746031745506,-8.720519830556327
-83.5887853718,41.6523156357,44127,16.33212279379642,74.87133015181932,8.858410195645764,4.38302476998549,1.5749391882781996,14.72805113544976,10.76213356752775,6.543009398942302,2.547153574648598,0.9547069355057728,190.891036459705,3.2646715033630063,213.6875,29.65729141235352,2.765624980926513,378219.0,67506.99022259594,2.227775758549683,-1.1732064429619982
-93.675815274,41.6030852525,44233,16.886383201721568,73.67630628005159,10.407967673842633,3.64112594652708,1.674281809831417,32.07071449200457,4.105301526987111,7.168812611945381,3.953748481504767,1.820465349351884,269.4455172219783,3.935911838760133,316.3684210526316,30.238596223530024,3.421052631578947,330057.0,88541.96334269528,2.4109517133957183,6.300147939995952
-73.0378139545,41.5614259572,44251,16.240820148169497,68.06489946081075,11.04013268813702,2.3836058943591407,1.56307158894092,69.04915620865214,0.9630185469668,6.416460374853733,2.0485084168502854,3.436559239559583,183.9025674180577,6.95073867919948,254.0,28.8,2.60000005086263,85398.0,65812.92529099042,2.980710382513568,-39.59779503400589
120.429293775,41.5776628364,44271,20.308022423608747,76.15076946461595,1.7873176528405663,2.557817086120904,1.0051071123732085,4.069838532873551,2.2637014094586,8.554984415402979,4.817613810071352,2.321358114115657,217.4972967878244,2.375064943717581,185.125,30.641666412353512,2.4333333015441894,371145.0,11828.365186113248,1.0725654923215302,-35.84847346199777
-90.5560268181,41.5514308772,44312,15.78500712868434,71.41698723166756,9.707308140814549,2.5651740154576634,1.826716781749388,15.394035682978927,15.77553703389088,6.074079402945189,1.8360568098559256,1.2189194089588715,202.868676332068,3.576397496634981,282.8333333333333,29.43333282470704,2.966666564941406,124138.0,50974.0245694308,2.0791368227731937,2.396769370714821
60.6185517711,41.5494458781,44335,19.579204543484,76.4266786762952,1.214399828380215,1.968215485975096,1.3060130948718114,1.25458965191408,0.49493055418342,7.430962443351746,1.9608940005217312,0.3897780190771523,97.62539018108532,1.8689574342278945,5.0,35.580000000000005,3.213333374023438,237367.0,9117.564404487564,3.316812196812116,1.449720692327702
-74.04707765,41.4971011572,44523,15.8701684910563,63.9384714207127,8.04727609820054,2.468881533429183,1.2267849136692697,45.51281076497989,20.77796098800363,6.605974854999467,2.0525181696942667,2.617313643861474,87.46612630684827,5.875935997358884,234.66666666666663,29.811111450195312,2.4,47229.0,53390.166211437885,1.834145390070944,-3.708033552738869
-90.496041102,41.4929423533,44549,16.406302711310968,69.44743163136393,10.523879931981709,3.029098358016371,2.3851521456887776,26.00858836084971,23.32605148392413,6.341650227699292,2.042664198054776,1.4947162644180596,181.17057798329927,3.699133617465982,296.1428571428572,29.585714721679683,2.966666564941406,85967.0,57143.79278095081,1.5730476190475997,14.909787778812785
-82.6950551334,41.4307286728,44762,15.736881883910788,75.43536037849489,8.094570066829238,2.1768300532583,1.935951288848437,7.42344310127933,34.3784704721757,6.511449690627727,2.150885751926659,0.832908863506535,181.14103486418088,3.139138736617907,221.0,27.61666717529297,2.8666665649414065,28861.0,41220.8132774332,2.864646464646519,0.6113810988053956
-87.8793339683,41.7954688585,44802,17.55784814551393,80.82952554134694,10.86963385490483,7.722208300615403,1.5055672857379967,19.58959188914865,22.80189440046014,6.214458004289488,3.422339570198893,1.009233186009991,210.87553070836657,3.229766869766971,256.1730103806229,28.53079605366532,2.7772779592758225,7178505.0,67451.19395291914,5.162826724256831,-6.219418623721282
-75.6578599527,41.4174500044,44920,19.51397854785876,76.3031423479316,13.962377298231647,2.3095199231344385,1.811128754361513,68.58670758656017,0.6708971403725,6.9460220410143005,2.657556084820527,3.4700850746629617,351.70600365502594,5.153589692852822,274.8,28.75333312988281,2.653333312988281,97963.0,47764.79860763757,3.8725174449810993,-85.21806187647138
19.8006897714,41.3427758604,45172,22.13716134518223,80.58290856683864,3.693872554600032,2.0990039217149867,1.50242390031674,20.009073908381666,2.68645550188419,8.748957293958531,5.305850541508482,3.6614135561516994,137.08888079576172,4.093003209295135,134.8,29.713332519531253,1.04,566944.0,20770.96219379692,2.031689189189194,-31.01964714201425
-75.7606802796,41.3332986128,45238,16.46926988051296,65.49787842803204,10.01307599338923,2.7898813883365983,2.0000200716207983,62.01099708757754,3.05492841438766,6.258397003953011,2.024025163495627,2.9458749843505103,256.65598904089825,5.207395346633438,279.4,28.8,2.646666687011719,35890.0,50123.80674282529,2.832567181246418,-26.01631047976042
2.15533026025,41.4397238844,45291,25.78725320412926,80.208095854943,12.46221097575821,4.309377582444346,1.462973861415276,31.639729656446868,21.86111107177929,9.123534486606722,4.035057252674458,2.69416347051753,106.75205228138384,5.239228896598256,132.4166666666667,27.7625,3.169444478352864,2507429.0,56373.78533270531,1.8142758377422863,-39.37398206709267
123.75539089,41.2984514022,45352,26.73152821919571,72.3515134560193,1.4782738649819578,2.3838990075370043,1.8767552202542024,59.874408651105725,0.32081364428702,15.099967760689866,7.45192177102232,6.837730063470757,238.81594401457608,7.700724568258176,457.6666666666667,29.0,1.9888889058430992,738332.0,10797.816262873612,3.1032869367977014,-93.969631454153
36.3058468764,41.3007696352,45425,23.35432281130625,76.08733809581713,17.0278550826471,2.672740727804148,2.999453170230748,13.388926661076612,42.11850613601756,10.948966154992114,6.204314768394569,1.9363935054046315,56.67255102546833,6.208180099700543,70.8,27.240000610351565,2.8000000000000003,361259.0,37717.636692788285,-0.0817532467532942,-2.7033821678086696
28.7330871601,41.2743565223,45498,34.53452133719369,81.9740339050656,0.6348550679515154,1.4945585805977482,1.0729864037375765,42.14666356914147,1.99024492012772,12.646884647616996,5.704596020645223,2.4994538257582435,90.92036454915764,6.652274552326608,66.75,27.86666717529297,3.066666641235352,24147.135,17742.46982562547,3.154045407636886,-6.902499686608664
-81.7144229969,41.4648192123,45554,16.360024623184017,75.475522214157,9.13788950424357,7.019231418482669,2.8879168829336246,35.62857227308637,37.07915750985519,6.770696666469105,3.645174153197128,1.4977132716430512,228.56056455717496,3.4969559524184457,230.3205128205128,28.023931650015022,2.8662393071101246,1426584.0,65352.25220386595,5.493658850036923,14.143287274107394
119.401617614,41.260845975,45577,20.82103687867594,72.31868008010844,1.4662210546027477,2.466449515919221,1.517898864459418,2.78328657195433,0.0,17.93042788096523,8.386500644492633,2.371876455774389,440.0890585546529,3.3354891704158103,207.5,29.65,2.366666717529297,136032.0,15493.001521700771,1.3327561327560602,-28.515982542188222
-80.8101971712,41.2436963196,45593,16.75446650961791,70.57216234145827,8.511916689847201,2.6670669832047063,1.111171930688258,53.10324983299054,0.99864880151456,6.795651209817586,3.214423803172281,2.400084808888861,282.92951122108195,4.3384501408254845,239.5,29.40833282470703,2.7749999237060545,30719.0,45081.32032292718,2.281722652885496,-3.215094072680415
-75.8780231418,41.2544784701,45596,16.5456663084238,74.74021840406489,12.00553164110771,2.569486856795554,1.5760639660569375,71.74423876183451,3.22639640718717,6.699033895703249,2.428145029722578,3.869893617859333,281.1123881891217,4.519480923962545,293.0,29.28888854980469,2.6444444783528644,87536.0,40237.496447176025,3.7292529064228006,-93.68451375305624
123.182884377,41.2504318112,45690,20.30234730777965,79.72069568634345,1.886279461395831,2.3235420552027173,1.7498118814884147,4.78801970644526,3.36435615072202,8.79585772043911,5.301375815310877,1.1586440657308006,36.95237741265007,2.7648776402171893,409.2857142857143,29.542857142857144,2.142857099260602,383248.0,15050.807179685216,2.510545107033586,-3.8074008463717055
122.013224308,41.212309728,45730,17.27466696684783,73.76463861641889,3.676332593182598,2.814963161722898,1.5550092738085668,0.0541423306327,10.96198182162402,8.667872149903786,5.89816924036742,0.4727145876812832,3.672799770633581,2.2041939954177208,202.0,29.15555521647136,2.8222222900390626,166169.0,22117.720784261805,3.0551663641862774,1.5181474632067622
69.2564019115,41.3060087931,45766,18.45899433901516,78.375003805637,1.1156667370520088,3.6522607765193937,1.1521358606446748,1.83992335605222,0.55103689885592,12.827299484518242,5.145572525089351,0.7019409819669576,434.59774024779045,2.704435422639389,25.729729729729726,34.80990971745672,2.532432387068465,2398598.0,15544.262474161997,2.223297156318324,5.841717947210441
-96.0540154394,41.2449410424,45917,18.21034093453101,78.76440664518175,11.136997199043336,3.971540916098595,2.066264592726488,16.56134562896433,2.82756910045104,9.245709722155128,4.014441415065806,1.6143228803235965,343.5807932586273,4.317281989360359,318.3888888888889,30.563889058430988,3.810185148451063,690515.0,79173.48776492912,3.12496704855431,0.3534782768288664
-73.0450382335,41.2553220913,45926,16.66677004525421,73.15550349068505,10.525638421455154,5.117500446882242,3.8032005709837904,44.07230645687044,31.8943372500906,6.873800846732242,2.3704591005048434,1.7693318455052884,30.850771791687784,4.288172317153544,206.35,28.706666717529306,3.4400000152587893,511777.0,61813.43088298218,2.7691828684133384,-8.900577775402407
-87.8652795851,41.1461882787,46025,14.06904332185405,77.03324412945804,9.902493502777816,1.901771267430592,1.133305240040531,9.84929325810428,1.73661187035834,7.215426089539566,2.3563345001424296,0.9743280646784842,197.6881373271721,2.7693109987579425,212.2,29.786666870117188,2.853333312988281,49953.0,68191.50659620042,1.5923780663779894,2.7917610993251003
-104.798121571,41.1429721179,46056,16.31124013755991,74.14687484442122,11.248008056060783,2.687821470363399,1.2707347277681336,12.922275801599358,0.17503391119758,6.192337273465202,1.9329646636990407,1.0016202777526124,1855.6963771302337,2.554036911486265,86.5,29.15,4.283333358764649,62682.0,51485.72165853034,-0.7833599444637684,-3.720941025629827
-73.4156332449,41.108949027,46180,16.29892997737302,75.75234767311379,10.108276395020686,1.95642344573024,1.3627090056546551,40.99760418489244,25.07638641094773,6.942978052333563,2.2147237951664023,1.436697960125099,26.99758040705223,4.348669808822996,234.0,29.144444783528645,3.522222188313802,66716.0,67223.03634810238,1.9358333333333348,-3.0582573563615725
-8.62464692846,41.1775618513,46182,22.04419622167946,72.8751191329113,10.254974113595445,3.5067665541266724,1.1032276644437171,30.727105531911608,37.30800076311201,9.239955003561567,4.6188708387391655,1.4700682113620556,62.71926696295752,4.993261153554078,57.1,24.56,2.70666665649414,666707.0,34724.985596371414,1.619899317258728,20.28704494618266
69.0596207672,41.1105823275,46202,15.903953500732207,79.01476556989667,0.3807781522807687,1.871385159943943,1.386682210821834,1.22831405615541,0.77249169755983,9.17203977561702,3.204968253314695,0.6286047687685928,352.2367814480553,2.4104729411973267,17.0,35.13333435058594,2.566666564941406,48690.0,19553.1538508934,1.4932188552187995,0.6997283774500147
16.8302576749,41.1064796321,46231,22.4816340577573,73.9210059138009,5.0780364522323485,2.3529993878532367,2.0788571870068786,1.10454340725898,26.92868264181581,9.966097795182312,4.323940778486386,0.6956806375123316,44.19401638736857,3.310939092452516,93.33333333333331,29.133333333333333,3.3333332316080733,282466.0,28833.16834238456,-0.1083000739098452,-7.894952479649739
121.120642389,41.1160037872,46247,21.23110553537193,79.29073679894937,2.5511619795438545,3.103926542099284,1.6069702300812312,3.59422336121605,1.09196151057737,9.891007291333828,6.181989135456899,1.4974094384282046,43.179449915671945,3.0506281263243906,180.0,28.857141985212053,3.147619018554688,841974.0,7581.060117058249,1.6517481689263036,-11.163422483048947
122.067315721,41.1253442531,46282,19.48207006488917,77.06053871454037,2.3147007660926966,2.378678496627092,1.0048655943647682,0.10248797698087,4.20079158282365,11.179599065187134,6.659710899430094,0.4492533901322904,3.59596723837784,2.381875144398164,211.0,29.06190490722656,2.7904761614118305,412247.0,25950.62580685852,3.2249820512820406,1.2853887351420976
122.993023719,41.1298184395,46354,20.83626233421812,73.92880405804502,2.119310843789736,4.392341606093462,1.875234169580705,12.69367394189827,1.00155916263195,9.2931254455482,5.179724892446861,1.993930414226,58.91767036716736,3.898040409050025,402.8,29.29833343505859,2.115,1356101.0,13034.446870107746,2.8441254355399224,-18.011343974765815
-83.6396238667,41.0482123942,46446,16.15433583562893,72.84363317623357,7.963531713246514,2.0740996503827565,1.439142238555219,10.98675519319616,0.57375826289745,7.504016492928876,2.4057826270691565,0.8199441937207784,243.5818619126124,2.608358092262343,238.0,28.88333282470704,2.8083333587646484,44547.0,31641.48898915752,1.810165045682254,-0.2391151109057432
-85.1204147357,41.1047991103,46525,16.73498275710081,73.40909287149596,8.874401459215726,4.077955726053978,1.184388712726118,21.18683517796703,1.02549599673222,8.15685617906612,2.8908388927164905,1.4674425215203768,246.16147297605573,3.571375750088505,183.8947368421053,30.11578915244655,2.7315788670590053,233893.0,52998.81502225379,2.12364426625032,-1.0644019603912227
-80.670568315,41.0788014291,46527,16.65231082944824,68.0439558380504,9.60324058236278,3.2499449399627536,1.4759484658656297,60.917989705708365,0.7832541373925099,8.807570699922445,3.928622574080898,2.885135951905164,323.0883845336737,4.919414330137026,258.6666666666667,29.525925699869795,2.674074062771268,129215.0,36093.06215996595,2.80005555555556,-7.9236376399120445
-73.9593181544,41.0270798386,46531,15.827555331207218,67.4952859523949,9.953341944076207,1.9563926942264973,1.0048655943647682,58.77651153200614,11.06562171313575,6.924621210166876,2.125734305384952,3.182395401498716,48.800726711580666,6.96239977313744,289.0,29.51666717529297,2.783333435058594,33296.0,54401.09691854877,0.4753787878786895,-11.330575686657184
-81.5115301843,41.073372835,46564,16.56531808009894,74.70319822442276,11.646613400187436,3.482782751885407,1.3115647618234936,54.81200541688024,2.8550319687720203,9.51300757778372,4.441542359184624,2.550635634658996,319.4143080550589,4.301519134996916,241.45454545454544,28.58787925026634,2.8424242609197443,252007.0,46610.05501831299,2.548207018490072,-0.1098554758811474
28.6596335849,41.0256186751,46617,24.90070351192055,83.48249851497359,15.813817631207533,2.0592028741115995,1.1602372497607512,4.59572904828248,50.46171748408852,12.896747112294785,8.17734802792668,1.153093517636142,34.01285139162103,6.001507157728178,67.25,28.5875,3.158333282470703,1205369.0,43195.449838182336,2.360570175438568,41.0326020021318
70.0673088538,41.0068094125,46625,19.06360239201767,69.47901559330771,1.2023839168085402,2.2303230270215857,1.7932143301889674,6.24989030233084,0.27270114077439,9.282929167210854,3.422971711985748,2.0736485358462584,930.399038868406,2.689967979880295,45.0,32.45555521647136,2.2000000508626303,120197.0,2554.4761017329893,-0.2139040404039676,1.2631715519967202
-111.993002596,41.15390639,46639,17.07653388978235,75.2960489226839,11.1646942335082,4.061023362127418,2.0090450005453184,29.53789035274024,0.20057490847926,6.417892218526017,3.02200540836814,3.742892190599303,1450.464746115155,2.758686170342612,61.90476190476191,31.93492068336124,3.3015873064313617,383467.0,61735.55029767878,2.463810715775594,-104.0258823981692
28.879705564,41.050989917,46654,25.858216075527977,85.57137530428737,20.216310518714607,2.8381142571317888,2.0335535135210714,27.67856262481561,49.19375608310662,11.369069453755731,6.293182047887812,1.880475897267477,42.99356208071584,6.998985393809707,54.75,28.508333587646487,3.016666706630162,7199920.0,44397.28248411094,4.337133073356142,26.82380794478184
71.6840766051,41.0075842397,46706,18.504234043671268,81.65285160352911,0.5261134710321546,2.776509458606647,2.3252956738769783,2.9516082416609897,0.01148447662624,13.255354430898372,3.543829920222855,0.886439647441835,474.8451387997013,3.06318818818187,18.7,34.29666625976563,2.206666687011719,709788.0,5679.495877642335,2.280087970540194,-4.428199956456922
113.128542674,40.9911832559,46819,19.40656538269399,74.56335965492372,3.853208961822333,2.749164283912741,1.3881908691941498,12.92311787237852,2.9222854847569,13.263307206213502,10.641364446332677,1.2782540526397643,1377.1361383450956,2.4518161296239773,247.8333333333333,25.99444478352865,2.6166666666666667,369929.0,8966.98035298665,0.7761777777777752,-9.739550458582473
72.9875945584,40.9419725369,46864,20.77362656278744,78.27015881726331,1.4982889001726127,2.001717735081196,1.0417387801302012,3.43935097915328,0.0,9.033288529436629,2.5125343419006247,1.47260891676686,804.6724070306294,2.099831888089545,48.0,32.555555216471355,1.9444444783528647,97982.0,3533.0439162295115,2.1489865689865084,-22.57996147869233
-98.3612191837,40.9229399171,46924,16.40604835661089,79.14915528081927,11.14262142596127,1.627868832766859,1.770583859358109,6.32750189976345,3.4590627072197897,10.011994342785629,3.3603256448318364,0.762396188361226,567.1204443881443,2.5346999118824,209.3333333333333,31.200000000000003,4.933333435058594,39194.0,73371.61437975202,2.07301767676762,1.785716607755944
-111.892343493,40.880053626,47208,18.26420483087069,79.5328245747435,11.57482514472786,1.6081133852701603,1.6395554157547787,49.21640102943844,4.54961676496234,6.911579763338379,3.1623951037987035,4.269885705036056,1482.3630516238177,4.204524069795104,52.0,33.108332824707034,3.25,91392.0,58171.63688287816,3.264360902255646,-128.05380427802334
122.732170811,40.8614195176,47296,22.76390878887121,74.97917824677711,2.812558236854375,2.2406013986370525,1.7452097519160903,1.32757835574561,2.02949272766465,9.651933129173605,5.28641274558919,0.7043602535540809,27.79119458784216,2.398390083703502,418.0,28.950000000000003,2.15,302099.0,13350.817007007638,1.836364186328069,0.6805474358543897
29.1893003959,40.9589217782,47312,23.2268589053083,85.20508367487551,20.092846632713165,3.529521120776195,1.9607220500588007,30.269476667076628,51.27815132169415,10.995225418069364,5.717814998356349,1.6639552715980823,68.09073050056054,6.098764545436312,46.120000000000005,28.65466662597657,2.873333337402342,3736200.0,58225.12808414972,3.374711708893585,29.09403130271926
121.044391274,40.8431620339,47425,27.20143513154538,78.46205936518118,3.0247901951002825,1.7558271703999346,1.1544509184021992,1.53258802105364,36.56537717656215,8.65871631551063,2.585564235430336,0.5373414501225883,7.772407951462039,2.5368173557543643,159.0,28.26666641235352,3.641666717529297,63881.0,1654.627322678105,1.305208333333436,4.952629597652445
29.418294906,40.8240384572,47578,27.11316160764467,80.41234249296807,10.751561084557313,3.0184041432974045,1.4031407972614078,23.13800391568894,37.14023727932063,12.827091758235348,5.373970351231428,1.7807842912769098,76.73533159251029,6.34864324752174,46.0,29.27333374023437,2.76,682502.0,33523.28688121061,1.9907263107262447,41.0326020021318
-81.422260835,40.8235541914,47604,17.13767632516781,71.97826869531545,11.123002427143142,3.782733167128627,1.2963186139707097,35.123235684735334,1.53038890271028,10.574419126822477,4.384991363770124,1.942250635004169,333.7799472955002,3.813400905457272,234.4375,28.808333396911618,2.6833333206176766,177211.0,37051.786762672746,2.564313411121756,-2.170665582348761
29.8128862744,40.7635407188,47658,21.117120658447792,79.36794358623904,14.59610021261475,1.8895767493609263,3.375629839761643,34.08050389770851,49.95073695078044,9.798790715986328,3.60962210374061,3.0264977918021003,78.71016539466378,4.983247956891329,75.0,29.02222188313802,2.588888854980469,258782.0,42544.69776104984,2.377379619260921,-32.80547150907022
111.658616638,40.8092171398,47715,20.01923808954428,80.69213994617633,5.086390449330803,2.915051091071493,1.8827830750646743,7.648036551284481,1.41322118308991,16.627560886059474,10.75962503155266,2.778954337173655,1109.9600574294598,2.6107335037890693,167.0,27.884127226329987,2.403174598330544,1487253.0,23649.75674817936,1.7369851349400849,-49.853520549399946
114.884339715,40.7854750099,47719,22.20346270151472,79.36739793143101,4.282771686676633,2.141730591411918,1.2345608493467637,5.449265804702709,0.18972196459492,18.481286870216344,10.81190082204085,4.879097718213432,819.7125911633518,4.262862368751914,278.2,27.153333740234377,2.1666666564941406,452179.0,12088.897726342884,1.8194053208138143,-66.84453047111708
107.399677578,40.7601866796,47757,21.93968340903437,73.53794198086678,3.790289407400129,2.14792251845438,1.420529509420693,1.1542566340466198,1.6639569809784898,16.785217657303914,10.83908155530116,0.5121521587555949,1040.169155873618,1.8845787157577816,73.0,29.708332824707032,2.9583333587646483,165863.0,13396.60888805822,2.448516870596848,1.0668025119609863
-96.6676488825,40.8030689282,47770,16.09295595867421,80.9765151386095,10.976243015368976,2.6006501889905094,1.0110265645477214,12.4420730232576,1.22866485445961,16.835009340569655,5.062675268212789,1.0500054813593285,373.6607252587286,3.1210681318776627,323.9166666666667,31.383333333333344,4.0944444274902345,267309.0,69183.77733634111,2.711511040170248,1.2402554645196917
-82.5369633098,40.761382677,47777,16.54475007547449,66.44731872621004,8.849970722246484,2.509656078725177,1.764800501198902,42.772084774834326,0.1198911150319299,16.85217211674188,4.433683603775578,2.483881842279809,408.7195058442479,4.606694192735888,268.75,27.94166641235352,2.8916665649414064,41304.0,33023.35212085997,2.115657262277864,-9.243947385082492
29.982905908,40.7566227727,47794,22.29516947679778,73.56837837925475,12.496384747268594,2.884468498850673,1.886256036600113,19.10415583514422,20.55739612890336,9.686532684734887,3.6921043109672977,1.4965313497627533,44.06269365908634,4.752628708153008,88.0,29.28333282470703,2.391666641235352,246145.0,73439.86782181237,1.880611045828516,-10.167865438814829
30.393197445,40.7627108082,47796,21.17793505451271,77.3479811235304,16.59780681362501,1.811997058478364,1.083089896643765,7.52812375855579,1.03703826503589,8.072224193281466,1.8045542653057685,0.9158793064116116,38.839841278713024,3.0248254841523354,103.5,29.31666717529297,1.766666717529297,326624.0,19038.76881674341,3.3237935001436085,-0.8648022101317849
72.344188106,40.7724307884,47808,20.44024806995618,84.42350432587988,0.5824803667730766,2.180952566170798,1.5264105801338983,3.5365959278473103,0.17283171335099,14.233355001020469,2.970056062383897,1.100514588098463,520.7273686967642,2.0048906830760207,30.285714285714285,34.042857142857144,2.1380952453613284,550137.0,8076.380263461643,1.533367710720647,-16.562172756258803
-84.1140884968,40.7399456077,47916,16.28245725703836,72.33046111463564,7.999697488453346,2.172087620877654,1.10128832991274,17.06958261929545,3.71615229710665,8.849723466869131,3.453869392929815,0.9569668353126148,264.2203921992878,2.629922090671084,210.2,29.26666687011719,2.720000061035156,49635.0,57582.708854638855,2.2406026365348986,0.7731979241737008
14.3650429098,40.8767059846,47924,21.612780829845548,75.16675278489939,5.347663162977445,5.939973596700411,1.7303337013610811,19.594117330120618,17.35822340245724,7.841197979535653,2.91536475169113,2.7789062747836555,107.81097244074064,3.4667849687476155,113.88372093023256,29.615503923283065,2.25426355761151,2854035.0,24642.678143050107,2.089252844620603,-56.60694799973273
120.843266058,40.7446049418,47949,17.23076534474535,79.375096664271,2.9427414211175176,2.166284840271957,1.0074872917767537,5.9617670057532495,1.07286000919625,9.720133625464248,5.491484868917797,1.4870548986137333,31.532343462369425,2.8868198111298646,172.5,28.59166717529297,3.4000000762939453,451353.0,5327.806796454219,1.650287726247374,-12.1623255492103
-89.6089752038,40.720543759,48038,16.69678309324152,75.93489326466619,11.010065438310168,2.1226817654586503,1.712955919081115,45.09326155653513,13.26602668304773,9.316415916816908,3.350324238310711,2.742236988255299,186.19675127213085,4.090722833914891,175.57142857142858,30.466666521344862,3.0142857578822544,107225.0,52244.0197342038,2.578948564933171,5.216286860165951
72.0594560221,40.7091290115,48075,19.63724651501207,82.01086139074947,1.0791489557954952,2.026284129224107,1.3644162518850058,0.3710071702498,0.05275735349746,16.356176652766372,2.0047299538146395,0.4484780341937505,446.7450462848564,1.5799858849899926,22.0,34.333334350585936,2.133333282470703,111626.0,8395.349139089456,1.2546341463414024,0.3251256389559671
72.2312403754,40.6556414683,48299,18.97509059042371,76.24396420364228,0.7022054922238091,2.09615488268814,1.1443601084457244,2.0709104012911697,0.0079082735004073,14.282794962140526,2.3069889526146268,0.824365053668889,494.3942596585997,2.088455720580896,28.666666666666668,33.88888854980469,2.122222188313802,108439.0,9995.648567397338,1.2737514518002513,2.564424789480768
120.734186673,40.6193671971,48413,18.07143922096444,76.23602038869954,4.309788391136999,2.2936969649772165,3.368469001905644,3.892098881013821,13.07296487941885,9.092514563820425,4.68587889286972,0.9240106751648696,19.60888289741821,2.179039264003919,179.66666666666666,28.25555521647136,3.4777777099609377,121678.0,9133.78891007413,1.2101683501683738,-5.509373171063249
-73.5535332619,40.7876786988,48527,18.93563320667397,82.62623444031954,13.995820203818305,7.435716143563536,2.133373593084616,27.69717649260205,51.550532645012495,8.593068482815799,6.152657976752909,1.1114654975124818,22.46917257086642,3.92020030037359,262.6477987421383,28.56561841664825,3.433542994853085,10975658.0,98119.9997467122,5.137848516259567,6.178299659403592
122.234442975,40.6488234618,48564,19.17593024693392,77.97482677392185,3.8838994636356414,2.7362845159140736,1.4132974532645288,0.03885913749772,17.92655126938833,10.531675791921176,6.771630683346527,0.3085343343300658,2.10989725691152,1.989406939283868,327.1818181818182,28.32424288662997,3.2878788063742896,476019.0,22155.38653289049,4.143920561547816,2.147874335285968
122.516257227,40.6244175342,48566,18.50615643402522,75.36454239892515,1.6231940886651413,3.0811835774737646,1.6408392084222707,2.71278628133015,0.33974461434635,8.7252737105716,4.249955827765112,1.8025012104241869,38.77851220365879,4.334588687897699,424.6,28.226666870117185,2.6066666259765623,185558.0,20892.861277875385,1.9867237502162425,-4.296460899997243
115.065743732,40.5999581426,48607,21.85075633605654,81.4325550758175,2.947233282443151,1.8229051958786784,1.4306702841349124,3.09106171272386,0.18621303864914,14.382971279679277,6.934220742367649,1.5238462105351145,638.2908999539801,2.9816865120892952,302.0,28.46666666666667,2.055555572509766,229118.0,18229.38098272507,2.106177777777816,-18.933764914910853
140.47635057,40.5981058026,48613,21.60739718415117,81.6774291109601,0.8689439491456067,1.6351855801907709,1.009694567785772,12.78406636623732,0.2308461239778199,8.013736996531959,1.919350365897315,1.014559168881969,52.25377682309286,2.472185192955968,437.0,26.366665649414063,2.4,119325.0,40122.50326419443,4.101622739018069,-7.569623462994237
22.9225825383,40.6482172769,48677,20.23460767119631,80.31826610737856,14.16391674042154,2.7583301826288875,1.0652947898903022,27.75940403678261,34.65347527676549,9.604776791024342,2.9907510711567267,1.9101284837524195,86.79622557724083,4.363645444384425,88.5,31.10416641235352,2.658333320617676,759229.0,22781.92318786559,1.2372117191818577,-39.18205537104265
71.1442177718,40.5856706519,48685,18.43344074938953,78.64999028837104,0.4855533765496494,2.698239044357609,1.1107374126244345,0.09272039488355,0.0021418335623975,15.912434843314404,1.6371372237245445,0.3498135349857011,392.65820947978506,1.2930629325708352,21.0,34.43333435058594,2.133333282470703,71199.0,7345.621090183852,0.381555555555451,2.5831405774007408
109.868937339,40.6254746985,48696,18.70344319782215,78.85941305138186,2.676365849107755,4.412761500855899,2.967435642069652,12.24535182579674,3.23660681434779,13.327688582401928,8.201134121636457,2.579944125542885,1083.2867245068742,2.4823233794700577,128.25806451612902,28.490322580645167,2.350537621282762,1752736.0,46109.21555157197,2.416533265607768,-31.734151878876677
14.9208069825,40.6027174538,48725,14.58776944710204,67.15162143377194,3.305945046326942,3.615133298852873,2.4564314170595227,9.61965739607753,26.672997176290146,7.215165889617679,3.263172187619324,1.8174760051722,51.59063350178816,2.069994207393244,103.16666666666666,29.394444783528645,2.427777760823568,143687.0,23671.52784176718,0.673887937051802,-20.04546111702229
-75.424097136,40.6268199606,48802,17.71761780371941,71.54257721947532,12.592353815055048,5.343438175732084,2.9659570573053853,40.95712705912669,1.25492155796898,7.1522559870912215,2.568738385793643,2.53066951507206,139.72369897895294,3.904688663051756,343.59090909090907,29.866666342995394,2.4484848438609736,405852.0,54135.47219676142,2.825634788060309,-26.36770485133896
-122.368080234,40.5721959227,48834,15.41506984295154,71.00995948681886,10.262945227272048,2.9104290644790827,1.2467607599824702,39.14571774492672,3.861324000433481,7.589635777403217,1.672117660216213,2.185403662659921,179.67684755362595,3.7312558708516494,13.5,35.98888956705729,2.855555521647135,73674.0,36064.45279202975,0.7545080321285695,-4.266903681263727
-105.07136403,40.5506173439,48927,16.11223855439568,74.42821291351272,9.642889891174033,2.1801287892185406,1.1928841097735028,19.18707270036129,9.646746472227653,6.061368362187495,2.218330806209591,1.1852025772605492,1527.2364417930648,2.2613677368811844,68.85714285714286,31.519047764369425,3.790476161411832,156549.0,49584.133031830286,1.105608569710796,-1.6150503879846383
70.9352550422,40.5371113008,48955,19.47801613644553,80.18909467960957,0.8602170669940945,2.4148399333660087,1.0219578843472468,0.39907010639572,0.01621697985793,16.218580481346617,2.434461209865997,0.3927313481316087,405.9110179515091,1.703996633753572,20.5,34.483333587646484,2.133333320617676,298050.0,4809.050340546888,1.893734939759156,1.5561852368846871
72.0680769871,40.5245607687,48959,17.49994441553682,69.11432015415292,0.5869052436937338,2.361234055877316,1.0106955329441234,0.52409589750029,0.0,13.26343473029207,1.876563910428128,0.6441036682843553,495.080626267576,1.2760860206436229,25.0,33.91666717529297,2.1,93652.0,5573.117263913211,0.0502243589743898,-3.472429183882525
-111.922947479,40.6391717174,48968,18.90899715876618,83.87976995171316,14.738298689348891,3.240592476027923,1.0369848540301465,66.86174175792195,0.68189829986663,6.516333351427955,3.2826614898151223,6.306035405703184,1715.9020303293553,3.02800175877372,46.96078431372548,33.562745038200845,3.2784313605813424,1116053.0,70217.01210784786,2.593772076282676,-155.85360384679757
17.2015326338,40.5055839142,48987,25.49050069625647,79.86972586454458,1.7575444877799955,1.7602977954816286,1.4130808753681483,2.73070666108856,37.53287852259999,12.345520720634289,5.948171748909151,0.7478804796909397,21.4250589674114,3.765523573628908,90.33333333333331,29.95555623372396,3.266666666666667,64238.0,7109.965487717551,-0.0192156862744852,-2.4838042470391244
72.8029881247,40.5241388896,49009,23.92660606273032,78.18576943277056,1.5696144837697894,2.352039235922683,1.2592588809744487,10.03340848444068,0.0,10.713436684107077,3.6156194272514752,1.77862800031175,1029.1449098693463,3.907550160178498,82.83333333333333,31.355555216471352,1.7611111195882163,285173.0,5779.607662717016,0.2585972461275716,-8.084222401304714
141.502315912,40.5162958662,49020,21.5054782906909,79.77190033640032,0.9191199369415476,2.126278181399176,1.8544871364930704,24.84594792214761,31.66513026271941,8.692040016479012,2.537614751973809,1.6617109594201869,24.053585581064123,3.229312445117649,425.0,24.75833320617676,3.108333282470704,149577.0,30653.465853707454,3.3738585858585566,-1.0734748750974816
-88.9687220056,40.4937648465,49155,16.28241026956345,77.66901476762217,10.462101197978148,2.000695725902897,1.1213932768385964,3.5874461396167803,0.36755429090246,8.364474587421274,2.9007208330565755,0.7105348790900231,252.11157326383264,2.7662849547002377,169.25,30.64166641235352,3.0916666412353515,126838.0,62046.40778000282,1.8649484458493968,-0.8645218216865942
-86.1333025896,40.4717984954,49285,16.68456212124664,74.9424092117027,9.30235508594283,1.9205394327690903,1.076262485518085,12.67274203422062,0.2721275794165499,8.688489894209237,2.8964019389428484,0.7575370497965157,253.46339251845745,2.2204089596258925,246.66666666666663,29.32222188313802,2.6222222900390624,55308.0,45536.674350907626,2.720773701101677,-2.705694716694808
-105.079665836,40.4170203762,49465,15.989008897259,74.56603969523985,10.49802974939534,2.101071285509036,1.0121477701697237,21.410140503445,10.49041893859261,5.625576394280246,1.50320035642295,0.9115777763593664,1533.8865040103808,1.97855378743004,68.0,31.76666666666667,3.744444478352865,41949.0,68192.1439605235,-1.0781680216803622,-3.500911352320827
-104.72472084,40.4068631335,49504,15.64928302565582,76.78802758820535,11.35142360596206,2.003382614468688,1.7358733745683554,17.45759882423991,3.85522144518329,5.228060401677879,1.7796329498588996,0.7994013067845679,1435.576154559732,2.534797264006692,70.6,32.759999389648435,3.966666625976562,107554.0,50321.16148167432,1.428807917228987,14.46596699889824
122.34134466,40.4025854416,49546,20.913647552265367,72.2441835408982,2.464750821351416,2.2590729266866374,1.5461894339268525,1.57945744757296,0.67966227643915,9.21378729647311,4.4563063542205805,1.2060593328580371,16.764567120627667,2.434280088187546,454.0,28.066665649414062,2.916666717529297,172178.0,13340.842587322428,1.555931495405165,-5.338322429918247
-74.2262915525,40.7636940026,49561,18.08254495088396,78.75463162499106,8.719885785996961,7.722208300615403,1.9142695572475208,53.48191226452072,24.55104338077759,7.944366940330822,3.194716536971319,2.5204540775623143,88.14453502383998,5.41554775396132,320.46621621621625,29.751351289491385,2.982207230232856,4578410.0,76621.13464172054,5.240087794837049,-39.73427032198745
-86.8760238474,40.4105239371,49593,16.22058323548627,76.69070722275806,9.698777705883396,2.55821080037914,1.6473292927110712,25.63985200846256,1.73330600219536,7.53712281790068,2.571189877273524,1.8426557181829173,196.44007842333767,3.2975494708803263,200.5,29.925,2.7,129748.0,40692.43972161422,2.118074118469736,2.5602571571874364
71.4791680546,40.3883288064,49615,16.1490157438766,77.73407085819632,0.3979333297249214,2.018997082315216,1.7104932581024097,1.50164135982586,0.0,14.64214786595277,2.143430454604462,0.5463754103598646,462.32933173700303,1.3030663931045603,18.0,34.21666641235352,2.125,116993.0,5477.912439205764,-0.1462704918032429,-1.023327789270354
71.745206285,40.4391850829,49651,18.20065687764956,81.05448903763967,0.3908475925594855,3.0933952472383965,1.7479566064576018,2.77773630846298,0.04290435968824,12.7702467463768,2.921236032424273,0.5484086597842469,526.6229803980705,1.7336319763932162,23.0,33.86875,2.06875,600945.0,5968.015547179859,0.9725063294633288,-4.884982690637116
71.2761994869,40.3716467868,49695,16.31582926527812,78.48780161181291,0.7742962809653281,2.234713439886333,1.1254362943568594,0.34263959390862,0.0,12.867800985852856,1.976166209883348,0.4290490045830552,453.6064673486746,1.3017338970661714,17.0,34.36666768391927,2.111111094156901,84168.0,4285.199208725407,0.8489922480620109,7.264525291028804
110.018101984,40.3939717258,49699,17.378490808197718,76.60898693623092,4.445506248567899,1.9569988595755103,1.4024222851392816,8.95640411784888,0.0795960621923499,11.875821035393372,6.910539925359497,0.5592380281449714,1014.3673540405304,1.8143108638948184,128.0,28.73333435058593,2.3000000000000003,29345.0,121138.42136074456,0.9443260188088516,-2.1715737221879863
116.834599156,40.3751627066,49702,18.21751161036794,73.56621961479513,4.187839673540419,1.891295196554367,2.195081389042296,6.692569822443501,2.1147229846586,10.67413100152874,6.609360628218198,1.7273098138450065,76.7808334899974,2.720862231428478,207.25,31.28333282470703,1.916666641235352,97688.0,100648.81528949304,1.6775609756096517,-3.7139195421057423
-75.9559774635,40.348078229,49861,18.24724921228886,76.82985319096885,11.74531395104933,2.355233065611185,1.585430209270172,52.46847149802944,1.07208954476106,8.24947407628288,2.464755325820193,3.377254184083739,146.31860166492197,4.736735238565451,395.2,29.826666870117187,2.3066666564941407,165412.0,49475.85322709356,2.8981792064600995,-45.06767635470384
-79.9803759596,40.405797001,49897,19.14721857518764,69.83033881388252,14.00481352785924,5.111899043008159,1.3809235681678709,65.58077795911191,1.31967467490726,12.368845788585144,5.204272394422842,4.75912853313384,320.5291308898363,8.175549228567153,230.29166666666669,30.22083333333333,2.54444440205892,635687.0,60657.10166795921,2.857591230026003,-15.689057589006552
-74.4781182352,40.3396069731,49908,23.68494109211787,68.387614693186,5.82369911703354,2.8037684522905946,1.0329705575936237,56.68231801803484,1.49061473171779,8.046251487793086,2.584067497961249,2.2347307860690764,38.86455821619271,4.118063140618864,348.0,30.05555521647136,2.8111111450195314,44139.0,39348.93101338951,2.6787581699345537,-1.354343630262839
-74.3112205697,40.3143830767,49953,12.47499906187781,63.9384714207127,8.738023664735099,2.40908482318816,1.232957148822332,64.38341428627082,0.35117893645519,6.623304013506138,1.1736710419633418,2.826697051105958,40.86133820860079,6.3270259057260905,346.0,29.73333435058593,3.0,24147.135,75466.82332912988,1.2728567327016584,-0.664198823303451
-3.83192371408,40.3175318775,50038,22.75344406794903,79.34433265663972,12.852911572127214,2.053728116329921,1.0768013907146687,0.8128185952365599,0.18243538712472,14.929380047101356,7.043402948737586,1.078470955902434,669.6411215508336,3.881887589557472,45.0,31.61111145019532,2.5,286052.0,94298.76896508328,-0.7116101694915642,4.899230215766238
116.647208414,40.3236997717,50060,20.35724900071984,70.48037504187221,4.834965026518604,2.606631206329744,2.195227247271621,5.2223848722326,8.21735360940202,10.435656861272394,5.040793491233486,1.148282891881037,51.25480182563735,2.709296239709721,212.75,31.39166641235352,1.908333320617676,111665.0,76609.96393677514,1.16724400871459,-2.127982719421226
-3.66536368321,40.4175163441,50165,24.44133980645153,80.92628168353802,13.389627766064846,4.344702249054779,1.4718431924830389,12.48519364667887,0.05740099825455,14.769255822674674,7.036790572354189,1.493171895054539,632.0259721261225,4.501632891607108,41.25806451612903,31.538709677419348,2.535483826668032,3692633.0,57242.88485181171,-1.2385657411387,14.343221927932063
-76.8313560607,40.2808150761,50242,18.38824715557691,71.49482704936976,12.32667316750933,2.997303056091708,1.0517701363818632,31.41749799901452,24.55201760887622,8.724272656131292,3.466863132768944,2.0965153953677924,131.29969828693768,4.716150749041669,294.1666666666667,30.28333282470703,2.2,156062.0,42184.53540259641,1.507475527475609,4.181510767959793
-75.2812551751,40.2610167,50346,17.45327772094691,65.90874609006926,8.1352110881866,2.88896687225376,1.0144860952698338,43.19970910409376,0.15366326194124,7.804573445354435,2.4921677664393607,1.526666487566592,107.73558872531764,3.14889098328755,368.5,29.75,2.466666717529297,112432.0,56502.70604454245,2.0622728958101675,5.077434800323843
69.6673446677,40.2652490198,50376,17.30171577298389,78.28261631349869,0.3943224735658529,2.970066414943024,2.007060494205234,14.267199073799318,2.4351599808303903,14.099292176801828,3.618850861938988,1.38766135494915,398.4944332252555,2.225799618493814,15.2,35.20666687011719,2.4133333435058595,339555.0,2969.812607677696,1.1637946659370115,-25.008994088749887
29.0342985788,40.2226833373,50516,26.67648157269743,83.28358536461235,18.74188146467785,3.481460273757853,2.4303326146743127,41.609657916492,0.05580976806319,11.861583894756835,4.752603134432876,3.5872597381855944,208.18601787546507,4.665568029436695,45.5,30.276190403529576,2.669047568184989,1668608.0,39432.93362491371,3.168028692420592,-82.01038522756517
-76.9509328009,40.2329372163,50562,18.03057112475977,70.30273671411706,9.481069189578855,3.1535704288985995,1.1296509607595926,34.51239303464748,22.91982448588461,8.057214643851342,2.475605821009237,2.409545726501302,135.9764220661062,4.349687305533204,304.00000000000006,30.228571428571428,2.2190476335797995,100268.0,39313.36999840428,3.177614906832275,-7.538858415517666
-85.3967486996,40.1993191852,50619,15.395152038408618,74.26152390729953,11.643540775600766,1.860763593101305,1.0831605076383672,13.68505331927617,0.90903748768558,7.54747306442361,2.5413171990966656,1.0261335966929903,289.3862554907702,2.9170676759073944,234.0,29.200000000000003,2.7,62224.0,53217.66774877861,2.0005142589994875,0.5513830793942702
116.217416592,40.2090004423,50658,19.44609535638838,71.28892067627216,5.123109265403686,2.4800264126440155,1.0831605076387905,7.95003167083283,1.50675010719764,10.348448524630822,5.4838433723459685,1.813997583095769,74.25982211021173,3.133071967551276,268.2,31.43333374023437,1.839999969482422,253996.0,48688.6604749681,1.928517520215685,-8.14092244033776
122.136957594,40.2487407481,50666,19.74319890382077,75.70626681784647,2.0391804179492743,3.336292673300088,1.2686047135428131,0.77845047394617,23.51699394267019,11.354741492245775,7.749072302382779,0.7649805234464057,18.3754688597929,3.2016066175129603,440.6,28.04333374023438,3.286666595458985,384044.0,12361.719852412742,1.370304574687566,0.216790923985723
-111.736505246,40.3241528493,50755,16.98421627192299,76.63913513728285,14.37492942455987,3.825946293398589,2.667266935487199,40.9434211316284,8.6031638760332,5.641589291939014,2.4527421459597365,4.805072220658203,1574.9330966025525,2.937707957171052,41.52380952380953,33.041270083472845,3.211111086890812,454766.0,64099.82720563984,3.635831462075828,-148.33119837290678
-105.112161174,40.1704861624,50756,16.843924742719448,79.09081705651393,11.500384011971134,2.0739635361083653,1.243329365921494,11.645979584427767,4.384251027797189,5.788921742006663,1.4494910320947598,0.666801000195416,1533.928970239615,2.103155401975632,70.0,31.90666625976563,3.7,73768.0,57987.79160340525,1.42118775847797,-3.892226911965736
117.956591011,40.1792647653,50866,17.55201025024335,76.43236282667336,2.719961101873319,2.4120273382274644,1.1324261348592934,1.52373405748972,0.14110194156271,8.98363530561553,4.948966488181828,1.2550671415069496,57.05152352946851,2.1284223285006223,208.0,30.766665649414065,1.9333332824707032,142324.0,17697.48635507714,1.9740434192672751,-5.193487186064438
67.8425911661,40.1328018232,51079,18.45793738425106,84.47547694169543,0.8272148154711683,1.9783407669832025,1.2297423708172497,10.72666698182518,0.0008629071640143,13.840856295849886,3.209247003211658,1.40248855374582,375.0176171149454,1.8180265601506111,26.4,35.653332519531254,2.4,250072.0,9173.537201286026,0.1561379356883776,-11.383748574722972
65.3562192998,40.1186423894,51121,17.7096839912181,73.98736852695048,0.6606585982902796,2.502799630543204,1.8644433225004813,3.82746708937417,1.1970256564206498,13.578839680733102,4.323315769998303,0.4449525000830993,354.3796984774428,1.8099637351888973,1.0,35.04166717529297,2.808333282470703,179067.0,16887.490939145682,1.2145971424362187,6.694269118959824
-75.3467740138,40.1099223255,51223,18.09979475297853,70.85143114845376,8.896014524935318,2.824711054035981,2.1648879845838724,54.77072804125469,0.7275254038949199,8.588022872509878,3.0279925985285066,2.9205473650334675,92.19057087503774,4.411791127839672,377.375,30.06666641235352,2.4583333587646483,192170.0,43675.41202060677,3.113227513227457,-32.25271070703979
-88.251741172,40.1095279039,51273,17.786627319285937,75.54523846679581,10.015946789204166,2.7114504964097663,1.211349798805315,4.9826996199272,0.4145353944881,8.266220251902856,3.062507105113482,0.5416008531095885,221.25892478192503,2.6306762258637497,207.66666666666663,30.23333333333333,2.944444478352865,141044.0,54651.04252573663,2.13859801488843,5.177785139228661
-85.6740561759,40.089565342,51276,14.79730036821674,70.08260661870217,11.542213674516228,2.0514489933594144,1.4745401579632686,21.42521390317589,0.75220092134337,7.03987120697537,1.9579067933322167,1.4382506823920085,272.16130314261085,2.846052327158449,239.5,29.23333282470704,2.633333435058594,35113.0,39845.99834819014,1.923651416122088,-1.0893992433935864
116.599642982,40.0974600454,51424,20.59738879114212,74.21664979320471,4.08427223437933,3.3185301050126594,1.036636654366086,2.33584597827605,3.22335513367642,12.01001636075825,6.853352729608459,1.1362583451902364,30.715504665957003,2.7950458773979854,201.54545454545453,31.53333324085582,1.884848494096236,232072.0,71830.52902978385,2.13815873015875,2.9334780010100623
118.567550177,40.1022914752,51430,14.1972377449708,69.06520749095382,0.294261800563539,3.4767977612835264,1.7302394462803294,2.83380485476818,0.94652713116456,8.808678057513626,3.5500244913510346,2.2268957721725875,109.70573655094248,9.87433143207782,214.6,30.373333129882816,1.9333332824707032,34680.0,15113.375086505186,0.8538138138137583,9.028376065441408
-82.4243330366,40.0599795234,51443,16.196035175237437,69.63007139756641,8.543185405300827,1.995086173736476,1.06711251953154,43.5377555654682,1.53470459866436,7.722511619612852,2.432072865967659,3.0739223372275783,280.45036587112185,3.774857665951003,253.0,29.200000000000003,2.411111094156901,46834.0,33472.171072297904,2.544589371980805,-17.780515187700303
-76.3244597999,40.0559783317,51447,18.93447074007793,70.95484904006886,8.237974255563133,2.99268132332808,2.1659174168227406,24.05738253918922,0.54492422117091,8.328294951264558,2.533067446880537,2.2059780300901988,114.33348415712224,4.338113349718491,361.83333333333337,30.433333333333334,2.2777778116861978,131324.0,45835.629473668174,2.071642701525093,-4.372123305862843
113.273519446,40.0767484699,51479,19.620091030892866,81.67402851521211,3.8494021995571184,2.8710523596564883,1.4913765056491202,3.81488720284312,3.67856797653173,18.52440143814192,13.668412234625633,2.212196866088265,1097.582554324384,2.9133216211903643,242.54545454545456,27.690909090909088,2.354545440673828,1133627.0,12369.019090935555,0.8370364372470931,-36.45041847489165
-74.8590391095,40.059337549,51556,16.8613973349141,72.2326930935161,9.171220307021985,2.56381723309653,1.5184317137878494,30.6941148170513,20.88925200771632,7.54135240918876,1.9737604698244424,1.7587912007909825,12.25238878587685,3.608885883416887,377.5,30.64583358764649,2.495833339691162,65181.0,52377.26276062045,1.4630261437908416,0.8572428198559887
-74.1076231535,40.2146120183,51558,14.53145118625907,72.79558896169624,10.808353391720804,5.956007032492516,1.5999292066096904,29.90562485747833,43.52620285402886,7.136743177590331,1.5643418294773386,1.3984505516003234,16.45074505846201,4.68277336783918,334.5714285714286,29.215476226806643,3.5273809705461776,492796.0,65771.42138937819,2.4598122524463406,0.0626281814930074
117.402386769,40.04142736,51581,16.50537024539828,74.91784891845637,2.6108264769227723,2.1584889379158514,2.536000680042715,5.458928506316689,1.95927821629129,9.86123725994164,5.431595295164427,3.014619995805229,52.70308293866061,3.336369750226073,209.3333333333333,30.87777709960937,1.9333332824707032,93780.0,40640.87966517381,1.8800724637681585,-25.16589038438306
119.768865236,40.0022245969,51737,17.45735683959126,70.9736033724672,2.710227556626804,2.662031331072766,2.945640225682597,2.2268766229509103,8.24067591258343,10.395409587441604,5.141509707122715,1.6400959766273098,30.44493215768161,2.80305734444911,264.6666666666667,28.53333435058594,3.155555623372396,114644.0,12777.14748264192,1.1160523938572735,-12.801764997956573
-105.256638358,40.0178728723,51740,17.84065623357419,76.2471187992196,12.277482038824957,1.898982456305384,1.400102508391562,40.67922091719245,0.85698141194395,6.848988603801409,2.5355831447940886,3.2922093175485423,1706.2182513529333,3.063262518175909,82.5,31.15833282470703,3.674999923706055,114987.0,40742.1447554941,1.636178556529046,-67.5878548504786
118.709914846,40.0040212275,51773,19.44090740702571,74.94924672741068,2.165313700787232,2.178927724865233,1.1456868626025496,0.9259918964159,17.83232687929186,10.920452496139433,6.3953362631532045,0.8553672717440027,52.05764149543283,2.209368264471017,218.25,30.433333587646487,1.9916666793823243,72031.0,37971.660548930326,1.897032967032942,-0.527939762636521
116.810078531,39.9623846282,51948,23.27872226078998,69.52477931917369,2.7715367397997808,1.8322271420695744,1.3085806045171984,0.67419180243549,5.476988496395991,15.691273627286524,10.749308533368785,0.7623453542948185,23.707634278986085,2.607607767258373,195.0,31.38888854980469,1.8444444274902343,108152.0,13025.477864487017,1.4559651360544308,2.5982026788063948
32.6042523028,39.966904932,51976,22.4137334422896,76.07288482124737,15.858504911162555,2.062872197370208,1.7789725959809266,2.66675336619077,0.0,13.446684549252192,8.984930526502083,2.354405192001271,868.8246681000267,4.528637544438131,35.25,31.33333358764649,2.1833333587646484,446923.0,61633.20633979455,-0.8993684450525166,-48.07023375151448
-76.7256635553,39.9651890489,52012,18.7364521824415,73.83894699779479,10.949578050805842,2.341760626798227,1.882936032109616,25.029618723597306,0.3961402406455799,7.866932538777083,2.78510186131701,2.4055516661923195,158.35850004186108,4.645653791028939,377.4,30.366666259765623,2.2066666564941406,111985.0,57353.28335044872,2.795733397807794,-17.742075676405875
-86.1337600615,39.9800501405,52054,15.590216843976808,67.97261217501216,8.299112393674562,3.7203654429495896,1.005251946096889,22.617529925540538,0.8921808119707201,7.86294648730031,2.7306142067452965,1.332571656907393,261.8534230360315,2.572802237414929,238.0833333333333,29.70000025431316,2.636111094156901,147151.0,60434.16201045181,1.7389113443020427,-4.181778378584795
-83.8016278998,39.9283994136,52161,15.121051302566771,73.16859231991486,11.184985947919404,2.379393813624488,1.260341424632694,30.624130021038944,1.04962815421955,7.132490774444623,2.1106372911871167,1.38767584155685,305.9208458257372,2.7902099554971014,271.3333333333333,28.944444783528645,2.566666564941406,57710.0,47561.887229249696,2.06143518518531,0.8752441077940034
-74.1983395287,39.9625840193,52165,13.561188578211638,72.16190606730257,12.052335561696628,3.627768776825237,1.7668883628590983,48.31137984108852,15.2817575038479,6.79779256308108,1.4392596357766565,1.293561955508319,14.709841850270362,4.154702989386485,340.4,29.54,3.573333435058594,102798.0,69616.54691725521,2.275340501792129,0.9481554544052546
119.578654343,39.9436954179,52187,20.33458559470194,71.68387566381354,2.6750217462729107,3.000072730162388,2.864249859708445,0.92246793553109,22.05613478684319,14.409967609932323,9.05876218133305,0.9863922057624688,23.32557851116634,3.1259733764457027,262.6363636363636,29.160606245561084,3.209090909090909,802960.0,8887.384679187011,1.3526873706003926,-6.738135405999866
69.0025683238,39.9223059463,52294,21.77292031742565,74.91189079107652,0.977438034854694,2.774300826105325,1.6992903570693954,13.12178737993614,0.0029635175302811,7.492706829079051,3.108032616456807,1.87446161378362,953.6982502667051,3.764598323828938,16.333333333333332,32.43333384195964,2.211111145019532,148433.0,1610.6211385678555,-1.0776756066410371,19.543604919108816
32.8313462805,39.9494000854,52330,24.29677815343474,73.21532839501067,17.51944510186371,3.2852754598617104,1.659027458175396,9.82760784002247,0.37717160720897,12.82116741270088,8.26012676451198,3.708573668842228,1010.0901440468292,6.722384928280417,33.99999999999999,30.368333435058595,2.3083333282470706,3082953.0,43523.849161177626,-0.2128981573798114,-72.60653091834843
66.2608998394,39.90349763,52335,13.686966918548698,74.65751449600188,0.7128372587613189,2.0917941736124788,1.0200350291559772,0.68099423145568,3.01630282655006,10.57825194269672,3.0059693517465784,0.8354657669667968,490.7893056269142,2.221608249359344,3.6666666666666665,34.277777099609374,2.7222222900390625,100236.0,5514.956981523605,1.5811641910879004,-1.1574522747877722
118.569013159,39.9444549544,52407,24.735945295331778,74.02716945714674,1.0399183580643891,2.7428412681693684,2.447066153463448,2.9429718223779,0.36122068721419,10.57562637557303,5.08006466239563,2.926605947218372,104.98468331362317,4.612419561050505,211.6,30.493333129882814,1.99333334350586,99681.0,12935.865380563995,1.0473411623004267,-21.080944563097237
-82.9910781088,40.0129518271,52423,18.20173865000014,75.64881776687382,9.295451424593509,5.850680093171791,1.1219784017895271,20.59776834506394,3.16058023803875,7.789897103481931,3.1999083830295585,1.3389398400583374,278.80211784999943,3.15892804255188,260.00000000000006,29.33535355076647,2.4555555632620143,1339418.0,71639.08114419837,3.948563195754105,-19.334843386914255
-88.9440063189,39.865422271,52457,19.16751700917863,74.2775915414683,9.69698717795968,1.7238007255102163,1.0118373625839023,17.46951161458604,16.678362662947478,8.25483021879119,3.976906268687914,1.3479959790225198,200.16753369723727,3.569929858424876,254.0,30.53333333333333,2.8000000000000003,49399.0,38722.68440656694,2.2840000000000487,5.385517390148834
-84.1244875917,39.8533193774,52541,15.55523390533923,73.12989537259915,8.184606623381512,1.58794293646391,1.4581322922157414,33.92383018345847,0.99255531037164,6.08252466267203,1.6023783607260438,1.7857288357955092,275.2384154670899,2.80680150564955,256.0,29.11666717529297,2.516666641235352,33980.0,57343.49355503238,1.333631436314306,9.981544060932094
124.143852404,39.8685993107,52585,23.1196622317672,72.80581275643507,3.258430744557019,2.3586143878434185,1.441689108616974,0.12236876153894,10.93065306231044,13.42058873667276,6.428456293952346,0.3396904526674569,3.266622908730114,1.936217557087156,671.0,27.1,2.466666717529297,62739.0,13482.574778048744,2.046798941799068,1.9364529212317103
116.177768222,39.8155791804,52684,20.53650749576986,69.86916896078722,4.035004352856672,2.3214458769376667,1.0880951267157424,0.087120587367,8.5531230651557,10.785092631539143,5.628570310348283,1.1297710478091294,56.02142897591102,3.327249229968908,285.75,31.5,1.891666679382324,262524.0,16893.355502734987,1.1061228070175275,6.090608257392276
118.12143782,39.8271244296,52691,19.94626515216066,74.64311972401221,2.3769977445964288,3.567794451231137,1.9257614279547808,0.1085204625070399,0.10501762581073,9.181821753445671,4.955777273238666,0.8145232012523371,34.69461996238605,2.4425249216215565,200.00000000000003,30.933333587646487,2.0874999809265136,257305.0,30508.160366102467,1.661698919429739,2.00501762113592
109.978018067,39.81687221,52721,21.43480811941274,76.29147176778673,5.092578809569471,2.1826557633602963,1.9087652982199823,4.12067149749953,1.51301258610708,14.220808256643627,10.653244412747824,2.3867444591468097,1450.1527032004324,3.7333744951899503,151.5,26.46666641235352,2.308333320617676,329441.0,40438.53575602309,-0.0036386494252269,6.840077005980675
98.2712005063,39.7990775192,52806,24.42334716204638,72.74634835616641,4.252453701677415,2.3102313889015806,1.3695845118647243,0.92276415285264,5.63181425128327,11.407232765001272,5.577209033933379,0.9892176217463032,1640.9572035301228,2.6682273698316177,27.0,28.200000000000003,2.8888888549804688,213649.0,19618.396299538028,0.067051282051409,17.653552716630884
-84.0439594411,39.7875932042,52839,16.62631254228466,71.37210296971207,9.20603859480036,2.2698817024208533,1.4005304800378355,29.66969360795187,0.30355570850127,6.994744781431113,3.115757387345176,1.3166183194388832,262.33600233298307,3.1234526120484256,271.75,28.950000762939453,2.533333282470703,48691.0,43532.26721570724,1.7252256410257054,14.507156845056784
30.5169098553,39.7727751275,52859,22.62927818255654,75.19515373570842,20.216310518714607,2.1447825174555564,2.376736998366659,12.94293714282026,0.06224231543618,13.307685968205332,6.09046718229317,1.0565933706898476,819.5514341122001,3.516348472295422,71.66666666666667,29.444443766276045,2.155555572509765,373956.0,42083.3864625785,0.7828801528801819,-7.115632290351755
-94.8230368168,39.7697846295,52884,15.986854301576562,73.21483456097208,13.294756719041974,2.499202877032728,1.021743398171825,33.42441435146315,2.7705505769447,7.602919567570349,2.751600344123026,2.3287832999040523,288.39507773533245,4.794601464284974,333.0,31.01666717529297,3.35,39885.0,50647.91620910116,1.774510320597301,0.4523177590114073
-89.6623986981,39.7853107251,52935,16.64989800118785,76.24738772017041,9.871478041696594,2.6026622564310915,1.3768869385592162,16.27503021273104,3.80012487521419,6.394030284983214,2.374391364877563,1.2303709547538326,179.56470375199893,3.2797913231294107,261.42857142857144,30.02857142857143,2.747619062151228,124089.0,50386.01105658036,2.459479334406808,3.880703638863224
-75.0264347633,39.8992035997,52986,14.815936689252702,72.97132095710548,10.850906301674566,4.623112427089776,1.80331051912224,38.62773433907541,17.59703653351134,7.609817612819518,2.148059690996817,1.602041918521539,19.68141722793943,3.669932863015794,390.2903225806453,30.66129032258064,2.538709642964025,610705.0,53299.3902948232,2.345532368009689,-1.0473471592706467
-121.840637325,39.7446343627,53024,16.11067433517912,73.63957514443027,11.215545943675696,1.7449783596220088,1.5692748267265406,28.80410299555604,0.0,6.479950238678151,1.1598801750457222,0.7024590761590614,61.07815551707287,2.277873401886262,9.5,35.53333358764649,3.0500000000000003,87244.0,39360.252670670765,1.0024754521963928,2.3789543186051034
64.4351744109,39.763513033,53051,19.71353736576953,82.34513265618413,0.7418034131876468,2.3107540782958664,1.3256141379223718,0.8924930724208799,0.0244971255258,8.661889451234622,2.821945451645618,0.3919335905274793,223.40338044079311,1.810931674640176,0.1666666666666666,36.35,2.8000000000000003,335465.0,9858.424196264888,2.1398704970361,2.1342133586072976
117.004496334,39.7470291688,53060,27.14095359040332,72.64916287204812,2.45285127783446,1.9135368661913303,1.961268118241596,0.15679745609171,3.08445153352188,13.355285643412245,8.226921861862518,0.7059273064058711,11.23439974922399,2.4563517123274723,194.0,31.33333435058594,1.8666667175292968,69128.0,13680.301527600972,1.3506006006005578,0.9831331576689006
116.134276059,39.732561145,53090,19.38024978055315,68.78700113598634,4.682323915831681,2.5393021956985087,1.5893985025605653,0.38307259935393,0.77463139808744,11.879628702423275,6.4027778652764695,1.1636984896300384,48.10944898942692,2.826067421446362,301.0,31.57777709960937,1.888888905843099,100619.0,95695.36026992914,1.0023362573100485,-0.7235959260494411
116.001805369,39.7195806463,53174,20.75478310954095,68.82108672279213,3.3164219825045875,2.746762539551116,1.461179656391154,1.12762484487626,0.53582692529283,10.86545795738217,6.0574561141313685,2.832565084207245,93.67256296768836,3.226001288797221,323.8,31.440000610351564,1.973333312988281,134849.0,39224.06431638351,1.294602159136275,-23.206455955385422
98.4784118985,39.7317364205,53208,23.91480446310592,67.78625780059835,6.161473104595769,2.6127236341994915,1.6315927371007963,1.97224093308982,0.5388897513211099,13.230427829098266,9.707801642966205,0.8013457356041257,1481.4363634211495,2.208687092319147,23.166666666666668,29.25555521647135,2.777777811686198,158675.0,3021.6293366945006,2.3444444444444343,20.463955819113608
140.102829833,39.7272650764,53234,24.23718050511825,83.03276876342719,1.045053785590324,2.046389731748889,1.6204666603981186,25.23653858568975,15.07849505342151,10.74630445028916,2.285883659349261,1.7296135372184591,14.899658583435777,2.852124183792872,592.8,27.06666748046875,2.873333312988281,186837.0,36866.399192879326,4.274268493150768,-4.7264661560641485
116.399570281,39.9233964947,53250,21.47129792949192,72.37869222822673,7.008888365957805,6.928186370480785,1.0998041201152573,5.33327672660682,2.39278609278647,15.375485751689084,9.809622824467002,1.548694025412533,53.14953694466739,3.274292031668429,236.0777777777778,31.35148139105902,1.9137037150065104,11319132.0,47652.899485137175,2.1912455892160665,-10.247437250052698
118.43932423,39.7207123584,53290,21.49044350728664,75.1741722042042,2.3048133646399944,2.52612250050958,1.0202659192690682,0.25771190774732,3.53118372081042,9.267064436682372,3.637900237543657,1.4537946063816136,46.79833482000371,2.6140939532311367,194.75,30.875,2.1666666793823244,249828.0,8669.874637750774,1.9649089557785828,-4.316033387364307
66.7257704374,39.6781777744,53320,14.0376364956678,69.53049536674024,0.3173152767454335,2.9822898574601338,2.0027519098736275,0.2456957103697699,0.03962452120145,6.73329898185523,1.7291017714817871,0.6385836352115609,654.2960507432689,1.3569844515664784,4.333333333333333,33.199998982747395,2.544444376627604,66568.0,11128.906156111045,-0.1412751322751617,-1.1177033396921845
141.134042071,39.7034939324,53345,23.0550878283817,79.92028117003548,0.7297356254860966,2.2553035161055264,1.917759233352599,30.65940698847381,0.69256337748672,9.127473794524754,2.641342092797454,2.06827483489526,152.930457594545,2.8309020721699274,677.5,26.950000762939453,2.0,184965.0,43375.006136296055,3.762536375661341,-19.102404052339523
106.817295462,39.6784944347,53364,21.18660823463779,73.98938291296979,5.013137978107597,1.7732459960634488,1.2789819627784778,1.00346849147565,23.19179904209928,21.37832085719142,13.668412234625633,0.726864207956065,1077.952414080672,2.4849572009803635,90.75,29.808333587646487,3.233333282470704,111773.0,26954.162525833613,4.383374149659858,27.674996876535488
-77.7399504475,39.6364669773,53477,18.6211134187842,69.25475002910595,8.638409882850215,2.334642610407057,1.6744755397538202,23.15139985658613,0.03576931234268,6.573266528160364,2.32981474704533,1.5188216120313418,164.55919512881462,3.717188389379989,302.0,30.944444783528645,2.2,49610.0,60540.133239266266,1.9599092970520928,7.146391691071784
-75.1832308495,39.999626156,53515,17.97254068412029,76.48255018078612,11.081218900763258,7.629259644127653,4.123363688652727,42.17925129383969,17.26766097332358,8.230653022076707,3.5757329337241046,2.1444966631689986,49.7906939549376,4.01458081381507,371.9292929292928,30.32626265708845,2.539730645382044,3103479.0,70907.05151025664,4.057316688164576,-4.556653904968343
122.000512102,39.6325213274,53630,23.85748275473041,77.10113487261594,0.7914925602171102,2.2952173127258915,1.0636694239901463,12.958180012535031,0.26029965573532,11.088342627403431,5.903911301732516,3.263753606136244,112.52925016464144,5.190077024582254,402.0,27.466665649414065,2.716666564941406,247120.0,18178.38649239236,1.8414401858304927,-13.959181355499965
-84.1885385563,39.7118150436,53636,16.706310135451822,73.99885610664091,10.445577985613012,4.065997361040553,1.3606434082093537,36.51235180250626,1.37198873229158,6.323922482166388,2.4222043689424666,1.8916785699066043,268.66885035820906,3.6131974951230754,276.35,29.051666564941407,2.524999961853027,365751.0,47139.1188568179,3.283281439924963,0.359857349635547
2.65910490582,39.5860962912,53720,24.3709053635015,74.69190091396271,14.353736714263198,1.7654983966298932,1.9383336916835203,16.6286936788418,19.38833828827623,10.349279176405144,3.11946499973945,1.5365661974538063,51.76165890473429,3.598462243620004,37.5,29.33333358764649,3.1500000762939453,215295.0,52271.02856545668,0.7576405797101415,-14.496680227190026
66.9607864471,39.6448445011,53732,20.99696906685564,79.31243713331915,0.4439404604096985,2.9440364556097944,2.1448301987143528,3.85715302289631,0.4564100466924199,9.051019248287204,3.360008794926846,0.8737953665979986,720.6413922425,2.377512702173559,4.0,33.62777743869358,2.461111085679796,777035.0,9803.939414569486,1.556366536689154,-3.6167631871481936
-86.1499799468,39.7834788638,53796,18.34535270994975,73.20049440877226,9.156781838977384,6.62541640212672,1.2011736966875912,21.925616529211432,2.78478259911394,7.743080018468951,3.1018090656731863,1.2482020709463817,247.15106621211103,2.61251397172526,231.1333333333333,29.77288887532551,2.655555493164062,1155027.0,71873.12627410455,2.8731943532837363,-5.308887766742004
-104.966729772,39.7236174459,53869,19.76001443417901,79.76479794720123,11.254087244581092,5.627213294323751,1.0693656747592368,34.33817351758571,2.65417540734896,6.980495093565165,2.573117452898442,2.318548453721592,1768.8764896514228,2.8693571461334115,94.94680851063832,31.91418450538148,3.777304979689578,2335040.0,79272.60306333084,-0.1565723303401682,-98.43962269266854
116.777148679,39.5604168072,53959,26.75202200384803,68.04757405418037,3.563722413193879,2.7622832900273173,1.3659908118044746,0.42646436994159,0.66302801151781,13.597482391466071,7.192552822951527,0.7098613051502866,11.673486474854784,2.4326840648492745,207.0,31.450000000000003,1.866666641235352,86506.0,22124.71681733058,1.180246913580277,1.1018825786522903
-104.784850081,39.5241449719,54011,19.461499382146062,65.90830894470761,8.14257700960426,2.4977415915608066,1.3272840588605666,20.76579049627201,0.12249230907066,8.463994343474281,1.4078587122300792,1.3889243073253217,1807.982325057694,3.0084482693021166,112.66666666666669,31.922221883138025,3.8888888549804688,45271.0,61839.26199995581,-0.2879099225896766,-13.122471592714192
118.676777691,39.5059483289,54049,21.34029121490367,74.63509603821656,3.3778769404948434,2.161468798613845,2.356533595090353,0.8461333575317099,1.52832004741419,13.395684779274315,7.349255928699967,0.6187091388895032,13.387138994123967,1.95679060266008,216.3333333333333,30.38888854980469,2.466666666666667,54998.0,26475.740626931885,2.126739316239316,2.9087624634387144
116.699908223,39.5208050817,54085,19.49122665926609,72.79657628522806,3.777691700432005,1.925833731929422,1.267626329039582,0.5978640094375101,0.56290002760974,17.193837492331784,9.309772013128008,0.6707410487780141,14.116856891506757,2.4614365268211285,209.75,31.61666717529297,1.9,233902.0,14775.992492582363,1.7635759209343362,0.4968595408972351
-84.3724664304,39.5000977627,54104,16.39925411931711,73.62857058121656,8.482908575758895,1.7868748271176147,1.4622736184627505,28.48457652842734,3.92889768758401,6.419069530677633,2.946053935232651,1.6945445277622708,221.9804326360872,3.4046040858701896,301.3333333333333,29.511111450195315,2.411111094156901,40569.0,78727.62804111514,2.610876344086023,-8.407070765568989
118.160421961,39.6270111304,54196,20.473780477467297,75.70164169802621,3.1358211579158377,4.720931190307636,1.2495127761141835,0.16032453817635,1.9059785769995696,12.09425493787757,7.92441731246009,0.6242469736191768,17.109814456742658,2.5355417125156987,205.1,31.08833312988282,2.2516666641235354,1236328.0,24494.38626723652,2.0909187921192256,3.060516582137492
115.99527626,39.4791443466,54229,22.882136720593348,71.76378762598405,3.168916895672654,2.282628999094701,1.7582812507429062,0.4346293406531399,0.0795089210175,11.109007789001762,6.355840175987839,0.7466907237805113,32.82972457879737,2.4801508396165004,274.6666666666667,31.544444783528647,1.9666666666666663,132994.0,8767.092259801191,1.368040404040357,1.9735123163601287
-87.3952973614,39.4622717791,54325,15.49881277970064,75.9600040541104,13.633452783800696,1.936664450810752,1.4112814821899928,31.80754001091255,5.23833386696214,6.348777578468936,1.99596835788092,2.081666984374126,154.32138667436556,3.238402710578215,274.0,30.677777099609376,2.6,54630.0,52061.56520226984,2.4657687074829333,-2.495743667732881
106.703705191,39.4706356678,54370,21.62460078359596,73.16485667210631,3.1618042420373493,2.9050896368612644,1.949390775401676,5.78387245928844,15.46980915764605,14.93538481340905,11.309720832860403,0.7597981591562527,1099.1065152427334,2.5039377116715764,90.71428571428572,29.961904907226568,3.2238095092773444,91113.0,11073.964132450912,4.004068486590143,38.383969802778665
-0.37797592009,39.4481487006,54544,29.972782915570228,70.17286072704229,14.885563350389107,2.694039727982504,1.158500179380643,1.75585646521045,14.67476669186527,14.539585279441988,5.053462398258628,0.5324577921168091,11.214385564916764,4.1370877539736695,50.0,29.780000610351564,3.146666687011719,711091.0,42949.96156469426,0.5459832366213959,3.8995557964365446
-77.4200888223,39.4088487264,54580,18.79927319788188,71.62768768664516,8.808376639031753,2.178410050081372,1.371244360847064,24.53238803895374,1.14259866982707,7.298335134409494,1.990890192779744,1.701824501690321,103.93511418454445,3.32418781749448,433.2,31.40666687011719,2.0466666564941405,88931.0,43973.697608258095,3.0130860554970127,-6.292387563882187
-74.5460284339,39.3848037307,54697,13.78011448613746,72.4099409318205,11.904651275116931,2.8399536328056003,2.6399898199392853,16.52811770028418,9.9721972625722,8.156820449852491,2.101918571143075,0.9624686490211476,5.018431917094455,4.07382621249776,307.3333333333333,29.06666666666667,3.766666666666667,49356.0,72703.54040035661,1.0449382716049591,5.769322791507083
115.879224628,39.3281386835,54740,22.51476783310759,78.44837624522634,2.145207556863652,1.8492655011033623,1.6208393206892762,0.0081104058415277,0.05067678421242,11.729516543122545,6.786698280825811,0.6137481069381319,30.894819611885413,2.274564540745,283.5,31.583332824707032,1.9,129181.0,11601.045037582926,1.442296747967475,0.4997419131475453
112.426891811,39.3286337106,54766,24.03174847240744,76.52338968128505,2.924757331662476,1.9099719963792847,1.686447934396052,2.66497586989851,1.76245740205942,22.696352390210784,13.668412234625633,0.7199145238453944,1100.6857101352423,2.568742859487469,327.6666666666667,27.74444376627605,2.2666666666666666,147881.0,26032.772059967137,1.289528985507275,-1.832104455799481
117.065148704,39.3576967505,54957,22.36382374407425,71.63983543609092,4.671073410560686,2.864884205220194,2.390348032752886,0.16713683678942,5.6480575751034,14.312759723483955,7.137632796264858,0.69887726903607,4.181998357856932,2.470199493962563,199.375,31.29166641235352,1.962499980926514,183434.0,38772.929042598415,2.0004682890855747,0.7390796958808536
9.13949425122,39.2387571162,55142,23.09852416895652,75.04518157258555,9.058113599279846,2.1841446873412247,1.699521023552483,8.42783961219314,36.25692387037126,10.159868883421696,2.346639598856941,0.831866142820963,14.1813061119584,3.642359353068116,19.0,31.416665649414064,4.283333282470704,212806.0,30270.153755063307,0.0242857142857317,6.601089248117809
117.79621662,39.2705641821,55158,22.08604619757936,75.8121182245573,3.332090870944369,3.018318126221874,1.8910667309861005,0.0136996784545099,21.47957959954915,11.865297380911734,5.249693008740724,0.3947031047088928,0.4668134244053913,1.929239631565478,226.66666666666663,30.53333384195964,2.927777709960937,245966.0,30902.83529024336,2.7249379310344466,1.1127685497360862
106.755831972,39.2766554212,55182,18.50814685637993,75.2008246171361,2.016105614144953,2.7417301193875634,2.3184084941411496,0.23702738160269,8.70104791363066,16.43198170810778,11.800413425140803,0.5951193021724076,1091.613127512859,2.013581050316251,96.57142857142856,29.54761875697545,2.9952380371093743,104500.0,17228.402641148325,4.3049845201239805,29.188292708827248
119.013415585,39.2392177907,55202,21.60745415453684,75.47053809376851,1.211708573908073,2.5514386070480515,1.894207664177832,0.09740816153292,27.69347380762092,12.79942256496706,4.570424801901615,0.3232438963632841,1.4138659518358545,2.101515605973646,228.7142857142857,29.58571472167969,3.252380981445313,24147.135,34572.7459075466,2.14466233766234,1.9870783361957371
-94.5640458248,39.2107135557,55307,14.05107312888888,63.9384714207127,13.76422343719961,2.7306330195107464,1.6270323326479526,37.11031207512475,1.45521964585055,5.766267334427404,1.848284531241854,1.9417405864192268,286.0619039910251,4.442121309033989,314.25,30.733333587646484,3.2666665649414064,64629.0,73219.32264153863,1.1123149213656234,1.3223159658376176
-86.5286943018,39.1591734225,55417,17.63527116891852,71.68700961738477,11.335509052743364,2.2877872579343035,1.671135898527051,52.663481874987326,0.13069968928885,7.001810532582916,2.683738710314976,2.423126381421824,251.67431771592013,4.465196382241323,276.0,29.6,2.633333435058594,89924.0,47694.77584404607,2.4489215686274406,-4.85558615449213
-78.1606853418,39.1756447091,55459,18.05275565728569,70.12175695353623,8.02101957500023,2.171256750551695,2.356179042831408,32.93980143321354,0.03130599214865,5.772712426663034,1.5888836072089332,1.7741590460217131,227.7859510493504,3.460557080621463,361.0,30.76666768391927,2.0444444274902343,37799.0,65570.0703986878,1.669966555183919,-7.715847535244279
-76.6097683364,39.3046032629,55535,18.94369555874032,75.88604462945918,10.819242344900406,5.321366383895921,1.0591575610684378,50.77431826823597,20.55710678782079,8.124856658408588,3.314799992940713,2.6590806606126,78.12540395468982,4.6792868697301255,471.53658536585374,31.70894336235233,2.9804877378882426,1271566.0,59710.28272775458,4.3624049081306,-11.433512829094012
-75.5319211405,39.1512750278,55537,15.41266365039888,69.36998351130273,8.79615947044989,2.761809481486224,1.2447766466024606,29.9149444561052,1.79819148907171,9.77386232524673,3.0002460770729904,2.0252147857506952,13.858351945966804,3.535218077016355,509.0,30.700000000000003,3.2,44810.0,44233.8318009373,1.822266666666735,-1.5648407679353546
-121.637379174,39.1313124659,55564,19.85336020109086,78.92275703797011,10.668681894677905,2.02133636070154,1.347808320378788,8.656473891566389,3.39329949398652,9.43384979613249,1.4468891590889164,0.7461801975667294,17.120858754657164,1.7538034663945423,3.0,37.17777811686198,3.122222188313802,56715.0,56672.60502512563,2.0845079365079755,0.8598392334861558
-84.3177440576,39.0840136709,55681,14.492153108611513,63.9384714207127,8.301549167527096,3.087172539891488,2.746080569858728,63.10558795180064,0.04683179824004,5.112288624909827,1.1598801750457222,3.016465362104922,244.82510213694752,4.550945131619795,302.3333333333333,29.25555623372396,2.3555555725097657,48771.0,53341.96385146911,1.9292786738351388,13.35363696449798
116.727346155,39.0950425561,55746,29.01614648281501,76.4559296970289,2.4667901596938955,2.769461312250679,1.2118099885149038,0.01586978490306,1.77322841968193,11.385617046025,3.830902610691622,0.4872031284875524,4.394624297907614,2.026385871205878,192.7142857142857,31.47619105747768,1.947619062151228,146535.0,9678.684450813802,2.475658837248041,1.1684475997558843
-108.52934456,39.0785643318,55819,15.13586594322692,76.3791893030713,10.098394106473735,2.4494994315107377,1.8183308696820943,42.69899764584484,2.48026415721236,8.982492985441024,3.7409268352412615,1.5900791682514774,1432.4414204028694,2.211007565297125,17.375,35.883333969116215,3.0041666793823243,95130.0,63700.99434458106,0.6511963626030024,-15.677172235364196
-94.4195838941,39.065126592,55824,15.17675390022642,65.73781377153047,14.161200020045849,2.906327065398218,1.841028208732208,45.29554140505544,1.16865059777486,5.850637285381064,2.041363236926625,2.313013217375606,263.1208174191886,4.322246782275666,344.0,30.8,3.183333282470703,74406.0,70237.4305163562,1.4612121212120996,17.81905817705166
-84.4597042465,39.2469951567,55830,16.8101308668479,71.93941487647443,7.373600247245313,6.691260397474787,1.1644867316286764,51.46618959166158,2.97822729876999,5.7764178074284125,2.1725843281959394,2.9942104290405376,226.41865769820404,4.609508982358364,303.42857142857133,29.51984129406157,2.423809527442569,926775.0,59565.41436055141,3.205944420640037,-2.221090192632431
66.8491059446,39.0795829743,55888,17.46123526478531,74.85784910604492,0.8178419613575573,2.509738987425876,2.213658536316149,0.74751746486663,0.0,8.455427013785751,2.4073458038019258,0.5666513681705977,642.0417147769817,1.7183291294745908,1.4,34.53333312988281,2.586666656494141,207088.0,6772.874724754694,1.3519398325530003,-7.343086528096023
63.5761788588,39.0685337736,55922,18.55165759191907,77.01440571894616,1.4194099233743105,2.4106799745822283,1.71195136353182,1.48707582591912,0.47848379001238,6.744377946581381,1.986159902194484,0.3840484512881763,190.7422503537026,1.769134573668293,0.0,37.40666625976563,2.640000061035156,167958.0,17122.03540766144,1.7431808688387562,1.184424864108422
-95.7008958996,39.0318793017,56012,15.02058628080752,68.51300914480076,10.285148130785457,2.681086546945575,1.0834620683488594,25.10464930041547,4.14862720690983,5.744124220897553,2.413635819142692,1.561072113459806,295.700637164686,3.722557749996848,288.83333333333337,31.92777760823568,3.655555623372396,105607.0,67698.0536422775,2.053645630015126,-4.182101547541492
116.64605998,39.0052089626,56068,24.7479505153857,76.976713889441,1.7501466197916675,2.5432496439505847,1.9362284980317173,0.16446824132271,2.85725083987852,9.98835262410911,2.787036544499584,0.5318404170404322,2.992620928708165,1.863013213721232,191.0,31.433334350585938,1.9,88486.0,7359.983579323281,1.1806545454546225,1.0780192176253172
-77.4931679846,39.0263093905,56086,19.48983815641391,65.26234070393984,8.774799736139284,2.630788346090054,1.6366245661093697,51.49862905311652,5.66949764225166,7.874481450883051,2.688158979476413,2.1172430877089714,85.98126409251293,3.719132967517752,466.4285714285714,31.56190490722656,2.033333326067244,105114.0,60358.89614133228,2.385627033792275,7.15473419853511
125.744627982,39.0236852795,56125,22.68336188727514,78.99187450551976,4.152755973131694,3.081802423900388,1.30986078468988,5.3140126761088,9.19416131720202,14.177948027870965,6.077174698386834,1.7185119816632868,22.4931878875426,4.68571028567924,935.2727272727274,28.569696599786933,1.7303030118075282,1953972.0,3760.109440155746,1.988555609722198,-1.0890315618222637
-92.32741142,38.9623230087,56215,16.83370548193572,70.4144685374475,9.165836231738034,2.547379550389752,2.421028630444615,49.431860630252814,0.47787151732149,7.399472426586464,3.5456359599531684,2.276191548978145,222.14065974963603,3.936039728781119,418.0,30.666665649414064,2.933333435058594,74772.0,44283.43488204141,2.4176185143709823,6.751141731514537
117.332948335,39.0904910884,56248,21.82299163709695,76.21431943961964,4.974483493768922,6.572210876544885,2.6579813399695507,0.03121402861677,15.61629791000885,14.61050053296008,7.926006925714978,0.4798770780373139,1.2805410710514828,2.616382021590192,222.77419354838707,31.01827958629977,2.466129042102444,6374225.0,28599.740599994515,2.5375081421096297,1.706388119868005
-95.2685816691,38.9598091063,56252,15.20208684114646,64.54418444601497,10.086587664166888,2.654865197791976,1.5051097850653496,25.64121761129423,3.92359007561583,5.690665214200696,1.9949753662708336,1.568164737859882,268.12736862468387,3.902382576521815,329.6,31.566666259765626,3.466666564941406,77444.0,48340.16832808221,2.476274093722509,12.689404668993973
100.449515257,38.9400711232,56346,21.18126723410533,72.48569593258604,3.736087964662347,2.015933242981494,1.551472233411812,1.10306384535822,4.06669235474836,21.169406500691952,13.668412234625633,0.528120161812768,1479.964553927352,1.9432997909342795,83.0,29.66666666666667,2.666666666666667,148814.0,6364.257522813713,1.6207901234569135,0.7830234664934324
-84.6184973275,39.00035806,56364,16.58189182071851,66.96203567414774,7.570032813483767,3.038943349302284,1.290380438239022,42.802892112097055,2.63496141828035,5.673073772254908,1.8833364655171456,3.255928022442064,250.32182482436832,4.881518641836129,300.75,29.308333587646487,2.424999961853028,112783.0,55211.25080907584,1.9633777777777937,18.08485886320142
-94.3733978361,38.926974558,56396,15.71634538399496,68.52330771594228,13.453385886043897,2.4696147089245253,1.3556928623647062,32.6458760302167,3.98786507796488,6.218458262580183,1.8009803377832712,1.6849802407223684,288.2544198205049,3.30828513892845,348.5,30.950000000000003,3.183333282470703,59389.0,65505.18378824358,1.8457481118596208,11.105054680731996
106.442500909,38.9371952666,56413,18.64210059518206,78.74378769380182,1.1648666769530185,2.482332223164492,1.2309929760995109,0.1259416245967199,9.5922713343375,16.00967910112539,10.743787359460809,0.3226470094656055,1095.3101696579297,1.2405442136783331,90.5,29.60555521647136,2.9111110941569005,24147.135,15132.957574219738,4.908451548451467,1.416118865057797
116.936694918,38.937048221,56422,21.85794678938505,77.3984508102623,3.259142614527537,2.260892064864162,1.6853039779189236,0.02998793426644,2.93555416526527,11.315666277754865,5.354466014428128,0.4856165929862021,2.216285996301995,1.9838699241397528,203.5,31.23333282470704,2.1333333587646486,78899.0,48986.409675661285,1.575675675675711,1.3707987190800432
117.388078116,38.9558064777,56424,19.67709449801074,73.13195066276546,3.743017056907427,2.7572622539082365,1.404841308432162,0.0155929478294599,1.8067232714452897,14.177038458443924,7.703319851082137,0.5022053291340579,0.918422566111168,1.8051554003012136,229.25,30.86666641235352,2.441666641235352,218509.0,30784.034913893705,2.084993069993057,0.7990981033748961
-94.5235146947,38.9199374537,56460,15.76426025702832,65.12581727367414,12.35527022955542,2.854989564075212,1.625109505612246,48.51734837253605,0.4445490212430699,6.116202719611561,2.382482838590658,1.8202226093416785,294.88367257503967,3.766010020295029,328.0,30.73333435058593,3.2333334350585936,42736.0,54757.14039685511,0.6075344827585241,5.758939904602812
106.303144723,38.9643584102,56599,17.334269387608302,73.5029397309626,2.050109177497629,3.304226808917816,3.415474397109345,0.26962625406694,3.78815895675881,15.618441365303784,11.223430777475505,2.812657875973452,1161.816291456052,2.579948666245876,89.66666666666667,29.322222391764328,2.727777735392252,242816.0,9656.877256852922,2.905877114204486,-44.12696443655091
-94.6594342948,38.9896376512,56616,17.7322577297864,74.95233408733597,11.54271627740011,4.011223910260918,1.8561538847128949,40.61312637994304,2.34931309803659,6.717146698258206,3.1569073787692306,2.0108296789424025,286.091788546245,3.97458624406282,331.14,30.963999755859376,3.27666665649414,891433.0,58383.72450649685,3.4203493753085503,2.0141845410413453
-90.0993983844,38.864463982,56619,18.19158260832176,71.82487652108834,8.338014535952562,1.8078757445451847,2.4378579083973824,17.06346871119079,10.70127105807582,6.737075627900851,3.0023352391331137,1.1970052083950673,136.63601621711595,2.3989005976675384,442.3333333333333,30.5,2.477777811686198,27428.0,46831.61637742452,1.3921276595745553,1.1225385481417334
121.669505453,39.0047487893,56646,24.07127337504915,79.05232242391442,4.288760216866986,5.117294994440969,1.882468089835505,17.08523719052935,45.46785948960987,15.22555065298961,8.212939392442442,2.7407143514015933,48.51466001444956,5.022579227432822,306.842105263158,27.41403487356085,3.322806982743113,3156946.0,16190.613932895909,3.857681414446347,-17.11646669079615
65.7909409879,38.8515049902,56755,17.671725050020658,76.6579150718382,0.6471758622409214,2.577464501348071,1.2420671378946064,3.2840383502773305,0.08586256073213,12.298588753296816,2.76026601690378,0.4237879971036128,377.091077316646,1.609407876012863,1.0,36.67777760823568,2.9000000508626305,306789.0,9245.731382155162,1.035643535764848,3.642013414905023
-97.6118370877,38.8165028652,56805,14.500178334757871,80.980297522077,11.918348977953611,1.853572589944152,1.4605066837991136,5.25445875221575,1.28092639119911,9.87738160272425,3.417077086362759,0.8264732179053766,377.3013699269587,2.3396891657739034,205.0,33.35555623372396,4.455555623372396,36462.0,80625.17851461796,1.041481481481469,-0.3153066542689657
117.454842644,38.8358789164,56837,21.90739472088561,74.97854579390214,2.36498524658984,2.804936808629639,1.7906698082452863,0.19966753958844,28.28647583487773,11.911764586197297,3.878241584982714,0.3332808939940478,1.3432269663636236,1.857964575754152,247.8333333333333,30.82222239176432,2.822222137451172,418520.0,23602.81858692535,2.9806060606060782,1.3422217429980916
115.476459161,38.8615630227,56971,26.031995752774268,72.85523569098683,2.3110004872927403,3.3037124331999386,1.112645787212643,0.02919980244154,0.04188597225368,14.160064135065063,8.186440780025059,0.5335496122473885,19.014968845877995,2.401600386555977,259.0666666666667,32.00888916015625,1.948888895670573,969314.0,8584.17779584325,1.734819436566454,1.2096427621842345
-90.6243241978,38.7782203132,57022,15.89415092280512,70.34550658237299,10.142475525001464,3.7997147783010754,2.614831122211404,20.90793382332846,6.11406179128983,5.241821852714468,1.4895344211787351,1.5312996432181392,148.79244503547304,3.807363932316824,420.73333333333335,30.90222249348958,2.4888888956705726,248064.0,57273.78965912024,3.00794100636222,16.534683665491826
-77.4990909425,38.7668948021,57029,19.64586510945681,68.69222696001826,7.861545110158042,2.296822613396951,1.561358746867877,67.10317394238076,0.44443261344295,7.534550848697141,1.9501541879755664,2.481963246607118,79.1921021727261,3.991958868639117,491.2,31.63333435058594,2.026666717529297,121428.0,61032.0097176928,3.1053324318232853,-1.407995316053757
-9.17609949637,38.7545159251,57132,25.47899300938648,71.8136278213064,13.189523031489417,3.575124433058971,1.5160344857927497,19.02009332363065,52.00790946855028,12.66147104079094,5.794885510659744,1.602277450810869,67.77009515424339,6.377198311602747,11.8,26.84666595458984,4.33,896978.0,50012.02476091946,2.090113580246964,22.008342803826423
-104.773029592,38.8565595604,57159,15.78386805955025,76.12642647080288,11.090254564439718,4.045616875632809,1.4146769664917715,37.440801969478485,0.18974845360101,6.885145258700061,1.8724695455018705,2.5599739467923825,1948.866688262645,3.5517653854806657,103.5625,30.36458320617676,3.89375,483587.0,53269.28208988248,0.6185800415804579,-36.08028388754701
-77.0760802508,38.9405651001,57163,19.22136367649694,71.40396357928832,10.10050206795733,7.722208300615403,1.6362374226470038,62.87940554098387,5.79520412435816,8.03883103152225,3.762704454990684,2.449976075619096,73.9363124162313,4.661674180106717,502.625,31.17465279897054,2.462152773539225,3471484.0,76338.04800194949,3.176580299850741,3.681288140167737
117.523613681,38.7204803501,57195,19.67031566396063,74.18211639429553,2.2019961972670776,2.817669795513688,1.821514916281156,0.42569234140027,25.71915600948044,10.61872691634894,2.791652753567634,0.3772511291822889,1.4290366383316424,1.336536678327528,254.5,30.822221883138027,3.1,375340.0,9430.107923482708,1.3676029258098197,0.9977374929723256
35.4520126878,38.7280309491,57213,22.6638374101195,72.31255721575145,14.669899649526483,2.72869700768596,2.31425239391093,3.59946780856101,0.14459649032691,22.850185381641253,13.668412234625633,2.3562959668593795,1097.902700716586,3.1991272003016333,42.6,30.373333740234376,2.426666687011719,275783.0,48188.429649398255,0.5681825487458241,-38.32910872060484
-90.1384528007,38.7073361698,57237,17.92325990844462,79.39714427028201,9.654111003998638,1.7414040532322472,2.0333643906146763,3.78725759664017,10.471904445455973,6.730128259801153,3.268611457176607,0.7609656686637759,126.28149463350816,2.117127009013447,435.0,30.725,2.408333320617676,30743.0,54669.91780242657,2.52957142857133,2.01589171653849
116.107317511,38.7053888623,57268,22.5191648421755,74.60647966805158,1.8830742381714043,1.666933255469771,1.3290940300974576,0.0083393255202574,1.3393365576,12.91855817641012,7.421071670269834,0.5335100566159078,7.197497844489978,1.9013574114096647,193.25,31.65,1.966666679382324,185537.0,11443.605221600004,2.019929292929362,0.9659886723162848
-77.2987017041,38.6502681458,57477,17.90103145695033,65.64500099680276,10.491326507289688,2.80771637866584,1.4985898639126811,48.92524808018607,12.49113607919472,7.508369378482594,2.0212716879934978,2.137826310105714,48.986876042624594,5.0389668197232425,512.4,31.266666259765625,2.4533333129882813,107633.0,70251.74726152762,1.665605349267313,11.909741057495346
27.3829455546,38.6252615225,57485,29.19764535147526,75.04113274189775,16.119390619720143,2.2537311998193847,3.4673098286631943,23.46175222366941,0.0026386947091273,8.95419476208113,2.3232059093072928,2.4740254455707977,84.90254095426849,3.21878892880365,48.25,33.40833282470703,3.299999923706055,219392.0,53683.78831497957,2.422060292850972,-19.9158754378648
-9.17094351249,38.6373959083,57576,23.282273365519472,70.61052503482253,11.44034854900397,2.6024483814031694,1.4276196102183258,42.29531554796565,19.374457657357468,9.979708779409188,4.549415782138736,2.1862773836318485,39.24799348047042,4.920102303525523,12.0,26.283333587646485,4.383333435058594,134886.0,53358.06764971902,2.217098844672816,8.833545870431763
-90.1477145009,38.6053082456,57643,16.24168470970342,68.54543596705084,10.023055484736432,2.243933129502399,1.15398740946769,7.453252137791299,11.58142568580064,6.83481337823216,2.9973902311919867,0.9137523054051446,125.35440836505632,2.2369348974533625,424.3333333333333,30.85555521647136,2.4,24147.135,61469.48063432174,0.4781747709654382,1.2806252971404035
114.970331649,38.5235176409,57988,23.27710537272393,72.35001715715596,1.0978694358231738,2.025062721868791,2.2352287207110195,0.3209777103971999,0.0,15.025942795925184,12.23018518705592,0.4656300547260528,56.22705846335073,1.890364674391344,259.5,31.65,1.9833333587646484,157996.0,11289.437156636875,1.6643308080808197,0.8967519743611447
-89.9837170208,38.5440838943,58004,14.49552508478764,67.42987074916807,11.120032497443033,3.1890381228591487,1.0502158145388305,27.51256830936884,0.38580790314342,5.041009353439359,1.1598801750457222,1.4684194236786838,165.536337490308,2.7561154360267444,415.0,30.522222900390627,2.377777811686198,65997.0,42812.86272103277,1.91671111111112,2.793894129841675
43.3771328325,38.5014124353,58124,22.350458030805072,70.8056278783417,12.573436569828871,2.12332326242374,1.3886412679043756,28.52788805578127,3.4473628939193404,8.795019015408151,3.412548809535692,2.3762220666077627,1751.960666624433,2.89003563494289,41.0,27.81666717529297,2.2750000381469726,248618.0,24020.86100765028,-0.1862295569433172,-44.10896965739289
68.7763417568,38.5428248214,58130,16.70496715271327,72.52747287447376,0.4303355604706881,3.678132203046708,1.1699431930222275,2.27637998710554,0.12327104275425,10.431961183234014,6.817190725130772,2.921968992515382,850.8536761346023,3.3411521864351483,3.1666666666666674,35.28055521647135,2.069444440205892,1045353.0,7133.686749834739,1.3982105263155518,-58.32840471215263
102.204955605,38.5046611924,58133,19.51094320294871,77.79415468852298,2.4343840433369643,2.4544828667284007,1.249853817095388,20.84430864120278,0.1354818371691299,13.24523806983472,7.9816917863977155,0.8555005405597705,1547.5050072174731,2.7201022513006543,64.0,26.213332519531253,2.793333312988281,175227.0,5263.82462748321,0.5384772727272207,-5.854583577628318
27.0812114319,38.4853239638,58168,26.63896934618883,84.0323673696058,16.963721580685633,1.8429575631960533,2.055257553822285,14.10920466599791,38.51394334374104,11.003180909394812,4.541916253687747,2.3783958082543526,71.30724044543793,5.264900695349862,33.0,33.733332824707034,4.05,387321.0,32803.51048355241,1.2789103596349491,-39.44307544304517
-90.3681553459,38.6484347298,58268,16.31912143746536,74.71415980625571,11.259194350087888,5.317714726676732,1.0048655943647682,29.82095197469235,9.7495783745205,5.95897334193192,3.090247539060765,1.9789547359671755,150.16332267067116,4.169614418003377,425.7058823529412,30.69215662339156,2.444444421506396,1137942.0,69191.69173297049,4.41686354589865,18.879898431019484
141.284515649,38.4281769011,58376,22.84393204481421,80.55482134280378,5.055861892424487,2.576965615919573,3.201613779152653,17.39762782826474,30.28897616017985,10.476007400699675,2.7551420562142432,1.92199917265866,17.284968648483385,2.1459706810236527,532.5,25.85,3.0333333587646485,51029.0,86534.8843598738,3.513087192323777,-13.322771969985713
-122.71695452,38.4434025839,58460,19.615741781537448,76.57225880362411,11.753881669418472,2.0807705295399304,1.147304680546343,30.8392082439712,0.28917377358549,6.285695134654884,1.4242895158530136,2.513074440779187,91.63540248765726,2.5377614470877363,3.7142857142857135,29.81904776436942,3.642857142857143,155395.0,84078.52241063095,1.2472328042327376,-38.6624324522435
-121.367587625,38.6156415475,58461,21.13851139023722,79.88121267383492,11.0574104777944,5.236775679573576,1.3220115544269826,9.30942600366769,2.7214438983932903,7.552010985225629,2.1340164971834974,0.8184477760216774,38.85376530895803,2.5580652591952004,0.7846153846153845,35.06461547851563,3.289230797400841,1671709.0,63451.3487867805,1.316588785029353,-5.6824728204034045
106.233165936,38.474523706,58695,21.956710324532512,77.25025817621308,3.1125305569281982,3.690343677319873,1.0390053121430824,0.14912531676173,3.36518131717309,22.850185381641253,13.668412234625633,0.4081076040270133,1111.9814424659608,2.2319251355661005,92.0,29.44444405691964,2.5428571283249632,1189499.0,22954.842146987936,1.6486203012335636,-0.2925350657769741
117.328228072,38.3621363873,58708,23.97719089747297,77.70902833795101,2.8042301855873872,1.9120972475562368,1.3708632264418832,0.01153144281681,2.4188761557607,10.648008301426463,5.301722703115079,0.4343111594300437,3.730233316553696,1.8638058238974715,225.3333333333333,31.55555521647136,2.433333282470703,72378.0,14462.67626903203,1.512402116402086,1.2876977727786127
38.2938829955,38.348580415,58730,23.2285776198787,68.79309036780307,16.320025953928926,2.094271784055165,1.969946783701487,3.04298455099477,0.0,22.850185381641253,13.668412234625633,2.390892394074461,978.550831318958,3.93555103714887,16.0,32.813333129882814,2.5133333129882813,321465.0,26363.200656370056,0.0235115115115718,-16.866407810241185
-121.968229281,38.3572700008,58750,22.96558135574963,81.11412141219787,11.369399825693302,2.2040770874307367,1.072326325132687,6.68371275205992,0.02778524212219,6.494037443280345,1.4754745933652222,2.27226361649819,63.772457695468034,2.313670520713031,0.0,33.48888956705729,3.944444376627605,75502.0,103672.64999602656,0.4685931899641673,-21.14176249086241
27.1695920731,38.413489611,58791,27.650656345422192,80.52015548120403,20.216310518714607,3.043743461856185,1.6625002216992388,48.45874725960676,16.4842858226936,9.305184746557774,3.1549699898627965,4.473379496792656,186.57223622567983,6.168021483022469,34.16666666666667,33.30277760823568,3.961111068725586,2101207.0,33504.70306304901,2.314792698457609,-106.43620703131928
-122.300909778,38.3088798701,58890,20.466877969770632,77.86829677352277,12.51051799109639,1.87186252743444,1.8429631318789328,32.858650647557404,0.52626864357025,6.197819908791315,1.629060724473364,2.561075453581424,52.50279917935922,2.499772204654753,1.0,31.03333435058594,3.966666564941406,70956.0,99907.09473476518,1.3420459770115372,-31.465574072719203
-85.7674767347,38.311955225,58928,16.39836586803202,73.74749694632334,10.473870840027908,2.617969385148709,1.830725805801151,35.076365040995576,20.5643629419102,5.125642182839168,1.5128611556585256,2.079521556354878,153.58523309919897,2.621740521394784,327.25,30.566665649414062,2.466666717529297,94695.0,54888.7302075083,2.669776770143073,-9.732485350802564
117.788430891,38.291520759,58976,22.72316113802898,72.46581079288865,1.1161430745504295,2.826803604171342,3.5415626987210804,0.1440851810121,20.07020837609803,12.287337458031809,5.832938017300871,0.4193171245924232,1.663794090264225,1.8546482360926289,225.5,30.23333282470704,3.4,31345.0,4545.673089806987,0.7927272727272907,1.728410048276978
116.855288765,38.3029013764,59042,21.25545750712229,73.62630758994271,2.2631706944569645,3.075956033484946,1.762162972463854,0.0115764534819899,1.14643501749325,12.649790665019715,8.561467943853328,0.4784677680050897,7.442366442425543,1.8735250203949712,220.0,31.707407972547745,2.051851840549045,504032.0,11888.444354723517,1.578718137393821,0.8513261767421234
-122.034272764,38.2607967701,59077,22.87360446176,78.54909558443678,12.173794458110358,1.7752297680247953,1.4119803693708142,3.85254759321587,0.8344227196694899,6.323461432135507,1.833339979181336,1.5476842761304994,32.34712231603718,2.250863112175998,0.0,32.11666717529297,4.166666564941407,88450.0,121138.42136074456,1.9986699507389856,-15.65710885403264
109.740176686,38.2721942592,59125,22.33296721066172,73.77804713535345,4.4957708995958665,2.494889535998348,1.0226788216129952,6.547598925431269,2.0153871077216,22.850185381641253,13.668412234625633,2.245930507646664,1112.736997610887,3.692018111620188,188.0,29.20952366420201,2.2095238167899,223501.0,12668.732462047152,-0.0942159297897546,-29.386385643688754
-104.620004377,38.2640547254,59170,16.53602424411642,80.4716938819135,10.730708722506456,2.2815077510782618,1.2765014973368172,74.89265029905576,1.6150403498145598,6.2843124507052,3.153198929148295,0.9431830784430562,1470.775401503399,2.6462860915695177,83.28571428571429,34.9952383858817,3.995238037109375,109302.0,38355.76089184095,-0.9079228398129616,-11.188748713746463
140.34260941,38.2779886661,59253,26.56901591733999,80.12817771419721,1.0891334705878304,2.622831182574477,2.695419077984207,28.836721734318537,0.12145346407733,7.103143882703041,1.8735112161083385,2.75293880323167,149.99301772377495,2.781716892769996,712.0,28.473333740234377,2.126666717529297,203459.0,37626.908836669776,4.479555555555635,-20.837169119963026
140.914621574,38.2723281496,59431,25.59066383514161,79.98929281065944,12.59223469610816,3.487861819530385,1.2340875813689751,34.63668051362251,11.83279459656342,10.373290340137576,3.83873720951878,2.827670928710653,48.38400947175972,4.206237019663104,655.5882352941177,26.76078437356388,2.9509804041245404,1079590.0,41276.81774840447,5.185556795213813,-12.434657852495356
-121.281771088,38.1278693403,59570,24.413266430541743,80.84288341263658,14.053874236968804,1.4529494116097277,1.0932306075233882,8.51577918681931,0.6451868422157601,7.765947317528488,2.226541123537812,0.6336897700994095,14.143833920714387,2.0584580077288503,0.0,33.86666564941407,3.45,64274.0,121138.42136074456,1.182272727272732,0.6734257713505976
13.3387243278,38.1329448217,59657,28.589125782648228,74.59005922418864,9.476330444094504,2.22751337749404,1.861344954347685,14.14135008445179,17.66868588137411,11.574040765622454,4.834186019444855,5.070643394226543,129.08332309028438,3.944525332900015,22.25,28.94166717529297,3.149999923706055,524626.0,25334.865212551416,1.2178447488582833,-85.83119522034175
-122.237080571,38.1210506066,59696,22.26421364037279,77.87878442228202,13.641002802367874,1.7693210596676938,1.4867133615990835,8.17517526591733,19.5877327273234,5.736601379717359,1.823409786421314,2.103897662343262,43.351622241117205,3.984555128644399,1.0,29.5,4.375,98252.0,116970.15938606848,2.087679738562201,-12.373295457847757
-85.6888859599,38.1989655708,59782,17.40664599752105,75.80831744012254,8.832580340815102,4.598198583055665,1.7297627231065709,53.798327897593055,6.490154494391059,5.335501735028503,2.402396103815886,2.647000155740616,178.6518469921252,2.8279486286565576,340.7948717948717,30.52991426908053,2.45982909373748,708104.0,51264.2578222973,4.694711817251232,-14.040293317111605
116.579492728,38.0736309437,59848,24.86355513621179,72.64393523455158,2.6456334551518483,2.061537379665936,1.877455794791596,0.0281803255515699,0.7278561161805001,10.772116604838274,6.380562658493982,0.7159346457511271,11.614787856526997,2.0453090707853256,228.0,31.75,2.0833333587646483,135355.0,20230.36618521665,1.6744596443227806,0.985076480786601
-97.9202308139,38.0684081804,59859,11.79964578017548,76.54587485464674,11.132288209441407,1.457205397551204,1.2288441853812486,6.77166556273977,0.89742401371447,8.358133191579864,3.532256897879787,0.8067637549386569,468.1824941766787,2.1636050795713504,204.66666666666663,33.62222188313802,4.733333333333333,36020.0,45307.32915047196,1.48985092426949,0.0163021839775865
23.6103370483,38.0631854171,59895,20.86685556668796,68.4182403128712,4.554460256651669,2.317770391232722,1.0927047544228048,17.687442438383492,13.10167082872134,11.335988275811706,3.123608690645068,3.12765153435679,115.27963913477288,3.795095986388911,47.333333333333336,32.46666666666667,3.666666666666667,26112.0,34415.42447916666,0.835870331219212,-52.58964826195883
58.1994693647,38.0539564872,59937,19.153840286601888,76.4880809053696,2.1561747982079016,2.9149044233879,3.2235384134179497,11.1028912764601,0.0,4.891743523684364,1.3612741554312566,0.5191526873369534,223.9078323067645,1.5788349054789417,11.333333333333334,37.93333333333333,3.1222222900390624,57562.0,21684.87818352385,0.9873473917869546,3.3662439254044614
115.042746861,38.0287801739,60016,24.25475312136167,75.20550807771701,1.8817435544138508,1.9290994917453568,1.767281596225422,0.02218697120145,0.03973353012548,10.104532421340505,4.690150453371056,0.5185027475738648,42.23416282422007,1.9648974741024705,272.0,31.583332824707032,2.0833333587646483,98425.0,14009.200345440691,1.1806137566139228,1.5613488739011814
-84.4966485813,38.0224266027,60237,14.975121705231029,76.12043959284995,9.539779991742044,2.4052691020385137,1.2153054932742324,11.209018081814271,0.80638280607912,6.249311523566048,2.0428744453063468,1.6587934519929386,293.918040659765,3.8618189442645874,385.8461538461538,29.36410264235276,2.1846154080904445,302762.0,48302.508898078326,3.091408408105675,7.009433721464234
-87.53488914,37.9782838042,60265,18.15987626462323,77.1452196924711,12.09959230002887,2.6706614056858458,2.26239505287021,24.57913454920986,7.03106190627702,5.692027972429843,2.297980728152502,1.4493687484158493,122.65029079066473,2.675902099884907,297.75,31.09166641235352,2.3000000000000003,130505.0,76845.07946821958,3.0105437015963084,-3.04567940471776
114.521966316,38.0312506851,60365,22.739057565493383,75.43657174367976,4.093471297856832,4.098342311143087,2.15082545946857,0.50708331864888,2.29906917520641,16.137839474448906,10.048743444367984,1.1714532109686235,87.10602825134025,2.835615061136476,351.8333333333333,31.43703706529405,2.094444444444444,2868907.0,12202.305363331749,2.312767103233398,-13.08026938216149
-121.80017912,37.9846313923,60444,23.38368119748805,77.51658436492565,10.677147503884605,3.016232141524021,2.793252296620044,4.00233327339498,13.3596159180904,6.023514808041714,2.060460401080671,2.05360963351014,52.101251045924,2.792052178465564,0.0,31.55757585005327,4.187878861860796,227860.0,103722.36351707188,-0.0637837195483825,-19.128893351693428
40.1806738873,37.9285446279,60455,23.69009789589994,67.53865826846618,17.74363019617213,2.3051023813427123,1.7383122552191337,8.49319999017452,0.9491008220441,22.850185381641253,13.668412234625633,1.206775363156456,688.8026701108485,3.418998626778152,4.0,37.9,2.2166666412353515,443348.0,14077.865857069391,-0.6998279569892816,26.23936540780187
102.627265111,37.9300249556,60462,19.95886781137494,76.18407856898537,3.847854513117784,1.8110466608628124,1.4474582458313456,0.81413955516716,0.0048098601000318,17.063584736099322,11.891318239405567,0.5616712543359281,1544.6998855406885,2.110743234080035,69.66666666666667,28.688888549804688,2.411111094156901,205450.0,4073.367213433925,1.1134003152088212,-6.879838658278004
-121.297267026,37.9753354051,60481,22.53919949107004,81.72430538641738,10.63151084295748,2.4437709372349463,1.10274104662619,13.89134259811364,2.1508368705365,7.225577056736561,2.7572781350989617,0.48339535399149,5.797674206246716,2.063675623079773,0.0,34.161904907226564,3.557142813546317,325084.0,121138.42136074456,2.01479102620408,-0.3230836662087331
115.222019346,37.9241372925,60502,25.03126681645843,78.47440873487163,1.3429724057752277,1.9330359703688147,1.048297258394428,0.01290224837844,0.04712348632094,13.2064929090719,7.784934653901604,0.4112033812664435,33.7638027981566,1.9184066349310511,265.5,31.65,2.15,151108.0,13130.947256267042,1.424648786717853,2.03042318362985
58.3924478178,37.9451461828,60524,19.74910333269662,77.23865082720096,2.866921032148442,2.7268727518118747,1.0478780377279535,23.84433126451167,0.4125156677665,7.0306776205664985,5.536004004251523,1.0633586262075718,248.32089033527893,2.2012540816084987,7.888888888888889,38.74074096679688,3.122222188313802,534387.0,49369.9046589831,-0.6252873563220191,-15.77673069414692
-122.045918256,37.9498965347,60583,21.92507421298542,79.49037818477495,10.914418864281885,3.1587833732255857,1.2554703082228515,24.15511174609172,4.87610862269434,5.440546697255583,2.122655583363719,4.463345584056465,134.0632541538582,4.123044665366779,0.0,29.374074300130207,4.192592569986979,322964.0,91721.94114514304,1.5728243637877313,-80.81204188043117
23.7425689787,37.9984271223,60697,27.15815884385649,85.56774326576834,20.216310518714607,2.7999866359590126,1.2205169843107282,42.00029732550058,26.82855289565798,10.426445242985686,3.010792132322654,3.9992130064072176,248.8987474023779,5.153086470142419,46.7037037037037,31.8716050889757,3.612345671477141,3046157.0,34712.62595394788,1.894935319087779,-116.7606779676382
32.4994499745,37.8997222114,60700,21.05163470904926,78.29495065264183,18.62501419871256,2.108824608019705,1.7051471176527702,9.68010416495232,0.0006377997339849,20.035775396732344,13.605895182326302,1.3379027691458278,1068.0376603772168,2.349113312049896,24.6,29.72666717529297,2.3866666412353514,402808.0,52385.64516345255,-1.1656047941082122,-39.67465526948854
139.049709506,37.8957510875,60765,26.19819046109032,80.06710367164078,1.1299102269700567,2.8289027814587806,2.075758174637066,1.8696270394990293,27.78877934391385,10.7687176006696,2.6968788938586945,0.499062422589049,1.3643913313187,2.2783425736172056,745.3000000000002,28.42999969482421,2.996666656494141,421926.0,42488.67528429155,2.592512077294653,2.322174659042933
127.163586659,37.8346870366,60852,19.89177479274255,63.9384714207127,0.8221791096949627,2.315770183924006,1.3611209202540593,49.80111258862973,0.90918737046754,9.595870767807746,4.867073316670461,4.732800308578314,186.23600385081983,4.1128819294586565,974.0,28.56666768391927,1.7666666666666666,26043.0,94272.46373305684,1.7308333333334076,-59.73391513030465
113.593109603,37.8524938351,60881,21.83099892038474,73.61720893507695,2.605518083143886,2.7848951206772723,1.6145023362510689,2.7101529023989,0.15967261951351,14.64016740012907,9.512126981781105,4.511661825215038,744.3271483111583,7.054042040078571,345.6666666666667,29.133333333333333,1.9666666666666663,429825.0,7975.385933810274,0.8324031007750818,-38.07689600180117
-121.22029774,37.7988613675,60980,23.78904774881185,79.90097307869254,10.363729763984791,1.8052280405960044,1.3339366837132534,11.27375931220937,0.0571718521672399,8.069023147954745,2.095439920511773,0.5202822280056766,11.950709681096871,1.5581311993351674,0.0,34.766665649414065,3.566666564941406,61090.0,121138.42136074456,2.05834883720928,-0.8998674030562928
29.0721367074,37.784569988,61129,21.69693074863723,77.53489961472656,19.82263294853531,2.644099833218227,1.481046810730982,28.97345741031884,0.89639951102019,9.187913356745415,3.66643760839382,3.898634836977835,468.64049350914985,4.316684537922292,55.66666666666666,34.19444478352865,2.3611111195882164,347303.0,47103.547639957054,1.4307463984102355,-49.13445596321736
140.462977434,37.7755728514,61192,28.036495972150387,77.24774791136011,1.021275019706842,2.717452406215892,1.5745343952506614,24.74388896364004,1.06797646204539,9.037465360810872,2.670436709333404,2.5768851639459927,96.9470155897803,3.043279932777424,601.3333333333334,28.544443766276046,2.177777760823568,156101.0,31169.125502078783,2.7774953548868098,-19.61464876987266
-87.1072803706,37.7521275843,61202,17.52922083420299,76.64126521903897,12.08444816507192,2.2276045912781,1.7844437372008173,11.53147996123458,9.772480790636587,6.27783755214871,2.180410743658941,1.204713251895526,124.64290047807498,2.543895362775173,334.8,30.73333374023438,2.4,59335.0,45088.13565349289,3.067292437863671,1.440714907521908
-121.433235713,37.7324727161,61269,25.576375873301288,81.07265567883415,11.278887276628916,1.9495909584982565,1.0465587763612887,6.146204643953681,0.21617825948909,9.122795726251711,2.313221063013768,0.4117702587254028,20.33205071125696,1.66367660030115,0.0,34.87777811686198,3.5444443766276046,81695.0,121138.42136074456,0.7897926267281719,0.1205845979973858
115.687712956,37.7393176315,61289,26.12978018323876,74.17960541314484,3.421240890703968,2.355279578868726,2.0087919444684976,0.0098203605728312,0.24619451399998,16.070050628392014,8.845098454739542,0.7248491879699894,19.909641703812305,2.657576502647541,275.8,31.59333251953125,2.07333334350586,232289.0,21437.302575670827,1.5676203789996634,1.3792801223035127
-121.754636879,37.6884155145,61459,23.22722937724751,79.9235260017758,11.04991636938833,1.8598550069328748,1.727687816169079,6.596693574677031,1.34314990270844,5.667897107047359,1.7921603462964435,1.9464520027795245,174.2624993973316,2.203301160322273,0.0,32.16666666666667,3.722222188313802,77392.0,100423.06166011991,0.0570304726368817,-16.537863194977234
-121.91993942,37.7236458706,61503,21.46607620672633,76.30770645313201,10.604936807915289,2.706564192208442,2.6756457148969104,24.14114590110836,2.19840487865509,5.616959217499042,1.920786794652885,4.436726499954034,193.49539846831712,3.573161935209112,0.0,29.280000610351564,3.820000061035156,208800.0,77560.06988984678,1.116885821110138,-68.24354958436084
-97.4518936748,37.6989914364,61507,16.36694509857714,71.54949119776163,8.984829628768786,2.7763987909468506,1.216683101313762,9.207938412758809,2.54300754522458,7.674223188226975,2.7842437465428467,0.8969596278281523,408.3652954599817,2.419019660835031,151.75,33.16666717529297,4.466666564941407,60898.0,71765.72813557093,0.4479216417910336,0.3841703273681673
112.579634266,37.8154616783,61532,23.29137514285761,76.47362064710727,4.018261236316622,4.83086186896763,1.8390747765886224,2.07126470972922,1.11454569009088,16.965270918038563,12.992054847086592,3.1356772831346404,885.7294987478141,3.2456094006043763,283.36111111111114,29.01574088202582,1.957407421535916,3213281.0,23797.80095453837,2.1982235187433616,-75.80550004148938
126.762851283,37.6805937321,61620,21.52568658377615,70.64380803639223,5.270720101621016,2.2900956996925927,1.470643370182471,11.57534304837959,7.62018205313222,18.96385797651261,11.071878261120094,1.850465810260352,20.28613173056092,4.43060002013986,970.0,28.45833358764649,2.1916666793823243,549141.0,35792.976434103446,1.3709142857142638,-0.9325124555527182
-97.3010477252,37.6843816204,61742,15.678582989671913,78.2821776250685,11.713461301881225,3.079373447524401,1.130244450798385,8.23814985921734,3.3500076108575203,7.667726495782245,3.2386303332796675,0.9429869468647178,407.5982810989066,2.6575980612203147,161.29411764705878,32.892156982421874,4.401960772346048,304979.0,61177.94919650206,1.6034630069341915,-1.147043555339053
120.323971394,37.6440468706,61766,21.60937874705113,75.77241784020845,3.5826865704140887,3.277742648169649,1.3132648993846692,0.16650132004433,37.42994785099399,10.683589862786937,4.051606813395108,0.3976956804491534,6.324622589335517,2.120137179106808,345.5,29.233333587646484,3.4833333587646487,111305.0,13307.345923363731,0.6625185185184819,0.7583613539719591
120.501616346,37.6260960888,61768,22.78170774151423,73.13286059838262,4.211161986362784,2.2010459956371355,1.4142993691072132,0.29451228947322,0.65555135426849,12.748207861737177,5.5553944004298215,1.054610414200568,45.91873163388677,2.8050842570354666,348.0,28.977778116861984,3.155555623372396,111702.0,18144.07186084404,1.873018181818168,-4.296622689617195
-120.985859472,37.6498571048,61775,24.50797467372126,84.21130342512278,11.63408199780073,2.378227214559674,1.5500569330433176,8.55740337641642,0.1888780817456899,10.564318020960032,2.425677413259129,0.6337942195099658,28.4332444692464,1.8837406895893407,0.0,35.84242414994674,3.524242442737925,286539.0,121138.42136074456,3.797258206970071,0.0596591126804106
127.152761339,37.6291232457,61808,20.07427378608028,67.04972244124167,4.607803441509761,3.0674050849258707,1.3025122999147594,47.66015794610307,6.87843861154286,16.887594045345796,10.403587766647556,4.245241227779268,69.53373336099044,4.924093561547095,1036.0,29.13333435058594,1.8666667175292968,368436.0,32298.800318101392,1.328784869976289,-34.296465852738336
61.8499837413,37.6090434423,61866,15.37093598474773,78.07339526008437,1.63104639397557,2.233228895297568,1.1483188713327623,1.84713091857756,0.95510296596721,6.272235517643834,1.585993023436202,0.3638532779283184,219.79471401854687,1.6774554877078778,0.0,38.54166717529297,2.85,193358.0,15987.48291252495,0.9518182318315668,2.124793432076018
36.914616634,37.5799199332,61900,23.20480285880808,72.65662590600944,20.216310518714607,1.59585608875453,2.869472551276709,11.16818546468522,0.0,11.57508184811591,6.365526772242713,3.847124874674072,671.0566618622986,6.298794618212333,12.5,35.76666717529297,2.7333334350585936,371447.0,27756.992569599443,0.9510076530612536,-52.36361078387699
112.241569045,37.5745915999,61986,23.14909898316508,76.71475526631191,1.9189517852639333,3.126632578190188,3.4176238202754936,0.1013266203384199,1.48517797945639,9.98148258113141,6.809641577426103,1.6556617070483088,782.047049325137,2.10545365674929,318.83333333333337,29.41666666666667,1.9,147469.0,23611.860933484324,1.2770049261083043,-17.623625788723757
45.058030007,37.5485048036,62076,26.35688105449307,83.22557645025255,0.293546493659377,1.819402910706469,1.0283182421595134,5.379659134669399,0.0,10.73861968242533,5.649176157596792,2.325619288015615,1416.705519794816,3.3121998215135378,28.857142857142858,30.1904772077288,2.5714285496303013,612400.0,8129.43558785108,-1.5359429462483831,-43.54575302898115
121.213240649,37.5447483129,62143,24.5119344836683,78.74910580354923,4.474257009383193,2.420521230738107,1.6831585797860449,0.67544517028424,21.35410374499941,15.348722574156284,7.883890730615051,1.6570575849824694,41.87265927315302,3.599578419357144,375.5714285714286,27.790476335798,3.4380952235630584,245442.0,15051.580108538885,1.9648359788360488,-21.14064267510089
121.343034641,37.5477719202,62181,23.504623486390948,83.75256091195014,3.829761221958304,2.1752677074130484,1.490962483302746,8.82812281239973,39.490707514186326,13.528727173115389,6.215913619393066,2.054089860079367,32.32747539636772,3.537681367198964,416.2857142857143,27.861904907226563,3.4904761178152905,638981.0,8100.500831793119,2.164634146341424,-15.7109314673962
-120.85025536,37.5075576835,62187,22.43145550171447,78.64439055523705,10.734924557949194,1.4529494116097277,1.054123957942248,3.00480389861804,0.0062880405906582,10.726168702020049,2.152950428337056,0.4562887824423898,32.02490803966331,1.7679826640300966,0.0,35.96666717529297,3.516666717529297,69663.0,121138.42136074456,3.041305555555596,0.4386127317980737
15.0705407973,37.5234756567,62194,29.16645936773639,73.07171515337512,5.653424058752044,2.3304795009287527,1.3699556280831768,4.33662568253999,23.07770059671995,9.947639992062827,3.556668611109536,1.473775364115765,161.30186766105544,4.962086742458484,34.0,30.9,2.8333334350585937,299695.0,28954.618765745163,0.1149999999999522,-20.61288470698668
-77.4838533501,37.5714400913,62304,18.39685469627321,70.85670567926996,10.786543855943158,4.1167238959947685,1.5460330544145755,59.010248986377,3.4271968800922896,10.6960691346666,2.9322643286929986,3.0621006935506943,60.91915737761492,5.013122215443101,455.8095238095239,32.046031988234745,1.9984127008347283,392667.0,65091.271153420086,2.448790647411329,0.8827863769415245
112.044058153,37.4541328773,62517,21.49448083796435,69.91582661142685,1.6882635604111176,2.727617484115373,1.764089544521429,0.4063743782416399,0.0768898464884,8.6978682507409,5.547817888109487,2.5226148686295784,780.3977168561962,2.930346088004081,336.0,29.53333282470703,1.9666666412353515,84760.0,14799.878610193491,1.1252620653866074,-16.739749709783155
121.447317015,37.4471082606,62532,21.846952150497533,67.82195981758483,4.484666184666628,3.237550427560312,1.4438119205015825,6.12572090519834,19.61138398763561,16.55294286799515,9.12148500033224,1.8185997299426984,37.454339250189214,3.259354974718345,454.0,27.56666717529297,3.483333282470704,149205.0,10113.41085754499,1.266193522590811,-14.071003058776054
118.56183028,37.4766018771,62572,19.38205792845452,73.46361103180689,2.869467439893256,3.9961886395983353,1.5874550282079063,0.0024663922522625,8.709463407304021,13.034817383825066,7.229927123612115,0.514479224459152,5.842336280364707,2.193135069850245,373.0,31.9166665649414,2.591666664123535,584791.0,14432.288735633756,2.2019892290251697,0.5471053443994496
116.317211254,37.4587945891,62617,27.23267403234085,74.86481502312905,3.537543102910013,3.247590730013825,1.4769323585131195,0.0057275926148517,1.2348400891438,13.757957060872036,6.390810393760007,0.8753188266645838,21.590300347370903,2.841295866131741,335.0,31.133333206176765,2.1125000190734866,370732.0,17464.47237357444,1.6083473128301762,0.5669902957305375
122.116803583,37.4617729607,62664,24.59966747760817,80.28114810668741,6.133263938301758,2.8427277397484327,2.002379969173825,13.58656309311198,24.82350335726175,15.136917856904818,6.589388642847422,3.6429614918077258,61.7704621257171,5.229831611068751,678.5,26.82222188313802,3.516666666666667,374663.0,29528.132585817097,1.7647912182522418,-34.96959549847625
121.580984937,37.3940847782,62696,24.26102602346714,76.75616084954478,4.20217383010145,2.14173700478128,1.1875007311272323,0.47922016342198,8.28562224032156,13.4681101749288,6.193024359381628,1.0189616732936444,19.440448092855146,2.491957154679111,494.3333333333333,27.73333435058593,3.466666564941406,100449.0,21540.11566068353,2.2783292383292064,-7.854851682407686
117.994367591,37.3830162506,62782,21.43209950067494,75.57249886443263,3.174032909007172,2.425802179621636,2.166228971058544,0.0053566135727065,6.3522154778684,11.80077874242298,5.913662759613347,0.8335295656402815,11.665813752806,2.750948377545585,427.75,32.475,2.2416666412353514,194236.0,38611.42919953045,1.728575438596522,0.3230463362030829
140.366024383,37.3990534818,62789,27.30071959691294,86.53166447330673,1.006418772024699,1.668349976130536,1.372222941850207,10.00281997351329,0.66577850755383,7.221143640152203,2.4878583472817493,1.6664787916599435,249.4708630489292,2.834036786578881,656.2,27.993333740234377,2.180000030517578,240520.0,37978.502951937466,4.893648284744188,-7.629068286489712
-5.96192604457,37.3863849329,62803,29.4601348243444,75.92637395316464,14.693635551665704,2.16657366812891,1.3998277990122103,4.80865541108918,2.30606227356326,11.0509938398158,2.8236913337184126,0.7297587977278779,16.456183715483046,3.51204894959876,4.0,33.983332824707034,3.1166665649414065,593877.0,32580.636406191843,-0.5318460508700582,-0.0823260834871852
120.41091187,37.3723182905,62828,22.47112698009518,75.51642507350883,4.264508346704451,1.893471526405696,1.357623345631045,0.47770502168141,2.17094610748589,14.01331807570011,5.240135272699377,1.711378442332543,86.10740156183958,3.694491989486477,395.5,28.86666717529297,2.8916667175292967,108945.0,14755.56183395291,1.8090261627907007,-12.3275683866178
126.948793058,37.3750490496,62921,25.37210165114559,77.19242653100184,13.293285111472358,2.409485361270778,1.0789101010159303,53.29569141071633,1.3559757805453,19.17290974161039,9.1514364503666,5.624681527577145,107.76066578281213,6.904878355568742,1056.5,28.35,2.35,861751.0,31330.876116186693,2.5087278244631115,-53.186726154538015
-120.476476351,37.3113456628,62991,18.81521735809758,78.0889552816228,11.042283146749082,1.5963374945952298,1.0645981301693583,11.13699389533422,0.04921019937388,9.141511495737518,1.8971975466560604,0.4221543151221012,52.58577733301642,1.8437619668833027,0.0,36.35,3.533333435058594,73504.0,78935.91264420983,0.8423499999999535,0.70505154569382
126.749159542,37.3499595748,63021,26.60349991243325,74.82447333803145,8.158060058903207,3.349645516011362,2.332081547791592,21.7074326042029,13.83458575521638,15.621875312431005,8.497342526988772,2.6557825571379685,30.716094046821063,4.586990378151031,964.8,28.453333740234378,2.893333312988281,1017031.0,42538.27715182723,3.264125763126003,-17.520187692884118
49.5863817728,37.2784949639,63182,21.62544046952056,77.23373058904845,0.715618227039712,1.8162471468307744,1.3777417176298907,4.1617304072716905,4.12813688599301,8.414517753903102,3.998382812169508,0.5383509610458033,0.4668134244053913,2.2552088601836293,4.0,30.06666717529297,2.683333435058594,534065.0,13138.565008004643,4.480288156288282,1.8559960522533516
-79.9786645365,37.2804557747,63292,14.58395184806166,70.91643808401696,10.305134254038675,3.1941187838028657,1.5776491773899826,62.58563166151793,0.74590181779633,7.19618364094306,2.2648771587036363,4.434689372341674,373.3115778393807,5.3350670391600366,361.5,30.49166717529297,1.858333320617676,133824.0,49600.14712607603,4.246294580824099,-52.84525730943915
-122.11295416,37.5419094847,63328,25.29972499016782,85.84289526709821,13.174209793913008,5.819466868730817,2.270772624712488,27.69964985181347,37.27661005784883,7.77751291430893,3.823088609480752,3.096551542832398,113.76460445788943,3.5193091028550416,0.560747663551402,26.219626082661,4.264797508738865,4873740.0,98085.7428720038,3.680002124980497,-71.29087623755436
67.2859831278,37.2408991587,63340,17.898692656431788,74.94054332465929,0.6201791551571533,1.8464822468894355,1.2604884021583973,1.7902879986903102,3.12394875329071,7.454696858612974,2.0085258557198813,0.3820142779180331,301.451611089326,1.4409504052069446,0.0,38.616667175292974,2.9166665649414063,157221.0,7020.688877440039,2.3658141762451805,2.6667130122265235
122.066413266,37.2057559457,63468,27.60802140911556,72.14444935464391,3.8031114435433775,2.735424976280645,1.2600456990604474,2.19500175623,1.45098154720273,15.050823930770626,6.235907194949452,1.9176313325821424,68.33531439183977,3.918921622336841,630.25,26.924999237060547,2.9333333587646484,105364.0,34989.15771041343,1.9076094276093687,-11.473053422983774
119.936479784,37.1884882147,63581,20.55819620378718,73.94514032395378,1.2190455869860737,2.396750601777504,1.2186658799519705,0.12706759672138,2.18269288627644,11.889996661234044,4.459729789206484,0.9948137782471872,50.16089308327484,2.988682454148059,411.3333333333333,29.27777811686198,3.3888888549804688,97370.0,28325.99674437712,1.569419668381954,-0.9661735807280252
-3.62097744951,37.1844465784,63592,27.62416226035368,67.774165947913,16.51146256288293,2.5437586994514065,1.4536260780210406,12.544491564206613,0.04667907374073,8.810471238134387,2.945436105124472,1.6332003938323925,683.5428840814336,3.741700924659085,13.0,34.20000101725261,3.2888888549804687,251550.0,26028.733408865035,0.4103215077605,-8.403272757988475
118.144859338,37.1496196642,63652,21.451790103684708,72.33703641486147,3.591697613739892,1.9722536494396683,2.4550791643081125,0.0059906186911296,1.7857916855146,11.607556902288158,5.283828584460453,0.6748268052385753,7.004292660390791,2.49242928686481,467.5,32.51666717529297,2.266666641235352,67346.0,27621.912556053816,1.4902210737868202,1.1914166692614137
126.945812078,37.4610548131,63702,26.79917870334872,79.22193249071809,12.369657447127294,7.487745916228665,1.3060421831471023,49.34578282768753,7.08725104904278,17.70787531577608,8.731093625919351,5.047014172466993,111.27020572509656,5.781246728880331,1023.8833333333332,28.62333328247072,2.284444440205892,13323229.025000058,46252.721263686966,3.003499552763224,-76.12138847874903
-93.28498652,37.1863687424,63709,15.895865105767932,71.31377167856184,9.714580496104022,2.86407331994792,1.1026174710652812,35.33103996767662,0.66659579982455,7.391489705687148,2.9493070115956925,1.9167572947843523,382.2497468256564,3.0131948281691376,287.6428571428572,30.9499995640346,2.9809524100167413,212781.0,68660.00064855411,3.140395901213651,14.507340160004844
38.8011245631,37.1669928132,63762,26.46070322694168,79.98179283023687,16.04025150007558,2.340268463257596,1.4181293807612636,14.75034113441875,0.06339416184593,9.50445640793816,4.47594125943948,2.949364691498633,577.1564311178861,5.30109046239602,3.75,38.25,2.566666641235352,503557.0,12386.505198021272,-1.1022398589066214,-27.711506904715066
122.441578283,37.1498285748,63827,26.63176430262096,74.78852591484987,3.5539850647549542,2.196263006641276,1.2587211433612564,1.14155738919928,11.15076182750498,14.43544625997214,5.833669843602567,1.4059716771266646,27.09034384513108,3.448051485122917,709.5,26.0,3.4833334350585936,100282.0,34553.344029835855,0.8952397660818292,-9.78134278045624
111.783589909,37.132207775,63853,22.57439754753906,72.2750587792774,5.003408865176293,2.4630481387096217,1.021235436975349,0.27541456865551,5.42112041449875,10.717421236363323,7.913181384294346,0.9765156387452808,763.8590376542752,2.474724090752604,314.0,29.877778116861982,1.9888888549804689,148293.0,11583.218816801873,0.7233837837837314,-5.5764663394253375
-94.5059035182,37.0735565223,63992,15.04779421544688,76.29054625845346,11.114516135829728,1.621276637017467,1.4824554849254543,41.213927442181095,0.15821459492405,6.779558197349215,1.8197317796161367,1.8263180950919835,313.0123173519381,2.941703089017321,234.0,31.72222188313802,3.2333334350585936,46108.0,44335.09540643705,2.861512659248433,1.3143716666805858
-113.568361572,37.1016032279,64033,18.374301072140508,72.2079687031002,8.358921582125033,3.882981213051002,1.655214107384045,70.57249554962814,0.01680681881677,7.723858469502066,1.93791482954336,2.616268174304111,884.0277002369398,4.242937354706125,3.0,39.37619018554688,3.814285757882254,107217.0,39148.70492552486,-1.5305974269006697,-48.500194442886254
115.657684505,37.0585679084,64093,27.227712491943564,72.36823230509593,2.738769104579432,1.8670109262802344,1.179020047701836,0.08388296479624,0.7567813192734599,12.2571717086038,4.801690393218533,0.7202625978501447,29.76059643931253,2.011374548617485,361.6666666666667,31.399998982747395,2.055555521647136,77114.0,15590.72451176181,1.3923575757575577,1.5699913697023185
37.3770206766,37.0635086425,64174,26.12735298028178,82.83671270163224,20.216310518714607,2.120001563156043,1.0883896635786892,15.703667697750252,0.0044974780391895,10.661782715968316,6.040935571721787,2.4002919081721923,892.2878583783528,4.991553620433736,5.714285714285714,35.34761962890625,2.842857142857143,1167532.0,27748.301649119672,-1.8751696556369093,-19.46784111283353
114.493714026,37.0606832594,64231,20.42669931166386,75.42929645872024,2.1170898079497724,2.613031406332852,1.414824250802618,0.19095399928761,0.43550729399208,13.113472605143702,6.0107433503116665,0.7703055876115136,77.758208944266,2.5329848689621786,323.6666666666667,31.40370347764757,2.140740729437934,683612.0,11184.491531746076,1.362497521543503,-4.509140560620125
118.40480226,37.067654816,64242,22.8240720808881,67.22442192745633,2.641702784261447,2.4270699192161227,1.9877636523822817,0.0116600958597,3.8135829599816295,13.029315194311025,6.653809996316086,0.6372578793607803,12.279476963708726,2.2331365274744805,451.6,32.37999938964844,2.3933333435058595,59801.0,22784.53447266768,1.3639664913306433,-0.3430510021624862
-76.4346341897,37.0634841774,64392,15.68785899969364,73.82333104438908,9.513770351406482,3.272275346205658,1.9780532081052733,20.93439510489555,55.07756591109603,7.416130431877851,2.705741289522713,0.9855423633990772,5.342494240083619,3.4840250012078027,395.2666666666667,30.90888895670573,3.0466666463216145,271117.0,48265.9096810602,3.782906603583399,3.1400591740912773
35.315902434,37.0066557043,64433,26.7081150876926,80.83217032071911,20.216310518714607,2.46327583489487,1.6702841051767616,5.06434358241249,13.02441815693211,12.537885008660709,3.5332904276524832,0.9341830953221152,54.05385677615846,3.047488893337228,22.66666666666667,33.91111077202691,2.388888888888889,1228339.0,9497.928515662208,2.1522861910721645,-6.214468485589855
-121.978863748,36.9743362675,64463,21.75393599153627,73.51638594234446,13.0018433737275,2.313562397683129,3.956676807687692,35.66562875112903,39.369939915908,9.214759977154404,2.2806439229160835,2.342612719966892,42.37646368328191,3.9913316906197367,3.0,23.733333587646484,4.333333435058594,97113.0,66004.36954887604,2.7010416666668107,-11.661965048040429
118.528446562,37.0057435312,64550,27.85821963217866,70.65028478742494,1.4657101732333646,2.454278530904733,1.8476615050132104,0.02540501741455,0.50956155190716,11.015482174436295,3.2490830712155403,0.5181396087439533,12.914874334553105,2.3419966029463213,452.4,32.126666870117184,2.49333334350586,88351.0,18278.213342237217,1.8889300704837524,0.965120663122324
-86.4486227712,36.9668716952,64564,15.20851279304098,69.09031637725587,8.191661711746894,2.427159627940014,1.0362124825858412,27.165265981816013,0.7068846157513,8.069704692434414,2.669639640413247,1.9655736537744324,159.93914103484553,3.406374508957132,440.0,30.644444783528645,2.3000000000000003,68569.0,59870.51604952674,1.7924191063174248,2.375805127369261
120.704721517,36.9627049334,64588,22.12820967200117,77.42324987724936,2.368721378397781,2.5783984861923366,1.177263872486945,0.06296935474262,0.21825507451679,11.607199026224295,4.497845394766173,1.4552559160708256,56.17574534593509,2.7670382816029946,507.0,28.366665649414063,2.7666665649414064,167502.0,17814.77803847118,1.5914948210922262,-12.74426022755329
140.869541616,36.9595700043,64593,23.38159566787759,76.10694487368778,8.781144879054217,2.339074272084884,1.2855676529237683,41.44281388661678,16.71143722267664,12.093678102258668,3.89082638080842,3.8968514616312815,30.15769026371176,4.310969403883119,426.5,26.3,3.483333282470704,52122.0,66753.660258624,3.1768421052632334,-18.06522883196016
116.656646954,36.9294126782,64649,23.2622181850986,71.90150957096812,2.301629712829832,1.5814609801128716,1.5692911133772434,0.0017525511522436,2.01435003611026,13.135424824306076,4.348238477651064,1.0492502243812656,21.63066513069491,2.8010531015493103,409.5,31.35000076293945,2.091666679382324,111320.0,14665.648356090547,1.6732099803755889,0.2023610999773986
34.8894207236,36.9210223877,64731,26.25761957235714,76.66600464888727,15.382664816673865,1.7245565699323109,1.6138476858768398,7.596664161785149,0.0548122946916399,10.92287565446624,2.396042737618757,0.9855386723119836,33.9823034314579,2.64613629298541,24.25,32.01666717529297,2.583333396911621,241269.0,22503.05908757444,1.371339869281087,-7.195775837313828
-2.14488589493,36.9220866717,64760,3.544477215802924,69.48261652926773,0.7105241631009037,1.8635742906087207,2.181426883377251,42.33798718580241,0.0824934458148499,5.438329897377942,2.423513480061604,2.0496399847466287,183.0727879552494,1.55702022642582,10.75,30.08333358764649,3.616666717529297,24147.135,43333.61813731203,-1.2431725102388214,-47.24923835229416
42.9725615827,36.8585177612,64943,21.70795946692238,72.62323569389906,2.024933493611037,1.9838545342403664,3.5281164200872444,17.367557747399758,0.3916817133624899,7.978346528292573,3.391420391657421,5.818698099200708,636.6289111633472,5.393105712180986,0.0,40.63333231608073,2.677777709960937,221495.0,17986.095640985128,-1.3130357142858389,-80.61338830199111
116.224762646,36.8642478786,64952,23.44616227302477,72.94498599724916,2.8205273731923937,1.4553928862297627,1.2096859346817392,0.02274795558324,2.87562195268195,12.953050492834908,4.995847219698323,0.7658660546710879,27.835604471532378,2.600734043984777,396.0,31.18333282470704,2.1,61282.0,21953.748408994485,1.4683447332421906,1.5404368445888077
30.7150755254,36.9094733709,64990,20.17056178760176,74.11535561278627,13.65828673324202,3.715211982825916,1.5137439994803277,26.64444845492792,35.94648742603505,10.655643678736082,4.057591706331058,1.980874016139664,77.60115936832531,2.936223617107126,17.833333333333336,32.575,2.372222213745117,588800.0,44060.50799762225,0.4467339082231092,-17.17108338160606
117.759632336,36.8987321776,65009,25.54062044478401,72.93220418079547,1.91292438105534,2.602177477564602,1.336250175529809,0.2459742687413799,2.76977614049593,13.308495568800105,5.442382021298211,0.9811601014338268,31.438477049963847,3.029343189374498,437.0,32.21111043294271,2.2777778116861978,163851.0,19849.57054885231,2.327830996044554,-6.234511538593065
-2.40948121763,36.8627669351,65085,16.51053898226255,74.10058953312532,6.695680277451716,2.4338414544850053,1.0349318288728606,47.57708232081521,26.65649095521979,8.447727608090057,3.93111993148482,2.372209797721868,106.05284009959855,3.8334840666565255,7.2,29.953333740234378,3.76,133782.0,36557.53243336175,-1.1375599128540443,-36.759227837829854
118.735892101,36.8747729901,65121,25.36082128076612,70.82376314467143,2.667464837988874,2.290512172226508,1.0279198769539923,0.01907543139102,1.76969941090579,13.620296958544774,5.198164251387389,0.5341006409983544,25.31603805285263,2.429063104426602,468.0,31.38333282470704,2.6,93271.0,54263.44620514416,0.5034410104183848,1.4644750939430295
115.717281826,36.8428043732,65154,22.77103055355356,74.61589105245775,2.143360898516017,1.7844007284712828,1.1961202775147377,0.01107215473575,5.73781854019284,12.189525557695127,5.076582028986711,0.8651969195654714,33.77227114132717,2.4393078673824644,340.0,31.4,2.033333282470703,133426.0,23084.79384078066,1.8290909090908367,1.4066339642719043
120.521745646,36.8620779047,65272,21.57985115189672,75.50954917481535,2.9506212849965325,2.325938800386373,1.4884191203599806,0.1139966030888,0.26063459518915,11.695006722681354,4.084037794559822,0.8258823883283608,63.995631700777565,2.5774071888029115,492.6666666666667,28.57777811686198,2.6444444783528644,91888.0,51595.65573306635,1.2995962975354018,-1.769425629196995
127.132110624,36.8130420082,65313,24.6812561649746,79.44607564017781,10.604092746928671,2.2130896311820094,1.063524820603352,27.62032831699714,0.7798876705904,17.672545108774354,8.62139204235082,3.798932926802781,69.66620178591866,5.462909359797144,1037.0,29.466665649414065,2.2666667175292967,407581.0,74697.77244032474,2.6606659267481554,-18.359248136004567
116.773745414,36.8029688773,65341,25.62818392541925,72.24104820066674,2.621308481805422,1.9503479462932507,1.6114259336893413,0.01279279188886,0.19866453286242,13.413251172090058,4.43432486563768,0.98289611083134,24.270714983477315,2.7263655080009466,416.3333333333333,31.38888854980469,2.099999949137369,85914.0,22312.12252950625,1.4316512345678802,-0.1821249194181362
117.839093454,36.8107826092,65345,26.02328544582768,76.32209977947949,2.4810922646908424,2.1080206861827886,1.1281933146934475,0.04049130984276,0.25057997902934,12.307888461168066,3.770115574458032,1.060697697177784,58.34071541438413,2.591871922021044,397.6666666666667,31.988888549804688,2.2555555725097656,188916.0,18461.10806390141,1.8680919715446365,-6.084066279560581
-76.2183088772,36.83794848,65507,16.32743686536936,76.4926551805555,8.262949836972087,4.34262800838488,1.52033175400294,16.07845166942575,44.69786063968746,7.890813381421511,3.183987818986943,1.1577921009259502,5.228181677017321,3.2378788758914183,384.3636363636364,30.896969604492185,3.216161573005445,733982.0,52503.71843587442,3.932602266445485,0.5700644782678461
118.285052549,36.8011189145,65550,21.88248851941203,71.07334895124195,2.692008720343008,2.74935364504223,2.1598051239440887,0.14399187287056,0.0020751117362838,13.205043941663432,5.613681464187616,1.669312811761327,89.07501404079375,3.150908696107662,426.0,31.966665649414065,2.2666667175292967,102143.0,31836.109885161008,0.9035551991446482,-11.44168060427738
119.96437751,36.7715127583,65554,21.202304258468992,74.58047207603956,2.8273848975706963,2.212052052419808,1.357306382737114,0.146846650552,0.44197973541065,12.07651311468664,3.85711460300376,0.8356409641206899,56.72296778517524,2.2174000151855893,475.0,29.11333312988281,2.579999938964844,179559.0,29177.34125830508,1.5271438596491294,-6.576540348654106
34.6585552968,36.8137497718,65602,24.11698963573066,77.176399545677,11.79049120376021,3.023641670391372,3.0663560979461546,6.99516797636248,39.61911448529733,10.768715923036975,5.38150323380074,0.7677241677388974,29.057891673854662,2.894443617616126,26.27272727272728,31.26969659978693,2.769696988192472,648082.0,35237.2938887363,0.4103445832225816,-2.186521764388612
-108.183681897,36.7453728123,65638,15.4806457187029,73.14629255066161,10.318426976674289,2.2864704675416614,1.7386018444296945,61.15499231007887,0.65829907452831,5.55936735596237,1.513683663336169,2.1751078555360164,1675.8889618394712,3.331694586256036,27.0,34.11666564941407,3.1666665649414063,33609.0,41947.12701954834,0.2971844244757449,-22.51311902808743
137.047878061,36.7582828863,65685,23.584086595820388,77.02638719398917,1.1259465636503412,2.6030581872783,2.248146284120123,9.79873383366912,25.09438259186768,9.74522620145042,2.6057794355745,1.21443214513288,11.075697392915526,2.1695956665876466,931.0,28.6,3.133333435058594,124186.0,53451.050190842754,1.5809764664558656,-4.477332097988001
10.2069202668,36.8176858559,65761,24.67245717991793,83.01283756373354,15.363304615983068,3.725401505254685,1.0654096434635263,2.1250419589873704,24.34309162460619,9.569576743217226,2.722547644536569,1.0641619640349187,39.29580577379252,2.768154178974793,27.65,33.44333343505859,3.8833333435058592,1958816.0,15667.914368679843,-1.3143483653034878,-15.421678742633802
-2.76223033586,36.7582478156,65807,7.57519774202423,85.71332294878614,1.1094195137703369,2.2549348333903687,3.4914305343378604,35.559078125204,50.3181976368648,5.550359487379682,3.5620085597214275,4.012009072790745,174.145089556027,2.9847972052436487,5.76,30.616000244140626,3.669333312988281,176822.0,32989.811658051585,-1.1427506768189917,-103.04544822724355
-4.45182596928,36.7114507161,65860,30.11617649315158,74.12742262472672,13.115340410629186,1.692903880725917,1.0563427088197408,28.866440234297592,30.90238061222765,11.705571998904626,2.7257843042220755,2.513861689280704,51.45185401743482,4.907997768025938,6.0,30.23333282470704,3.8,425932.0,19595.06819633181,0.2596666666668099,-22.63391799167512
3.34926285269,36.719033554,65968,25.603228461394178,70.47036192950776,6.411150528138769,3.254754367238119,1.5944575741452358,15.48393824193403,0.0,11.42242057042906,2.545698830660176,1.3249602777949971,52.97702873982818,3.3384958985689748,30.0,31.699998982747395,3.566666666666667,221546.0,23726.331136648823,0.3671212121212761,-5.9695169786040765
67.1043066057,36.7099638494,65977,18.02838509801867,74.0111885527694,1.3178077661317973,1.999146170566226,1.5021815370686409,1.16063378117257,0.0,5.730536546374461,1.5512247452139991,0.3105444170451679,358.3807705011484,1.2865746208995743,0.0,39.15333374023438,2.873333312988281,633778.0,3677.909288425915,0.856306201550403,7.940778119226991
114.18894809,36.6938836617,65984,21.610919164433,79.7264332031557,2.789310983233358,1.5961251674906771,1.208189823802508,0.02388290446088,5.6653163199639,11.45807224624246,4.953271515572094,0.9680383706793844,211.23348499503024,3.294271459315614,313.0,31.33333333333333,2.1666666158040364,122944.0,12531.644935905775,1.339071364047015,3.8042717580328542
-121.639943331,36.6867315576,66014,23.88747300416958,82.02004678358291,11.937036949539907,1.9179165196968504,1.065301120176724,6.6144351403203405,0.0016924097678458,9.971454614678311,2.285903029915958,0.4575330971468747,25.18496822883168,1.729369151304304,2.0,24.26666641235352,3.8,137960.0,104503.46202522473,1.921604938271632,-2.392269983197398
48.5027761927,36.6776271928,66026,25.90395791560768,81.77285997630831,0.4180459241514725,1.648688230031042,2.423615778318108,13.84778775146151,0.0027128098241588,7.981644664483065,2.1552022406003246,1.6552337283223255,1694.4525955654535,3.014772360597339,21.0,32.21666717529297,2.8000000000000003,357069.0,13068.255488435005,-2.265823337913561,-13.109089045488645
117.521348449,36.6997975706,66046,21.8030904225145,72.36868394240362,1.881783831553736,2.4074125705713785,1.1053307560078376,0.12773886469222,1.26406188340354,13.564471540508087,7.710844544230973,1.4294297021741489,115.26723190740935,2.9192523050055543,404.8,31.626666259765628,2.2866666564941407,158995.0,26520.19226390768,1.403233802816942,-13.791961679771871
3.09873352586,36.7304129069,66070,27.00128442396133,77.15753283247625,13.087748438164963,4.139823233920536,1.8491472845162689,17.281458783667638,27.47348819448951,11.409363883911633,3.164843517009704,1.0738348068672503,48.76595314572128,5.653563002381563,37.76923076923077,30.615384615384613,3.643589735764724,2463275.0,19176.36506155424,-1.4298197762865923,41.0326020021318
118.831564324,36.7044714974,66102,22.95462883540692,71.52261318183251,3.1601761026691686,2.136748877197567,1.5978598384780187,1.03217608250923,0.65381887294706,13.120834182503888,5.15456863986535,1.087518197100877,72.0849760357501,2.8870057738753085,463.0,31.20833358764649,2.475,84782.0,17172.246172536623,0.5287372549018983,-7.564160362365826
137.226001148,36.6974626638,66162,23.93444527579747,83.16406494879077,1.1090641480489212,2.4196550601621585,1.0535686518352394,4.67278932252192,14.194062719940382,10.218265943778816,2.1768874093518376,0.8103945774287206,18.3939056381071,2.2865597810045606,919.8,28.91999938964844,3.22,222713.0,39599.2329365596,2.655954233409542,-1.842698918859497
51.4505472234,36.6527607842,66178,17.46425649708402,69.46917262636467,0.3896410255069256,2.369179223380569,2.893667325827932,24.19924063305304,11.443784617209,6.8389800144272925,5.18371171419772,1.769959954832259,24.379877048433965,2.546111536219379,72.66666666666667,30.477777099609376,2.533333282470703,63197.0,11322.214266499992,2.3264619883040574,-20.237546333964676
118.501763761,36.6923345669,66193,25.82975203734082,72.13832539793597,2.202917758402236,2.458321240788312,1.4216617657777673,1.56979736543152,1.30822592209236,11.689604900091146,4.088006696393658,2.064842393727317,122.25141779186498,2.7379622840328723,443.875,32.02083320617677,2.3166666793823243,160336.0,39918.94425456542,2.5867202015431268,-31.12034783674289
118.05203828,36.7868746494,66283,24.28148030990791,72.0712116391029,2.7444775289123533,5.064003997727572,1.3386744070699732,0.22525346706885,0.46336063377069,13.003891156050637,5.58318858655775,1.4146619804686964,85.31288512244369,3.0207398356456205,399.4761904761905,32.02857142857143,2.247619033086868,1027548.0,20174.373674027906,1.7009416461619935,-22.045546602044094
127.469625894,36.6364068393,66322,26.268346675597986,80.36082908289669,12.082931836153032,1.830104940901752,1.2507412550704344,33.692257748074226,0.10750224816909,16.4260015875825,7.986549481766781,4.170563418458479,97.48132955695704,5.341217681836623,1057.5,29.74166641235352,1.7083333206176758,658001.0,47395.0243115132,2.545280448717961,-36.51798532430407
119.137759571,36.7042520544,66351,22.15823282506024,72.14428571504476,6.200082503664504,3.745870831982789,1.124455398797904,0.1736806136155,2.5656339413033,14.38351823680361,6.475702400308817,0.662398017191785,44.65361153912103,2.493947936361734,452.4736842105264,30.44912269993833,2.65087716353567,885581.0,20409.82906024406,2.103432478247555,-9.08689863276819
117.028503807,36.6793634544,66464,23.80950047710688,76.17424816749364,3.7829215445911104,3.79653963201923,1.8581562351184853,3.43089096643482,4.68250553420756,14.348853043664157,7.197217182346034,2.776841154451167,100.95279830413816,3.948892367739808,435.4074074074073,31.417284025969337,2.218518507215712,2676553.0,18758.619498661155,3.217948192170809,-45.225244057036655
138.196019553,36.6331554471,66476,22.22406892075064,82.0109414549046,0.8736725174556965,2.189713046723783,2.338508165101935,37.83081343210768,2.19830309592762,9.119631448014545,2.0754031062480087,3.833848224174985,418.1454959570421,2.5956076589068733,611.6,28.65333312988281,2.3333333740234377,242308.0,53063.3228453043,4.7290229419703,-56.22384944143238
101.761490577,36.634571017,66495,18.14770514421549,75.22384140129364,5.081148977394398,3.493562132907451,1.6078393695366968,0.42648106144709,0.12441285789623,8.005844421937518,4.484376701746289,6.491393692909797,2362.9427115103613,4.240671326730649,246.0,23.333333435058595,1.9533333129882813,1040155.0,21311.83148088505,1.5959111372089223,-93.38712125361826
116.232681903,36.5945366454,66507,24.14535489546496,78.2291683210885,2.093532475029982,1.9179447962054323,1.361641601059063,0.0065421692501641,5.3375802754562,12.110771394789086,3.117964780806729,0.7832087924243288,30.115614712286373,2.774060028076829,419.5,31.25,2.05,78990.0,31686.56579313838,1.8417460317458565,0.8221167528088564
114.500312447,36.6889060649,66621,22.07375485389898,74.3332383534104,2.692052012475779,4.61668933353676,2.018402321831262,0.17524406832222,1.74803349177232,12.936813897069284,6.451498037719459,0.6450702383931717,65.41727155250295,2.3692836765056025,314.88235294117646,31.57058823529411,2.062745110006893,1316168.0,15356.401625780296,1.3088300395256738,-3.741581599750951
53.0619866408,36.5575019343,66693,24.74517149089802,79.99777955380796,0.5500491051670143,1.9502043756400649,1.1364619950811614,11.763801950270771,0.33208615069398,12.101566011327634,1.5370504279153856,1.2964737010276226,49.14503591565765,2.4159106293557406,33.333333333333336,32.1,2.7333334350585936,253786.0,11269.88682196812,2.28395370370356,-7.818985455510578
52.6754325213,36.5579850399,66730,20.24533683382937,77.98949665987546,0.6784957165871235,2.427016712293917,2.144713239022132,1.91188074533243,0.8940255048958,9.051164633990911,2.978253390144052,0.6042213234153544,0.4668134244053913,2.1325436433037224,43.0,31.066665649414062,2.633333231608073,214820.0,12367.84434410204,2.9573801613669275,3.435483538803693
104.183039812,36.543465758,66733,21.10628929210694,73.3911804147074,3.148528028658993,2.429708806577489,1.5614608047053016,2.41568229705165,1.34594090755733,9.235388741075017,6.276918346821128,2.8374563571546587,1722.3415949310202,3.861433336202965,180.66666666666663,26.433333333333334,2.0333333333333337,210518.0,5070.432865598191,-0.339335288367522,-12.608549762350094
136.624829894,36.5630653642,66827,26.5179215983383,83.55119981035884,1.2215608406647516,3.0967589945482032,1.4644473618692853,28.89888975280917,13.64964536411489,11.100544680755238,2.137145608379302,2.490921234774534,46.88529347243862,2.5919416252463465,892.4444444444446,29.059259372287325,3.2962963189019097,470667.0,40838.2771896054,3.900176084289512,-26.885287223585003
140.638362586,36.5613503986,66829,26.54505831026691,79.30700955812372,10.279045151318265,2.2982789940165635,4.420309696429729,29.8001796266456,44.86173405643938,12.174111046989804,2.5596394433266974,2.625859092904588,57.357239890708975,4.961142242886138,597.0,27.1,3.7666665649414064,124678.0,47258.08752947592,2.452361673414256,-21.16331460459258
118.5429995,36.5050134818,66891,25.689559987554773,69.91742453956479,1.5350475344651475,3.07211505605956,1.2771216193204185,0.31918473080427,1.30792064277026,11.95906313493782,5.192425793571966,1.4725437370130854,129.1948485422333,2.699822560751426,436.5,32.050000000000004,2.3416666412353515,143738.0,26332.346282820134,1.53472566859665,-15.58043219443438
2.83677985444,36.4920621612,66911,26.51570077051293,82.34812930826845,0.5505090531770122,1.9215911795161973,2.562939528965502,38.63378921646415,0.0,9.54762364761019,2.916916717662791,3.477234998550489,242.5594667539285,3.865634514310524,36.0,31.700000000000003,3.333333282470704,345338.0,16461.561678703183,1.672664277180438,-42.8686812969313
52.3575971386,36.4723097315,66954,26.30469228836865,79.30915046723925,0.6950394868144959,1.736822710731985,1.4523539942644774,1.4887647587111,0.0,12.004535794367584,1.7575790670503555,0.6400753873059088,80.05116149626372,2.276043027498194,84.0,31.044444783528647,2.555555470784505,202784.0,11710.929013137133,3.0681781376517847,7.473900615792957
117.865013933,36.5113060708,66970,21.527167103875,73.43607161459585,2.377315642812078,3.029334354317984,1.2990186825264536,5.28019604206896,0.26686497500747,10.241323653503326,3.476143674165008,4.8679482884172,297.5455222380853,5.62318187474813,406.75,30.8,2.350000038146973,259419.0,16404.409175889192,2.960285714285704,-81.79428183767456
52.8591718811,36.4684235666,67036,24.78838203312532,79.28255304779609,0.5006776607430444,1.8484570029412584,1.4368795640358525,4.774700080150391,0.2523495293579499,12.032457773502056,1.5019578411245909,0.7773010689842594,45.97197557952814,2.01768967402084,50.0,32.22222188313802,2.6333333333333333,203915.0,13658.27441335851,2.5369105691057143,2.4540311196729405
139.889371298,36.5304346412,67129,26.23919733194182,80.05012836738142,6.396560646282513,3.134014753895828,1.843927584232243,14.119961644806638,0.36885465690127,11.28289978598577,2.38813631006096,1.2702237304831412,97.5290529304681,2.7416506056182235,534.2222222222222,28.588888210720484,2.177777760823568,421836.0,35065.25727533923,3.3242770023040293,10.837509758366268
-97.8922445401,36.405225017,67246,14.201545284371992,74.03484467706535,10.618086078625916,2.0445896162828405,1.7190062722779187,5.48507674601419,0.19431329666562,6.199260972237114,1.8671432348807004,0.7361864513837104,384.7362875239521,2.1687552119858413,188.0,33.733332824707034,4.366666717529297,36046.0,43993.02033512734,1.2620463458109723,0.7261468022641111
115.996497654,36.4574757094,67267,24.03760502485289,72.50547120976634,2.3160865770908203,3.5512806912758954,1.1249037412672818,0.0034366250504237,4.86195702013366,14.124604149302428,7.0288691937470125,0.6654473133965443,33.256775781489765,2.6376830249529126,383.4,31.346666870117183,2.0766666717529296,336174.0,23805.13980557688,1.262178403755854,1.3788654177634
140.52850146,36.4086268005,67279,26.06890777677675,80.15179229163202,11.824743569523967,1.5294986149827872,1.1691631755970997,19.23302992929633,2.09408243212481,12.519278855987745,2.142021898206562,1.635973521719227,15.522004270370244,2.791858054531537,580.0,27.73333435058593,3.533333435058594,96571.0,44397.16886021684,3.8824253179532775,13.002655640601434
138.255432904,36.3937100271,67349,19.66324166500507,70.53692796137699,1.153298540486252,2.353839007791988,2.101688918385083,37.36467327222195,1.14942979568389,7.73105516901683,1.632500672751628,4.684362705365542,534.5597719565989,3.8091546792254976,596.5,28.8,2.25,74346.0,34340.90958491377,3.548100896393578,-58.04101937172516
119.769476022,36.377745303,67514,23.99517326312482,75.76632110528983,1.6128864716485407,2.385248743905152,1.1418393437423169,0.16765768084383,0.48441116411359,12.052406146873771,4.674186080805328,0.6048171008284953,20.774810779182776,2.2595846727666005,532.5,29.275,2.5999999237060547,248152.0,23972.58502450112,1.829653270291601,5.967824594204995
140.449897854,36.3612075681,67601,26.08527206817814,79.25456959756552,8.828986615829026,2.2917156176603712,1.2987388578029375,19.020687429604468,1.3435168636883998,12.187689172205747,2.836738731711452,1.5197738510208465,24.65795770657576,3.111860444714027,572.0,28.11666717529297,3.275,201446.0,38996.23162534873,4.15139057922022,4.2345982481940005
-94.1600002739,36.3402722038,67604,16.40684362517449,69.81196682683088,9.277508272668388,2.3624737270320173,2.1212065209887814,42.39953709095696,0.36745109511579,6.609583811194069,2.1777579213296043,2.290972710319888,399.1415205115365,2.9697210766178586,312.25,31.15,2.9916666412353514,82293.0,40189.34188813144,2.0863600288600423,4.722778504268206
127.396156384,36.3415300387,67640,27.899040172909352,81.24009711832049,15.692405412237123,2.4237447632549487,1.6032927197444804,60.03007824758557,0.28483936694144,16.22145911198084,7.367585494091566,5.757158804347618,141.77678770341004,5.3967001015316445,1180.0,29.633333587646487,1.6666666793823242,971382.0,35786.30409457867,4.391213810641659,-77.54238958939929
43.1564778874,36.3531512485,67662,26.01340635647475,82.67956455469013,2.866839698096918,3.246536240014621,1.883483452053228,2.0168438577151697,2.2895801210302,9.057383964276154,1.518923281192098,0.9131156560879796,250.2024877732641,2.764768268922679,0.0,43.84555305276268,2.986111145019532,959876.0,13833.204858752586,-1.7676572430418602,-2.984276546539178
139.578986496,36.3275833934,67687,23.77524979869128,76.59742491536518,7.482028349276535,2.3361711558508627,1.1090534556554492,23.34826678195988,0.13361833608831,11.751475010345231,1.366254862062287,2.3912367033034547,45.55525796664152,2.408475809557497,523.0,29.41666717529297,2.0833333587646483,71520.0,45036.82734899329,2.184083546462098,-5.311425819271257
139.834152633,36.3010703505,67797,26.23690652301812,77.87413748904862,5.448214398360134,2.332093909896656,1.4699596646210105,13.53222606102435,0.3720282716921599,12.419353389046456,1.9285737560834928,1.1282519677023533,33.73017316195059,2.502383044986135,519.0,29.266665649414065,2.2,114303.0,36633.82528892504,1.420128205128261,3.5591378316081688
139.19186564,36.3458315292,67950,22.19659738679117,74.94291206552305,8.312582041807627,6.537617670952375,1.8973840264327888,49.11181928781189,1.06320245154613,10.740704058833506,1.8911396383546093,4.218338715751103,203.42753280173025,2.486988004666712,530.06,29.75466674804687,1.946666680908203,1294083.0,41340.83119552605,4.852148082632255,-108.49597739388142
59.5518998944,36.3365520582,67974,26.9980307832263,81.06811025751314,13.758307199329913,3.436470874889565,2.175697289649926,13.60551091122467,0.10975913832647,10.037523023866267,3.337089170465726,2.0009554900667825,1065.1740306912825,2.396717289943025,1.0,34.956060791015624,3.024242442737927,3089882.0,9931.24634630061,-0.615295166755736,-39.25768310253761
139.518650783,36.24180569,67995,23.637441669208258,71.75686437470266,5.7723087298935365,2.9410120875705714,2.333563284197201,2.54936643723254,1.27412313409744,11.9329920910803,1.6560612037699494,0.6865189642889518,20.46300792507092,2.073910953551309,521.0,29.63333435058594,2.100000038146973,81274.0,43366.436449541055,1.4945862607339109,2.032099758853491
120.0195091,36.2884015566,68032,27.10552025763579,76.91781993826598,2.4459934209180147,3.271301333492132,1.0325914222082526,0.28796264658511,5.63932156651467,12.67176584444418,4.654014899335234,0.8769551234639468,27.07262862052069,2.398568421684008,575.6363636363636,28.427273004705256,3.22121210271662,336292.0,29441.82902656024,2.294208728208844,-6.21260983054092
58.7932381535,36.214428993,68110,26.74671087895068,82.72179693007918,0.5118799554659819,1.901366396307196,1.0716858605722956,3.9363008752616704,0.0,7.408011351264697,2.405408492821263,0.4469940998857065,1201.970996559264,1.7440795490314274,6.0,33.93333435058594,3.2,222067.0,10816.67698937708,-0.0723177476118053,-0.0477005126538188
139.157571505,36.2262107435,68172,21.515017979772992,72.76690934673829,6.338545791933404,2.5382830627557302,1.026420223920855,9.99330395807606,1.00531507631035,10.75316917179759,1.4849558813614985,1.1285665918045371,74.27296592610644,1.8271753451570287,517.0,29.98333282470704,1.9166667175292968,96093.0,20805.30380985088,1.9815925925925024,-3.2312634812219017
-94.1373332318,36.1785700896,68274,15.96269999853204,70.19840761202221,8.524765029224834,1.5085624246227431,1.4655707881532585,25.21709311171601,0.29868446237733,6.375593773750627,1.837534019361193,1.6470592448510222,409.9164030286498,2.441428507848396,345.0,31.0,2.933333435058594,56058.0,46537.68211495235,2.115987301587211,-1.3531346041586971
37.149313617,36.2073413544,68336,24.5215942249926,79.69626942330072,16.718762119397926,2.339542759720415,1.3316445262865644,3.26814087220314,0.0006533115105084,7.443668137640092,2.280521110146939,1.089451469312508,412.0095928689008,4.240778973584339,1.6666666666666667,36.91111111111111,3.2444443766276043,764477.0,12692.276948815994,-2.265823337913561,-3.728964503227246
113.104442231,36.1964238353,68401,23.37030607893374,75.74769184709946,4.95962348324396,2.059461075620306,1.2023929624944456,1.985611268460869,0.54119050645508,10.385102137360558,6.628508078888324,1.3847267461107828,946.0317596530406,2.515845402958545,318.3333333333333,29.377778116861982,1.9333333333333336,531675.0,8147.030174448672,2.70408052651959,-14.74819011374393
117.675138496,36.2075810833,68409,23.829304576699588,70.43833401993712,2.4945775560119894,3.4755730872005253,1.2572992566625851,0.2095689284715799,2.65518836299679,11.0509966860854,6.414545489215878,1.901757479128517,224.13643294798027,3.234427856748501,486.5555555555556,30.75555521647136,2.433333350287544,324456.0,14301.16557252756,1.9371038251364887,-17.547310254855375
139.735848759,36.1787673667,68452,24.63659044870329,75.07943466998765,5.67156079011961,2.3237775252797994,1.3106505302607143,11.05308123005945,4.48042835465994,12.01860321832376,1.961881831354052,1.0807897902312562,14.965212863852411,2.258018894172288,524.0,29.266666259765625,2.326666687011719,87227.0,41378.1357951093,1.0877643410852365,3.241357284874738
44.0390987955,36.1765110939,68480,27.70776823607166,79.78331701182054,18.73387363800678,2.911107631680457,1.3407400014998634,0.8208860691261101,0.0006363632007781,7.976783833920523,2.5464059097192613,0.9284632542872552,470.797868977138,2.3046660959223524,0.0,41.97878778631037,3.1393939208984376,1141595.0,9131.162541882191,-2.086017030729124,-23.044289016119023
137.963596527,36.1986869889,68546,23.198156538828428,81.43493475390252,0.8759100507258102,2.430811154208845,2.5462578650850167,28.36432354081026,0.27875655868919,7.995184392837161,1.671603544942446,3.488273582824008,683.6480548899973,2.65195480404288,612.5,28.60833282470704,2.6,186449.0,41918.96374879994,3.4456053067994503,-52.83996617935475
114.127874393,36.1227547666,68691,19.72705675262145,72.94677863040562,2.748056495965745,2.554962351535464,1.3020928128192286,0.5817866568318,7.984098169852611,9.60755469099335,2.7982228360091,1.5953241160198888,140.7238720124403,2.855369039148312,264.6666666666667,32.233333333333334,2.055555572509766,145704.0,13650.130909240655,1.302432432432454,-5.772856430735061
-79.4437099048,36.0815819827,68745,15.45589924120734,64.71727780687335,10.425914880649,2.2848640930339057,2.120526434328461,59.01335476924712,0.58252143264466,7.80639775990723,1.7378764403672775,2.647706474027365,187.12079614398783,4.920854951721328,383.8,31.49999938964844,1.9,49530.0,43274.355683424204,3.273941852603059,8.439109645252728
117.103499315,36.1607791488,68761,24.7321384436824,73.72967111535256,4.091288754725858,3.4321035923906345,1.3097257851775024,3.7887944773349,2.4637609547576,11.322202655403892,6.065455768542301,2.550668976329301,183.70965325786705,3.297362959328861,554.1818181818182,30.663636363636364,2.354545468417081,685019.0,17454.06033409292,1.9371774263243533,-36.26358502031994
120.390984725,36.2581606179,68765,24.33882281665079,79.37846856765029,4.47928756883594,4.945767804043872,1.4038742376880602,8.26550037689555,36.01626482230732,15.16245240027099,7.370987345725602,2.1385119530302537,57.07188979134822,3.307951613123647,599.0681818181818,27.91363636363637,3.4484848507967865,3300670.0,25518.059336134786,3.16248318896049,-29.55593843056262
-80.2642183003,36.0906240139,68815,17.46586525784172,67.20599297130669,11.98497854538548,2.851210474560701,1.0308118441168976,64.54501493746868,0.31354153740165,7.952696898782233,2.772459892328993,3.420546654380165,260.5846751528261,5.557809662367862,381.0,30.75555521647135,1.6444444529215494,110205.0,36345.98749603013,2.403155089121981,8.08226428458238
113.819132557,36.0891359976,68827,21.79939455214014,72.90754650089758,2.30201346731999,2.573403184730372,1.5958208648065513,0.2144063896896599,0.2663242528838,12.356749829056856,5.591353077988552,1.1281945824416555,311.06922479602747,2.661050109797198,274.0,31.55833282470704,2.058333320617676,154190.0,13703.02720669304,1.1522551594746346,-10.088590110628274
111.522377593,36.0733902029,68858,21.67073374975915,77.28879820141742,3.1295071720454763,1.968672898831492,1.5888588830485504,0.07008574900798,3.54516737244841,10.426869696258438,8.160674183785853,0.8042806905034916,449.2810163718696,2.696278817623821,284.75,30.81666717529297,1.891666679382324,353690.0,15640.552758064963,1.4676152832674347,4.696803132138655
117.812714179,36.0935797522,68864,21.687681263322588,70.90164727967314,1.433957626065398,3.051078637942141,1.5453788583032944,0.24811803203277,0.5644565565769301,10.102515747093372,4.154023477594835,2.757214470891668,278.7956801430553,4.5047973295944015,526.0,30.366666259765623,2.49333334350586,133815.0,20181.60665844637,1.5256695156695628,-16.946675227133085
136.221427999,36.0766412487,68870,27.87956325161214,80.23867888798681,1.1687782683855952,2.257347794829756,1.538851522325298,9.547469826959787,1.79782135325782,10.605190428747347,2.1504443498528785,1.21480771858307,12.111962285460615,2.287105598651748,899.6666666666666,29.82222188313802,2.833333333333333,196946.0,38076.9811826592,3.0241159309995247,-2.5338787152975133
-86.7527212097,36.1321215749,68877,18.45035452642407,72.9546274012547,9.31730048375712,4.1307435199996325,1.2998166585468272,51.446985155014346,4.76585328181035,8.721495294518032,4.034061090459673,2.8512589422848538,179.66597728812778,4.909888786069852,415.4090909090909,31.28030298406428,2.175757605812766,463893.0,44296.576242797375,3.63622970341413,-14.270648900865211
139.385968166,36.0424304083,68908,24.03100000468215,73.76985813242682,11.04025621880572,2.2091861049688006,1.6294553970721894,33.06330813465231,0.3050932346794199,11.973265835898264,1.3907672627532448,2.2025558270350576,40.98635280352932,3.265002640229727,540.5,29.516665649414065,2.25,78490.0,21324.061931456232,2.6149949494949283,-1.2899056859134248
-79.8456638405,36.0674458725,68924,16.11642582449458,68.31600489199633,9.52062631802482,2.813089053423767,2.1490941064814164,61.49290226341816,0.51298912020399,7.914947355856011,2.474575743252035,2.9700379120956586,258.3897023555121,5.442017809238662,375.6,30.71111063639324,1.8044444376627604,230184.0,41346.48351753378,2.922339723333952,-2.0283134003490204
103.749933759,36.0798800725,68932,23.71156347342536,81.52786568700937,6.355671698700609,2.705115775511479,3.0767146781740338,1.22742242272896,0.18655705383211,12.039251098598442,9.805178800599531,7.709284159496357,1726.6010969323286,5.439446911998006,212.81250000000003,27.581250190734863,1.687500019073486,2401263.0,15177.107948192255,0.2465700144743436,-155.85360384679757
114.354052212,36.0908879247,68936,22.16714918612279,76.09226740870996,3.2245948840502217,3.5145440537195056,1.2942095874385235,0.03231456066328,0.29781885525634,13.645706488522862,7.640781890710105,0.7837604958535365,80.95695325481664,2.477896629646253,268.2307692307692,32.11538461538461,2.0102564298189605,887236.0,22259.094431470312,1.3550315554641656,-5.513678050119438
-114.962657625,36.0268079463,69029,21.987712029151822,74.24276314356408,10.594260512596929,1.8194189413881587,1.432292185359446,77.45666049520491,0.4078695808368299,6.405078067289632,1.3693962174631773,2.87412349679032,657.4800888769236,2.720145356942987,5.25,41.333333587646486,4.216666717529297,74345.0,56273.45298271573,-0.0290187590187471,-33.16866505773089
-95.9004664972,36.1009757356,69076,15.49581604326708,76.50307875890182,12.664988368744934,3.767971847558545,1.2766904572694064,32.83961608116006,2.90334935465947,8.503823658963531,2.56519016641088,1.281711049674533,209.2487756604349,2.6307388800639684,239.1379310344828,32.98390818628772,3.5149424901501884,501487.0,51626.94093964548,3.4655043287170315,4.950572570962351
-86.569806518,36.0072933388,69118,22.1397243992682,68.48759600251712,5.768151166856708,2.868511922964447,1.01677537755181,48.58427580623224,9.5515532586588,8.462170682863661,3.098322117674688,2.010672054222334,182.67494773862103,3.9648590548214417,410.5,31.25,2.133333282470703,40116.0,54599.58475421278,2.62397500000003,0.6739454173694526
-78.8979334633,35.9967910012,69125,16.93869510006551,69.17432750031766,11.812422870753217,2.212827339612234,1.718072267707681,61.77513613776504,0.06090755325316,10.44054256834618,2.811582613197115,2.788570626534777,115.87872526708624,4.9916698269630215,455.3333333333333,31.877778116861982,2.0,91066.0,43913.62498627367,1.8041856060607413,0.1928704337113771
119.398060758,36.0097257792,69201,22.488825633544447,77.79517625263857,3.39692528759412,2.4893276806418307,1.207388754044496,0.10750862721381,15.3558273058788,13.030434604681904,6.020605295273379,0.7549731707150893,68.5781409920414,2.5561623529120308,621.8,28.860000000000003,2.5466666259765627,232265.0,31246.99938862934,2.061954123112571,-1.0487526798682012
-83.9363659907,35.9797412864,69222,15.49553757635065,73.89843756538208,14.711030160297629,2.2844261390690623,1.7955606552181564,51.21440308993134,1.989107743225,9.777283338299334,2.9348548658730604,3.667807699744266,316.93746917667534,5.525643841983203,373.5,30.91666717529297,1.7833333587646485,106916.0,36360.73072318456,2.544389610389601,-25.079563935035253
129.383629501,36.0070828109,69255,28.65004747239822,78.02675937337926,3.9989731651890574,2.6995565137267303,1.2009909307607047,32.542734982559764,24.22706516856024,15.129973776832127,7.317142460431087,3.171051084852289,33.67003526057,4.885530264465031,992.0,28.03333333333333,2.7222222900390625,311724.0,48251.57483222336,2.680648148148123,-14.467440903064553
140.160563554,36.0596423594,69310,24.92134075583651,72.22290610857056,6.694201900995253,3.628036486431165,1.0133427462792195,26.4067759732175,6.76379989763997,12.433030226368922,2.5540762272221755,1.8676109346611152,19.84068487973612,3.416078123083654,529.875,29.016666793823244,2.6708333587646487,289179.0,44488.08448400472,2.456588201866623,3.519134662633011
-80.0033558576,35.9530580933,69397,16.89330320244483,67.39612692767902,10.226890825779371,1.7347645590256289,1.2511673639287717,62.93091563892693,3.7211060671311498,7.752085987231333,2.379926966315517,2.93644072902007,256.83343852218513,5.277442476795287,367.6,30.833333129882813,1.799999969482422,58953.0,44436.96276694992,3.520342555994773,12.487413608790176
120.174082016,35.9954236174,69434,21.87124596590011,81.00166822591596,3.343122625102991,3.2849599831670413,1.0191675384155636,4.27236004899544,41.24505671239951,13.745224833515907,6.398966191634269,1.977074706118113,36.24824633187755,3.989543054074298,566.9,27.40000030517578,3.7033333129882817,281588.0,43726.7990432831,2.3101635401633835,-18.179297222328746
140.005244265,35.9406587725,69518,26.88191287552759,76.24696916260109,10.569639285755448,2.5171974870660208,2.9345514675910187,15.27195480069538,5.83715851873822,12.703835233386023,2.4895123071663394,1.3187118955796209,9.872958196203138,3.8693698330684345,524.0,29.07777811686198,3.088888854980469,105811.0,49640.64813677217,2.800821513002404,8.611077716785383
136.175718375,35.9348049254,69586,25.72733906191788,74.90977169302062,1.2356934705484222,2.250963793125881,2.730025504992726,20.122591789953432,0.24385021576163,11.560542131425091,1.5328255419458432,2.5098870467958885,39.36540318360337,2.47090840067329,912.0,29.83333333333333,2.7111110432942707,65959.0,58203.580739550336,2.089165526675856,-13.556159686912764
14.4817406953,35.895453778,69604,32.6072685853956,75.13231346304244,14.576078401396886,2.1203626596018026,1.847270368043476,0.3706935179580199,25.832846940498825,11.246148134179824,3.1151951440143626,1.5684351832603156,45.42010269636192,4.6599293893104425,0.0,30.95833358764649,3.525,239610.0,45407.4998956638,-0.9079999999999586,3.0279553500455734
117.722934676,35.8882303121,69748,22.65742887620048,74.95726181897867,2.465692199676436,2.5143804239728182,1.393713530044266,0.2342976501256,4.21251261261431,9.796300907999496,5.29214196268853,1.517260207627779,207.90895391631864,3.0606596736430927,587.0,30.55,2.45,270826.0,16174.516028741702,1.6533394383395716,-11.001350334363991
140.680962033,35.9043626899,69754,21.44226595109594,75.98418905171755,6.2488780774264825,2.767982922536313,2.054593073401977,6.17071237746907,51.59461072195193,11.545034958237256,4.972316413554984,0.5129015808264449,3.460385471779464,2.5285062242484315,578.4285714285714,26.947618756975448,4.042857099260603,87424.0,46540.75136118232,3.7653899336283487,6.444994698920851
120.002036288,35.8739263417,69850,24.010779714429383,78.30891293534937,3.303274679104685,2.452295342338832,1.1857153473659812,1.7350560731404705,16.92081987265644,12.554445693730312,5.86580577918744,1.7879429018861803,31.944886608486307,2.732261857002233,598.2,27.56666687011719,3.4733333129882813,276149.0,27953.01466961677,1.7630606265495885,-17.142237150218715
128.573181996,35.8691097671,69851,30.9261046168644,86.67108085580556,10.627916591229328,2.7727539621543635,1.197234804292015,61.80619388070456,3.2235211795161,15.218433668138054,7.218101925387122,6.109287854526982,123.18983624649468,4.656069763197996,965.5555555555557,29.514814927842885,1.69999998304579,1902495.0,28036.62707549823,4.641765112979613,-75.61032311165653
-90.689585863,35.8228172745,69855,15.47766947611786,67.1183475811435,9.787573234569876,1.6946536960608791,1.5916635468999103,25.28119224817778,0.23559419625827,9.424321091096653,2.0379704948450086,1.4321222040602837,93.04121833733296,3.091133063931435,322.6666666666667,32.43333231608073,2.6222222900390624,51162.0,36461.10703256323,2.070236773954832,-2.0966096525345392
-86.3994827863,35.8539285707,69888,16.14148156927445,67.69355186586928,7.503502518693135,3.370875309461466,1.1526978706281663,35.2892153126107,0.05413471892821,7.171302290807144,2.3684448195905508,1.5987229691176694,185.5746540598053,3.135120279967309,401.5,31.56666717529297,2.033333282470703,113993.0,46150.1744756257,1.951167998667927,-0.5946712632304809
127.120346324,35.8345452796,69913,27.048482041069523,77.52254165090892,12.879979276329385,1.9960227460851123,1.4430295703882996,26.02057712020338,1.2777173382829,15.479130844118878,6.3728038541215,3.141423399013126,56.0225399556924,5.073328824800044,993.2,29.48666748046875,2.22,552340.0,41459.81973422167,3.362794266869571,-14.90611291826717
-78.8469291177,35.8394111541,69925,18.56512713417403,63.9384714207127,6.300004774864776,2.4510128752358704,2.5126744267692804,59.22317809784291,2.0509586161832902,9.816667111807767,2.201902456969352,2.3736253285713342,108.08923464833626,4.272309195782745,454.75,31.65833282470703,2.008333320617676,41123.0,60746.25868735258,1.0180899293941934,3.227656997305388
10.604611929,35.8289682389,69967,23.833397602552232,81.25601170429167,0.5579329542267952,2.5809676064843736,2.1290100072782776,1.33679122609768,26.64809667428288,9.476264895645585,2.414085107517701,0.7618297822042025,24.494913858079173,2.675717734106392,17.166666666666664,32.81666717529297,3.877777760823568,363025.0,13446.960041319464,-1.0853333333333808,4.112604464301388
-78.6273517278,35.8196542875,70029,17.37720608644303,65.5912326417253,9.765880248909331,4.202679923982279,1.688820893372006,61.9484450275286,0.66192057756166,10.722023070033568,2.5681669043219086,2.638543558032956,106.57315707553364,4.831070508682799,457.8571428571428,31.695237949916294,2.0142856924874444,241530.0,44173.69803337059,2.36928037194275,-3.523902431515424
118.629431046,35.7779728052,70159,25.43439337627265,78.26916202790366,3.5656351799773347,1.8219506854098364,1.7511624554746876,0.06047000261127,4.67697071423898,11.912869088878145,6.368911870349876,1.2606052187267762,154.34984655162182,3.0086694260452487,624.6666666666666,29.677777099609376,2.3555555725097657,134725.0,21727.073861569865,2.0537619047619806,-3.456674637193629
-5.81539371096,35.7553438154,70174,30.5490650991386,76.61163147421466,0.3699495879129446,2.024558062636884,1.1891538955570349,13.45254960189695,14.55841243626942,12.56800777603405,2.9517592707488016,2.5351940086089795,57.852731069005344,6.345646719217389,14.2,29.92,3.3399999389648443,946639.0,10791.24594908936,-0.7713095238095207,-12.617644885058716
115.043994521,35.7576270334,70275,22.20432026474955,73.85114510917168,3.3351069516182053,2.9062680505021614,1.263986419656675,0.05070141745088,3.3734363723923204,13.470883792110252,6.282375978782134,0.6275799292909657,51.98862954963218,2.123179312980505,306.99999999999994,31.766666412353523,1.991666641235352,648430.0,13664.2300140339,1.357177002583967,0.6001416251216938
114.287206368,35.7385179241,70319,21.64734241812894,74.45144504446371,4.049175206194735,1.897286144720414,1.3749880652629252,0.0591023126125299,5.06308948636247,13.739474644653464,5.372141363902962,0.8727720336732068,90.3282216188582,2.741261074070988,263.0,32.300000000000004,1.916666641235352,139742.0,17251.367706201432,0.6124082639531139,0.9813035235881672
-0.596818216887,35.7065727814,70376,24.9826154021901,77.55867265107584,0.3490185067670792,2.3997079902687624,2.705903796802456,18.96268959695374,20.85807895282785,11.767312502391231,3.325186253026619,2.474941890624427,115.23866293532276,3.950523905464881,1.0,28.340000610351566,3.733333374023438,977217.0,13413.628738550393,-0.3900666666666552,22.73423582718553
50.9862979252,35.7715675741,70414,24.90722910479888,77.43049001030923,10.157644558648409,3.971289767411279,1.4905640330518115,23.582122751649788,0.0,9.88974061875932,4.619176924590561,2.647115141440306,1332.7910630331696,3.806729598633496,5.153846153846154,33.564102642352765,3.1,2096677.0,17165.95738399382,-0.6788204170557037,-57.17113713280173
-105.975436061,35.6597283973,70497,16.85649149932076,74.02758633416357,11.514333709916048,2.010635434877005,2.231198664229506,76.86105796156401,0.0100380943316099,4.6331623480255,1.432007854648217,1.6967595157993816,2077.88042266034,2.815041877468707,80.0,31.622222900390625,3.744444376627604,69074.0,39479.21088977039,-0.050910609857965,-2.8280120096287646
110.677407377,35.6564976143,70517,21.4790829905991,69.64857126243899,0.9104546739844832,2.1841694129917,1.8691892521639368,0.9283580171075,0.06098080449823,8.419981973813304,3.4907713074342133,1.446261314585365,442.7462247260498,3.3295460878253693,309.5,30.150000762939456,1.7499999618530273,76062.0,5500.825076910944,0.9655087719298194,-6.530525485053147
-88.8339901215,35.650254538,70617,15.510332204904708,64.58719847182955,9.657909329882322,2.3840052982979025,1.8717456496846192,40.28932439155059,0.93949536419496,8.098898487706338,1.81993399041879,2.10083056237617,126.32789128756298,3.920910055414163,367.5,31.516665649414065,2.566666564941406,34955.0,47583.822857960215,2.959707317073196,6.5283953378256285
51.3687882261,35.709735043,70782,28.43914296343953,83.80569109305749,13.655203542863775,3.9120157287227206,1.917761585218998,44.056936014133,0.0069103038881862,10.338529299450173,4.971049809169127,5.466326549783668,1534.0266213878297,4.237156392783204,2.8048780487804885,34.943902439024384,3.139837393411776,9605621.0,17939.4318636973,-0.7377155753416673,-155.85360384679757
116.985166514,35.5897543647,70822,25.61783260252061,72.93336065146066,4.878999259663341,2.391744737937669,2.468670184363324,0.04088508776699,0.34390668555827,10.70252746415508,5.122810701533348,0.9528277814759474,68.4812649813126,2.81958557348074,530.0,31.59166641235352,2.3000000000000003,159101.0,17752.492850453487,1.596767001114813,-1.3964260954444967
-77.3711142775,35.5875411241,70841,16.39745109445206,68.2533749955246,10.10191342033694,2.3288396560890163,1.1571891824143172,35.539056879499995,3.94680248500235,10.204019989994388,1.9913660923094385,2.38044000911813,19.290302076995992,3.9651986656885785,431.0,32.28333282470703,2.25,62961.0,34183.763329680274,2.4704029304028268,1.6600675462857986
118.828465241,35.6022763353,70863,22.64372710490048,74.80049320051943,2.9882731876892223,2.1790151358348577,1.5784313761326072,0.01884538474474,5.14033940414753,11.840987061081057,5.538538646500309,0.6868624553418364,109.76347550081232,2.1207530864124013,708.75,29.033333587646485,2.35,136622.0,25197.572360234804,1.1475087719298358,1.3281404155047198
138.546956383,35.6398193504,70871,21.819578943624272,76.37001001697689,1.0616629599619365,3.472617768669208,2.060124668596188,53.17696898830523,0.62826960065684,9.82720877848744,2.3261352305277723,5.446583093095949,410.0404822874667,2.550619717041203,642.8,29.356666870117188,2.4266666717529297,379122.0,39154.14379540096,5.706195758729924,-125.34902639055844
115.942996978,35.586207171,70900,24.53718957867455,72.15126070993594,2.124004546325706,2.619520659730348,1.431103901782721,0.0017525511522436,0.6762413600243701,10.965065937438002,4.469714370474645,0.6264056322290419,44.0061515940192,1.940870582977807,428.5,31.4,2.2,122732.0,18111.11473780269,1.1597149122807195,0.9690260594322098
45.4231986307,35.5618573162,70971,26.23413009596236,77.81470752378368,2.292620445032074,1.8909845294736936,1.6604398576450214,5.30632300180238,0.0,9.876168620574797,4.175854052774854,3.124693419757747,881.3980964364572,5.062931638470378,0.0,38.99166564941407,3.175000076293945,524083.0,10364.294644168962,-1.055264577713274,-42.2415372777092
114.529423841,35.5592605329,71021,24.12233435872505,78.89676963858919,4.122093177408703,1.5418769603163678,1.4494409792835334,0.04459451904536,0.12657319553298,12.196308576472092,4.312163204777435,0.9231280747632556,61.342430034080365,2.6521927190598644,276.0,32.2,2.1,134251.0,16297.214382015776,1.2728763958412517,1.389978920286957
118.469233812,35.5426253599,71031,23.7211778845364,72.66296302663517,3.950461307451576,2.164484560620485,1.2723475898347334,0.29721896713965,0.88884886439642,11.516700889206774,5.084711144530694,1.5111314384912589,126.80355822026644,2.447445027209536,684.0,29.81666641235352,2.25,119543.0,17728.21246748032,1.8644659151906355,-8.273065014176197
116.8052719,35.5563086148,71111,25.61586614706085,70.46896834644464,2.9385653301832813,1.9819423021793887,1.4409059256881973,0.01949976353371,2.64040304576176,12.391890597406588,7.026983071189827,0.9994623352957116,49.07402612673713,2.8814180079899563,506.0,31.583332824707032,2.2833333587646485,170089.0,20334.30208302712,1.5234528971225243,1.8500832580574595
51.1931780037,35.5336655248,71176,26.76600178054142,75.42014941925666,3.969982879007417,3.263855165820384,1.5278730900587243,1.67908145402432,0.0,9.511419723853454,3.8414333872122057,0.6984963978580329,1054.610935892146,2.2434255365607223,1.0,35.34166717529297,3.216666717529297,787760.0,13347.77270742358,0.2934966688159193,-1.4107523313412005
117.629146283,35.507970244,71192,24.32500721221671,74.60037717244448,3.4435631505399646,1.9701224628893208,1.4169434495665651,0.1085614708871299,0.54134393507059,10.636989807345204,6.086143008930891,0.9976093483928528,161.5935311759058,2.4630478717194646,614.0,30.61666717529297,2.35,143028.0,15545.995553318233,1.12977230309815,-5.4730450171404925
137.826492833,35.5047887107,71249,20.63294335976343,74.76605429156592,1.016748157167655,1.7855023539457515,1.0404395627994485,55.86273446852578,0.49927841714466,8.934598727367637,1.816820461538763,4.805914170637423,541.2914243463244,4.924490947481345,1087.5,29.333332824707032,2.633333282470703,66810.0,41386.57165095045,3.4611666666666565,-61.43061577717526
112.854292302,35.5028731855,71272,22.57399830521383,74.93772973355702,2.5191414544029174,2.411452401528713,1.496310372596455,1.03046187091388,0.09207185727487,11.225434275347592,7.4694523642439075,2.340840177909594,777.936585910286,4.161864806524073,268.3333333333333,29.633333333333333,2.2222222391764324,361386.0,28518.263610101112,1.2015767317259929,-37.6528613141013
129.347713199,35.5268722948,71282,30.65159694367061,78.25408360055552,5.758024358026419,2.834969088777794,1.5722430412096682,50.64398647405821,21.51991504889768,15.37651924030858,6.944374020916963,4.404485542516682,63.5133963172688,5.238796061780294,962.3333333333334,28.48333333333333,2.7777778625488283,574628.0,71420.68910843188,2.972806096951331,-46.00961050380825
134.214591654,35.503216659,71284,26.69312904163347,77.65292818143662,0.9237360145750568,2.14264744088208,2.091873419981709,39.47210547999179,14.40232365786982,9.612997131735328,2.2323844028830973,3.268439851807398,28.73716794353837,3.15498360719784,683.5,30.23333282470704,3.066666717529297,76393.0,36915.13429240899,3.264775362318801,-19.826130845765483
-97.7352057201,35.4861026011,71332,18.67276997976397,70.72660492925326,8.405193299554616,1.888107144629008,1.0815706054525311,5.17101841820824,4.76663273929193,6.585123504193521,1.7833090362120116,0.7085555717544425,393.9570697539019,2.117090030136785,174.0,33.5,4.133333435058594,37378.0,44944.58018085504,1.572826407309151,8.104503079891288
113.800173977,35.4534615834,71501,22.61029259421681,75.813164010677,2.593245288787226,2.458017714409858,1.9392649895950032,0.05825525821576,0.04748722209805,11.867889272609885,5.407913303698635,0.7999449007405705,99.46537897862316,2.434623953887804,256.75,32.24166717529297,2.041666717529297,164638.0,13529.615477593265,1.0479749276759662,-4.662221525115811
44.3879482959,35.444068908,71566,29.96465688413061,86.11333589982135,1.8897182215039416,1.8969590047903253,1.4146716629902516,4.784666043559191,0.01587110211066,7.3380837685640445,1.6423022346004903,1.0414691637310034,346.71898829621546,2.075057613787177,0.0,43.15185207790799,3.344444444444445,997045.0,7550.998368177967,-2.265823337913561,-14.057174186941438
137.031066732,35.4390512815,71588,23.66886643073024,70.00290980022733,6.6359468860104585,2.4996410363598294,1.0627351257966622,42.49552869163587,0.49678584473179,11.077293593783205,2.453449872019245,3.754003245909059,116.93959826547729,4.039017211678739,1316.4,30.366666259765623,2.5533333129882814,110661.0,43993.93921977933,1.9666052227342483,-27.895781029552765
116.072354379,35.3893609551,71692,23.156855198894498,76.95094923519315,4.334794169485942,1.7071737906093611,1.693116771725803,0.02311035514571,7.591431675834951,12.046731774948151,6.46044481431638,0.6286508564065584,40.064857620218525,2.1806032975477354,474.0,31.5,2.233333282470704,96417.0,15387.909818807886,1.0300185804533726,0.9034056804270918
116.610508147,35.4102477309,71774,24.52027446324046,75.43170740075227,3.1323922387918133,2.374440405926072,1.3499791244246515,0.09675285134066,3.560422627686409,15.828825325723422,9.926727156656776,1.0346625962528515,38.16548291637654,2.9754261859442983,499.125,31.5625,2.2625,523993.0,24452.888983249784,2.047001550387733,1.4172994140613469
116.964114923,35.4022203549,71776,24.98155867849928,74.35355074663134,2.2331898533760555,2.424218473039298,1.4835265788801957,0.07557208442758,4.2381812778944,10.95827299829721,6.217369827678507,1.3769034550750434,81.74970353738817,2.89560505064616,556.0,31.444444783528645,2.2888889058430992,249428.0,19247.39831935468,1.4029457364340487,-2.363198077082018
136.604271546,35.3809536454,71958,25.61601855716152,74.2696058853644,7.94268424835331,2.753759698096827,1.8408867788635137,14.49919369457552,1.79366063016187,10.53089540198956,2.5724855085631635,1.6426154794729502,27.82440434218628,2.3905682799754464,989.0,30.85,2.316666641235352,137275.0,53186.549313421936,2.3076055555556536,-14.002183706415916
-97.5278387754,35.4967884548,71964,18.62062957245144,78.25149481593324,9.401317703167052,4.5157297312865,1.3462507659757794,21.17586624703332,3.09896658829308,6.82828384087165,2.3892772985658115,1.0630066252190862,358.66557078084344,2.3988512526058674,216.42222222222225,33.246666802300346,4.032592617458767,790322.0,61196.66982065538,2.5258641622804703,11.245185613573767
139.646591825,35.7134926769,72016,29.14253209035531,83.73089445220327,10.81327436626961,7.722208300615403,1.0724535013230998,32.30165150276497,28.38463977412245,12.824396913594418,4.216833933585457,2.935796234173487,78.95153053191089,3.5660426599676174,553.2599277978347,29.44404325519656,3.3075812202756603,13323229.025000058,48816.090793944655,5.706195758729924,-43.40059784987537
-94.3961774683,35.3560957978,72022,17.67770475759258,70.41209592919051,11.43112119913231,2.503661808973208,1.2389721577635862,22.22259999903289,9.23262851261916,7.698924044007167,2.2373372288193942,1.422943379906175,138.36662970964252,3.3801793023066384,372.5,32.916665649414064,2.8000000000000003,81168.0,35625.68364380051,1.919551874269928,9.586316820024509
139.151860787,35.2981441127,72290,28.31910000798276,77.2703847657811,7.640116278844045,2.2680660116482327,1.3888380365567747,62.836662950461,17.08454566466285,11.172718824032197,1.998995550035996,4.403926282769126,104.68283430183426,2.9272446395476392,611.0,29.425,3.791666717529297,227189.0,20969.13189899159,5.078566427123572,-76.4129370783867
113.889695028,35.3006893393,72412,24.48420117895599,76.12103295280693,3.547023693226428,2.937431356612371,1.2253781992535135,0.06877558282597,1.09974485549148,14.42241630036505,7.492038605789836,0.7372918300247706,73.43451025399591,2.806216082322867,254.42857142857144,32.36190447126116,2.014285670689174,801731.0,12338.154997124975,1.4851056281246997,1.1011208397136585
139.6842837,35.2506403449,72478,29.53892177201351,72.77074922062175,7.026994969450042,1.8910407989280704,1.080012560627268,36.98030194027768,42.58321036266885,11.501030900502103,3.2749697844950045,3.382613920317629,40.42732574629509,8.879728908720718,591.5,28.683334350585938,4.283333282470704,261980.0,22110.212172684933,3.349303703703697,-8.567660107834321
-114.023504519,35.2301979138,72521,18.360869062312148,73.3939426472456,11.754585959467397,1.8157348204497787,1.627326003334334,74.11571869277745,0.0,5.224196346531414,1.9690088051202144,1.6531476894781256,1071.4058865976017,1.7458582530195856,8.0,36.93333282470703,4.233333435058594,26465.0,54618.27987908561,0.4093550893551736,-21.699776421435217
115.484598927,35.2444260956,72543,22.132203342099448,72.43645601163765,4.2716257764700885,2.44027706210468,2.129366482238103,0.01131810796298,2.8600045102290297,12.513476104128957,7.753845475325775,0.5483244110244021,49.90777842845869,1.9844827112628831,442.875,31.425,2.1416666793823245,395105.0,17023.91646271245,2.0974276094276547,1.7473506044940166
128.662554041,35.2256372362,72557,31.47507796038719,76.46302894938042,7.926911956527506,2.128977346111147,2.1112759886138344,77.03576555062014,0.93207301593937,15.48391621178122,9.197713539306404,7.709284159496357,165.66720707947258,5.974687650116506,1033.0,28.9,2.6,360718.0,33176.46312632029,4.732012436404769,-132.32661876645273
-97.4553971445,35.22399587,72566,18.44465280639911,75.03009142254655,9.022193481463823,2.4855896595424625,1.3954052625379068,15.32076186823075,1.09081190088155,6.808994680555427,2.5055955986625684,0.8780839957332979,349.52860662804824,2.242760351355681,154.75,33.70833282470704,3.9,94160.0,42204.70998300764,1.830792540792629,7.474801906795562
-111.627321699,35.1960689602,72672,13.64734040463186,75.90617189043516,8.954469678855366,1.828786254688152,2.3312099559837933,83.3549033611417,0.09714594114098,4.747553995194428,1.447352813410522,2.9431591839309275,2152.852892254595,4.343564722841521,56.0,29.27777811686198,3.7333334350585936,76960.0,36328.37623440749,1.134273446327711,-48.38347145938769
113.196098446,35.2169680576,72698,22.82710274081864,73.14660162920553,2.78553530614055,3.765407692985401,2.7215614770180765,0.28413431203556,1.11824915993478,10.14718143922972,4.755240533686179,1.9329299510232432,154.62884713069633,2.9905178701397617,247.9,32.2533334350586,1.9766666870117189,697144.0,15836.313341289608,1.6026695906433588,-22.896938098223416
126.819660236,35.1952259773,72715,26.52840353391625,78.32038190441993,9.01477690152344,2.0498234421535293,1.170526483646915,16.49265882797682,2.75916826335879,16.620751727502412,7.319131539265806,2.134559382559812,36.83154612045804,4.000684746575346,939.75,29.108333587646484,2.1583333587646485,242899.0,48790.058979246525,1.989899999999977,-4.986629289743238
118.819917635,35.1821914424,72757,23.9966258060273,74.99203152144467,3.3304677576670203,2.519997542355535,1.1487005549200482,0.0727085309179799,1.00409547146295,10.815530731069346,5.267576648626858,1.244178531115112,107.38007235767172,2.6124085026817805,872.25,28.87499923706055,2.549999961853028,114520.0,17983.54648969612,1.4667538126362842,-4.21563363655126
136.234792409,35.2234938874,72762,27.32361170729255,71.64528458247975,4.997906049151445,2.795130733135601,2.106925483907585,17.541528108753297,7.3623569545834595,10.22148411888549,2.219271408304761,1.7896343970945918,111.09268516648704,2.346882583765178,824.0,30.233333587646484,2.05,103301.0,41773.20515774288,2.2564826839826537,-9.988573760550963
-89.8253760846,35.1908973459,72820,17.08066864336105,67.2692494265084,9.692307856246966,3.957841263596399,1.526854879559437,44.79274604603726,1.91562256556411,9.55043617057214,1.7452901068263955,2.406663471821912,100.74681778786862,4.139327440292613,344.55555555555554,32.02222256130642,2.7222222900390625,114330.0,52329.974381177286,2.424528301886653,-4.009874546925616
128.952190264,35.1962570422,72856,19.33351798090331,67.67152163220307,3.523469712221184,2.678515500270486,2.7450865382217287,6.861309581841129,21.65780854818139,8.61664704138925,2.9310101678449425,0.9888213469079808,5.317771380420833,1.7082764596662068,985.5,28.21666717529297,2.3833333587646486,33719.0,28460.96168332395,1.3110884353742414,-2.938430857463527
138.661435019,35.1867051653,72860,26.18877458907885,82.68518624597519,1.182253516650592,2.287051603849178,1.860221439041704,59.57596094985155,13.65703803500042,10.632914163067092,2.18973353365818,3.4113039963197407,180.22826167350365,3.626920754574337,952.4285714285712,29.25238080705915,3.609523794991629,277311.0,31112.19818543081,4.756397387922846,-96.28322672730582
-101.868043533,35.1847923185,72861,19.025377033289008,83.32616878118296,12.684760373984057,2.492654886588373,1.3670445680646652,11.97247235843861,0.35551798439661,6.1276779750950405,2.245221120064144,0.6613610950808488,1106.5412928729777,1.668251382004872,98.1,33.77333312988281,5.464682719538764,173755.0,66589.9150297833,-1.5596145703091224,10.585232420443845
114.673884785,35.1725675332,72930,28.46026766034045,71.66591961458954,3.3983348440198653,2.224063447232413,1.1454844686106862,0.05610415996525,0.06480356703752,13.092207885873544,6.318797470034517,1.0277268541757745,64.15792519503788,2.4899554784870648,334.75,31.99166717529297,2.008333320617676,196418.0,12077.516205235772,1.2493789173789196,0.2392996582411939
126.89210878,35.1549853224,72934,28.44556644247664,80.59356895677385,13.643218101545552,2.187982233813846,1.0048655943647682,50.442270478066064,1.65405424396545,16.316330582686657,7.028284386208962,5.416510863806781,96.86094484531364,5.345688272625175,967.8571428571428,29.08571472167969,2.2000000217982705,775241.0,31327.0958218154,3.515170898752956,-47.3401790648446
36.7599111839,35.1339605196,73006,25.8115871835799,74.9526378452587,1.1603383507900062,1.856667609445362,1.058355819582634,1.46190946237926,0.0,11.464688363902244,3.706907082993809,1.1493143053471255,310.34487246949647,3.699354877972816,3.0,37.43333435058594,3.533333435058594,136527.0,3971.328411230014,-1.027710651828329,-4.3266290886203365
-80.8713294552,35.1977012842,73080,21.11332007352583,69.27975882055603,8.027694496856746,5.012430294445182,1.7556203086390685,62.60971307746337,2.3682584554632102,8.79426363727534,4.263603512024313,2.3426763844187946,209.21056239103063,4.33680915449234,309.65000000000003,31.381666870117183,1.9183333282470705,463498.0,45224.280756335545,2.362296296296222,2.7324818059613563
138.888323754,35.1229541342,73128,26.82830276333801,79.92552915940836,0.9143328827676728,2.8466164375676137,1.1076977940757289,48.51835111940322,24.65202711155623,10.815219329896374,2.528282627963254,3.686778356124456,88.03432411659486,3.6136636770664863,852.5,29.35833282470704,3.758333282470703,338880.0,43394.79172863552,3.751036697247628,-43.22481501763985
-92.4508507838,35.0849867288,73171,17.861669233218088,66.7655406248078,8.2243772918559,2.12788781408727,1.577416527129112,29.47236290890405,3.68352755226277,7.258589274044236,2.1356343840887404,2.008530137671237,101.37308045202036,3.596238266695473,395.5,32.75,2.2,55085.0,47511.39115911773,2.596652482269405,-2.9453543681384677
112.578712216,35.0884158949,73190,27.02153298977605,72.64978987630991,2.859534055785858,1.7231166386492336,1.2270122722441266,0.05590749347765,0.10000796056636,11.021820614290094,5.4535139183984,0.8913702622244047,157.7601036528799,2.8946866663412987,279.3333333333333,31.78888854980469,1.9888889058430992,225228.0,14882.763794910048,1.3542205078753111,-3.541257387491669
119.323746134,35.1464851208,73201,22.86370226633516,73.81767808591701,1.4387517196982087,3.941752456394044,1.406046013047504,0.74388335593548,29.20854982481667,10.76923305201782,4.907380096057608,0.8510804915585709,13.165222882870154,2.4080618016087465,890.3636363636364,28.227273004705253,3.581818209561435,190809.0,20758.745132567128,1.4855410437975252,-2.17783631024003
129.057397507,35.1510770676,73206,31.00783011680146,79.10523649451542,13.105608213071614,4.753848114904844,1.5183413289278,46.18498893682985,29.87000775043349,16.11579696112338,9.969976499083977,4.814056293958266,105.5065113817432,8.403078520224485,994.0,27.65,2.605555534362793,2524111.0,31954.84984970944,2.1417965543070068,-66.09850084332919
33.3511917338,35.1505563051,73226,27.12242905310505,77.71229109758248,12.696125556507056,2.808594952932651,1.4727182639418923,2.37661786902835,0.06946261979668,7.722918434193063,1.88987972930951,1.3259432172040333,185.927453903042,2.7963566605842414,2.571428571428572,36.0999995640346,2.7333333478655137,278348.0,46077.36893385257,-1.2545813881107506,-12.8523032016127
113.413671622,35.0934677179,73235,25.99940049000738,69.66871938156079,1.2990104829246645,2.1078952564497664,1.0867091179672737,0.03942249077308,0.09739614851949,11.149491828511875,4.5660833351148655,0.6108141922754107,93.3331470249266,1.98999694567094,256.6666666666667,32.311110432942705,1.9333333333333336,147873.0,7765.836183752272,0.9919788359788412,0.2778102029506328
-106.623605354,35.1290275106,73303,19.30801517206745,82.35336084743825,11.567826802648955,3.2438681359219683,1.0195766246265077,83.3549033611417,0.09055400865087,4.6908666438829165,1.5593364551858555,2.166193882087395,1734.7157101574576,2.409660056972502,58.51851851851852,35.19135798701535,3.471604896827981,668443.0,54783.87088203482,-0.3879427585098369,-127.45497708547872
137.150718926,35.0716898072,73349,27.83315343202872,77.44110954111314,6.760097424569993,2.3016943727755663,1.9300004020888903,32.35666353586103,0.99989087908237,12.490752194051908,2.6684919510445626,3.0941598994203803,61.66475106589699,3.6683617939918944,1234.0,30.333333129882813,2.820000061035156,232112.0,49671.29827841732,2.789017966160941,-11.88661424743185
-78.9244836706,35.0496135079,73367,15.78634568517707,65.37190731871767,10.567139259804256,2.804686100328783,1.4946939129877364,55.135777450287605,1.8324198244910697,9.449291633513193,1.7072594233336555,2.53806836041878,48.76391706828417,4.413142796660188,457.2,31.83333374023438,2.1266666259765628,71418.0,67235.81926125068,1.8906334841628905,8.87695785967668
136.652558433,35.0605603835,73387,26.77791143338732,70.88765900940164,9.309896192186276,3.087531272815075,1.2878754711654905,22.5977165087548,17.36027189419323,10.672488142394652,2.242840325592475,2.0761633028575925,32.92999102793792,3.7558183395779294,931.8,30.43333312988281,3.113333374023438,121482.0,37680.60977758023,1.5829778134188928,-4.091353159183843
-85.171313713,35.0498941006,73396,19.71265083505462,67.33941900128639,6.90161346276894,2.743929814003508,1.087179070886465,55.374861459564414,7.079114419089059,8.330857533667551,2.680359336781933,2.7140795063739738,235.93700970010923,4.262145900920856,285.6666666666667,32.17777811686198,1.8333332824707032,49847.0,36135.50622906092,2.189392419175136,-13.38925905613928
111.006140711,35.0587795757,73475,26.30741256146792,77.91210175788935,2.1452885624716407,2.4183057061521303,1.1914060176584018,0.15603987366425,5.64503441379067,11.017159379879727,6.925948314745036,0.5255757188644107,367.2116738577397,2.4029681307281674,314.8571428571429,30.47619062151228,1.6333333260672434,251432.0,18746.55930032772,1.5775970029435484,4.90926231600713
117.156870233,35.0749844788,73483,25.67953449199283,76.83562003368284,6.016769888840791,2.1891108190874418,1.58118028789824,0.0043980342054411,1.11608214664247,11.355302736406925,7.194860827563987,0.8485629497742485,66.18728369678678,2.9376199675056203,615.4,31.106666870117188,2.32,251556.0,37015.97147752389,1.8142266829422624,2.120262429255789
-85.2873570804,35.039801884,73544,19.28051764056136,76.77033165300517,11.614405616286534,2.375620449028232,1.828205325654756,44.3114544242628,24.222375923385663,8.665244075688049,3.464673692350206,3.416139819410533,238.8678382992136,4.513784560001351,286.6666666666667,32.333333333333336,1.8333332824707032,85851.0,35172.16172205333,2.358330170778178,-27.12840440887507
-89.9354335465,35.0806727414,73642,17.724009024444477,71.82629008590624,9.922820307668372,4.41501793967432,1.253112227521729,29.06971243841786,10.31121483907643,10.062509092066428,2.544597577961849,2.060882198264898,90.94551861586608,4.235857076579625,349.77272727272725,32.048484663529834,2.7287879666415127,521630.0,47879.02079443289,4.129637929246144,1.1626804029033622
109.822739084,34.9856847156,73652,18.618617484911308,70.78919262336925,0.6019209245554187,2.215556656239857,1.562667768767459,0.02237892466963,0.29017457151901,6.825896852645115,3.761455412665093,2.3044249354756983,471.2283508318188,3.5657596611651288,387.1666666666666,28.977778116861984,1.5833333333333333,42689.0,10529.036004591348,-0.1335732368896138,-27.668584869373262
135.957922182,35.0166292134,73746,29.902634822140623,76.88304322428522,6.567616959376814,3.1446221547982502,2.291238812763237,34.35569075629658,11.597343366092131,10.385216575695267,3.047063110639037,3.1244098341868964,134.60208265832338,3.2934288540483143,803.6250000000001,30.79583320617676,1.9500000190734863,344744.0,43494.32693244843,3.2344811066125203,-29.296806976405943
115.900030987,34.9482277649,73816,25.91843069774083,71.08208255879757,2.2668511420604163,1.833104544306388,1.6841412953190489,0.0017525511522436,2.79421135692836,10.968318131289625,5.264423750951282,0.6273969978902263,43.612893102550046,1.9076246124694205,488.0,31.55555521647136,2.177777760823568,52315.0,31548.8624486285,1.240814147480819,0.8795924507002368
118.429790346,35.0487086116,73821,24.54005883787099,73.9038920407969,3.935161933381545,3.517888547292242,2.718248628542608,0.06302430570886,18.72874630226501,11.563232924584922,5.610906435802802,0.7148947467913703,65.81711323320748,2.479314794010523,838.9,29.83,2.2366666717529298,241381.0,13909.200517024949,1.6973932816538877,1.6136935589184276
138.391886056,34.9676924189,73834,30.71774628460745,84.63001863947042,12.05253201723544,1.7434425260981117,1.1025843905819768,44.77892037158477,21.54932780477853,12.701307236347176,2.5106889315640264,5.200066347426293,66.5100768847241,3.762506989978115,1172.75,29.5,3.766666717529297,311155.0,26206.96112227025,3.760800542740928,-46.297791284618455
137.159064993,34.9503852666,73975,29.01282876425153,79.21375742043305,6.975454858448911,1.8961867113580635,1.2834290279667644,38.32166098068903,0.3601155122293,12.164348624160974,2.3057235082093044,3.028123385351909,54.94531843523757,3.300898103928732,1151.2,30.43333312988281,3.006666625976562,304344.0,50177.58123702128,2.62065314401616,-28.367291747410263
118.619726033,34.9166729231,74059,26.183850368660988,73.76968051315626,3.628326745155764,2.7253002276317906,1.454260305875752,0.0322221783076999,3.99384423012756,12.09554596142199,7.182486593992744,0.7620633156141114,62.91810945825748,2.29371480867845,866.25,29.54166717529297,2.3166666793823243,126879.0,17554.92255613616,1.404542413381023,0.377090295832474
136.608846882,34.9551263751,74070,26.55971702306492,79.00247204289732,5.010204848557615,2.5913774612532783,1.0497415685725042,15.70378143711068,30.735433261295007,10.91621966493381,3.515590249114866,1.4682384101768908,26.01730941180205,3.0181868649117045,897.0,30.461904907226565,3.2142858014787947,182939.0,41594.65591809292,2.2843800498148994,-12.128519645839775
136.873067201,35.227710362,74119,27.97992102860888,81.4390652653994,9.451320765502912,5.931390000040054,1.569905304675678,30.110336464655056,20.260096855248392,11.646747994041844,3.065174620787696,2.732325490189667,64.95362330932608,2.7879762273285698,1101.6052631578953,30.87368433099044,2.922368415029425,4959280.0,48215.18899799972,4.721618678753032,-43.6703034097583
-120.433744184,34.9222830748,74121,21.65660595167885,80.43351911379276,14.408158655286927,1.906068389444884,2.3333119161228377,11.29583064122642,0.0031265978579678,7.714492251999717,1.5574421137840488,1.1401179404106576,93.44939170773338,1.9528070881393784,2.0,23.655555725097656,3.5444444783528644,127450.0,62110.86699097685,1.381658119658077,-8.736981734424006
118.273492516,35.0776310885,74196,25.858935308095138,78.47728123904426,4.836476672586941,4.706759021565901,1.447506593683587,0.0631224111041599,6.04852897355923,11.645068244084635,6.650744709882318,0.9253172728430132,76.55531161041189,2.775611143263664,799.5277777777778,30.034259287516267,2.1722222349378804,1145961.0,15280.74162384236,2.198362655708077,-2.789333957467022
5.73080235504,34.8458744498,74296,24.19477570953606,77.33677254592139,0.5343266539985881,1.9490022203032755,1.835076196741685,50.44090056161225,0.0,9.770287549378825,1.9246265482953555,1.1717922197986952,108.26997345911197,2.603992434977765,2.0,40.740000610351565,3.786666687011719,244369.0,12327.976519116582,-1.698424731182861,-0.1827235369553506
118.041933456,34.8592940937,74315,25.88153503513938,74.57415364525892,3.8326551366610055,2.342534127532668,1.5328025097956202,0.01051273537499,0.0623013556811199,9.817736519549069,4.563189879412696,0.706008285030241,51.00580561006059,2.4540390117154427,708.5,30.51666641235352,2.241666679382324,121343.0,23051.326281697337,0.8071367521368416,-2.534112966361633
136.99405137,34.9220518116,74319,27.69906985473694,79.71542454103326,8.110029048558815,3.966831338972784,1.6922204560361265,7.897795025921769,17.75393948942726,11.133386775467953,3.118239737973328,1.049782246136719,14.703877030457136,2.5128669816314155,1056.846153846154,30.33333341158353,3.3641025484525247,522860.0,36707.30455762537,1.3109706072349354,-3.2642191107196563
136.566572199,34.8564487675,74405,27.99839787426889,79.17348006658854,4.30083832868309,2.4305044653069925,1.1913838700994,3.11323038120653,30.37771577363746,9.820888507181229,2.2896738838335606,0.6157810334322508,10.043073638684165,2.187593037602962,849.0,30.3,3.3000000000000003,110042.0,33636.56665636758,2.002943089430857,6.7100138552556725
-82.4189301258,34.8422614888,74463,16.83670604407121,69.60522311894444,10.991003798047416,2.08793767004926,1.4533195719876668,65.36760640568899,0.09517427669366,7.8415508293504015,3.0777381688159275,2.5142812143785123,292.23997908430243,4.462007703879442,332.75,31.183334350585938,2.0916666412353515,78400.0,48829.2432142857,2.4782706766918032,6.551594291161166
115.550173602,34.8473493864,74480,25.186671575580988,70.35693019483075,4.33357235400173,2.290180057216231,1.6347215657220049,0.0045317813828378,1.50112148260456,11.03553000432144,5.804975669228436,0.4876800508985094,50.155966076830325,1.4739690184496756,478.0,31.53333333333333,2.111111094156901,131771.0,23314.801139856267,1.1075117370893324,0.2590058207892411
113.291977652,34.8092444621,74525,25.88343548648162,74.05160301977199,2.5926856670901004,1.8242560011545583,1.310137158921263,0.02402668988925,0.07959042052336,14.924815903868929,8.299948306462339,1.2494614493790923,150.2021526263143,2.5586889416960794,319.0,31.866665649414063,2.0,130127.0,23178.016553059708,1.2798412698412562,6.662676331741494
114.812639946,34.8243436752,74527,25.43791210969228,71.55529466335389,1.620384136152936,1.729823662387748,1.8792824742647485,0.0017525511522436,1.5730085991900695,11.94783577851151,5.352762713456997,1.4262431084579723,70.64736812933039,3.087139296285267,414.3333333333333,31.822222900390628,2.022222239176432,110167.0,11080.593780351648,1.6856565656564726,0.1159113850319784
119.151397359,34.8793747584,74539,26.997794702437027,70.83567963963635,2.161221240440916,3.254147517746913,2.788662858712424,0.02610393575006,8.70804333760207,11.43626272475782,6.2391853692213495,0.6536514200412709,3.901612979153098,2.1192241060717194,923.5,28.85833282470704,3.504166641235352,171590.0,62905.357351827006,1.3855277292433923,1.6539956962955666
137.043925473,34.832893794,74547,24.758271194018068,75.02210168255135,5.973692082291483,3.0430392625143607,1.675157317267106,10.5947519042399,28.938169162676097,10.03004115531587,2.263410687517283,1.0335317637865429,6.51139786941645,1.5762631441506567,989.25,29.99166717529297,3.433333282470703,105876.0,48331.80164532095,2.1446182669789664,-2.4123295671547726
48.5217514756,34.8007341068,74559,27.72257988777615,79.104938807242,0.4616892194618185,1.7221839651132116,1.0903983385641618,8.15778783952482,0.0024621702031638,10.336240221228657,3.37716648856535,1.6546122725148624,1851.6500003492656,3.143571461832931,7.5,32.7,2.933333282470703,408747.0,7575.746378566691,-0.0965277777777942,-19.59850397128889
117.288889669,34.800497708,74615,24.01318584903227,72.81531878564907,6.540983213212605,2.269938214439386,1.6960172699783886,0.0993037744846,1.24337851136055,13.861783539596503,10.030984306148133,1.7085803224138785,69.20555464138273,3.4219794972508017,618.3333333333334,31.044444783528647,2.2888889058430992,165289.0,17020.639582791362,1.630904605263254,-7.515367488280624
113.411820912,34.7778616176,74663,24.02880304865987,71.49061716353644,2.717852208411572,2.529064678155576,2.3574902665875714,0.004049878301157,0.90606894909866,15.672920735842917,9.760408310039644,1.198084511231602,147.47057460454647,2.5601661570858445,329.75,31.725,1.95,147863.0,36991.43822998315,1.28896064814802,3.038336666834084
116.090182482,34.7873975799,74669,25.00654076745953,71.58073030274603,2.380420027434865,2.1515514408578627,1.4027662408002506,0.0017764039634567,0.02206224059712,12.286401090157725,7.910944968419168,0.6724081123211261,43.99839498346985,2.0443747686415925,488.0,31.62500076293945,2.233333320617676,141598.0,24136.4723654289,0.8995285359802097,0.5583728847584126
111.190321765,34.7701913871,74696,22.10464484594491,73.97200996373653,4.12932522733834,1.948911079826176,1.7520646223902332,0.36217342627706,8.84428947313172,12.03480223116694,9.020812800111822,3.656361818166375,408.9051436903284,5.291173131945644,289.0,30.416665649414064,1.8333332824707032,236784.0,11107.006638962095,1.7102903225807076,-22.66569389894488
114.319179323,34.7935306352,74700,23.68520939097542,76.28221837663519,1.8311012203244497,2.7511927738227406,1.5877630423264033,0.0017525511522436,1.996614358502,12.798621042810002,6.911520349163273,0.9689218540495376,74.74908168288326,2.727903469576202,376.3636363636364,32.027272727272724,1.945454545454545,656744.0,18787.27218977258,2.0409556019014303,0.331656265572235
117.554021788,34.8287891841,74749,24.35119773556674,77.00645989772843,4.668221198661722,2.9058676794251466,1.082825061684188,0.10846592981289,0.2035919302515,10.375880529641837,6.112663007022376,1.4558639225813996,77.38384511862613,2.496862563242364,664.8888888888889,30.7629628499349,2.277777794731988,419285.0,16572.70957224799,1.4123780769750738,-8.965917493903191
138.255604374,34.8291970313,74798,23.93844417328049,77.3024641100234,7.720525342973548,3.040503973091209,1.1695229000039946,56.037762868714495,26.8439960451065,11.621465387857878,2.0574199654132146,4.3244000253844215,75.62688393372092,2.4540836522984963,1144.8181818181818,29.093939486416907,3.642424233176492,329364.0,29153.58907773772,3.3296336996336926,-53.51184327604603
-92.3212381998,34.7532827753,74799,17.55952198866232,68.7468138516285,13.25211123618573,3.2009244120184523,2.380543935752633,40.82738896627041,8.831704586811789,7.616585728499267,3.329109965779032,2.760496792818556,111.58862160660878,4.9518982028918135,402.5,32.06666615804036,2.2444444274902344,159112.0,47684.94610085974,3.0241069323905165,2.0310284883324243
116.913004054,34.757491675,74822,24.32984974073047,75.63030379226745,1.4078036763159876,2.530402645179345,1.7726552881744129,0.02233955777391,0.4072170868229099,12.76282554602473,8.390620924549768,1.0562458457899822,37.009817787909,2.9085493554014885,526.6666666666666,31.33333333333333,2.311111094156901,145203.0,32474.77236007521,0.9343790849672472,0.9673247407863172
137.379080382,34.7855028951,74835,26.81840025927524,78.00239954890984,7.798901658615948,3.5809491565968776,1.026421099180608,44.923583529749486,16.29285553544855,11.545895800600022,2.341451515072805,3.555306741743116,60.65003590683494,2.4377861823184754,1097.8,30.03000000000001,3.45666665649414,439241.0,45671.56398423645,3.448015080949407,-44.39127386777431
-84.9630237539,34.7641945256,74845,22.762542606989,66.81292037808706,8.839153327112255,2.139473883724421,1.9006018677077667,64.43999262791577,0.12341658935786,9.031023510211686,3.130036586583028,3.25475219816199,237.8731340491477,5.37577014435477,311.0,31.8,1.7,37293.0,43752.59252406617,1.972783783783776,-7.697216700115604
112.996940743,34.7479046127,74861,23.693520231133817,70.13794045222322,2.61957901655017,2.329441670808265,1.148310171356653,0.01871188580489,0.52940609175837,12.473668630401596,7.355121442823424,3.2486626133863896,195.6784357059317,4.543630385770573,311.5,32.06666717529297,1.95,113674.0,46212.47742667628,1.149880952381011,-4.717180587960399
36.7213530753,34.7258396814,74889,27.61891448025596,82.42368946217584,2.6064256224880973,1.5576651238825936,1.0913892665055354,1.13861391138148,0.0,9.351207439569182,2.9775986889551214,0.7721920120297122,514.1420318188119,3.375332381766921,3.0,35.06666564941406,3.65,321494.0,4230.644854958412,-1.3618471760798414,1.731488678085043
10.73685572,34.7657587166,75068,22.77072684685421,85.6089275096143,0.4155703280746061,2.4939711276005165,1.3130207753431302,9.26200760653404,15.97500190376753,7.31215041594657,1.6390260045413416,0.3175037213433817,27.58561899771671,1.4477852954479131,5.5,32.30333312988281,3.946666717529297,558802.0,12014.829401111663,-2.265823337913561,-5.78687085148723
119.347593478,34.7236586554,75093,22.83319828364952,73.18910001020542,5.377493122277371,3.232050874076902,1.424083118506034,21.315029470161026,22.5863684465955,13.737341589282424,7.878781655901576,4.044205699746185,73.92123312285834,4.127448917803595,849.0,28.65,3.6,76918.0,109516.49429262332,2.3113351302785645,-59.58837242070384
137.838157721,34.7138088925,75101,24.23766934780727,71.7335609345438,8.893608041378645,2.1345220616780467,1.4800860750566998,23.99033900336067,7.174686166020069,11.077390799052278,2.3144228288011943,1.0714600286592744,20.883541667039708,2.5756935080302883,1091.75,29.683333587646487,3.566666717529297,100686.0,26423.29620801303,1.9757383357383524,-6.87915064977196
33.0342191903,34.6928626403,75115,25.75274667937364,82.01188876868983,15.603990252848856,2.087327362489714,1.7911074741743436,5.0396645727799,32.53435219376356,7.684901690145589,2.3232011952010634,1.8829643948606087,73.2773775458003,3.3906436830873754,1.0,32.9,2.9444443766276045,158148.0,46778.80028201431,0.7265801457195948,-22.71796082225633
137.734097037,34.7428757165,75135,24.69442433231276,81.24301753115967,10.85061581310918,2.6045774979731435,1.2721258027448474,32.90894584922812,45.17059466510151,11.628910006643734,2.370747658031759,2.34893730157237,35.35770312660835,2.406027026538037,1105.357142857143,29.950000217982705,3.335714263916016,630161.0,22457.199377619367,4.11082593112047,-12.62967348945611
-1.91435715021,34.6780431509,75145,24.93955854847568,86.67108085580556,0.249242445201936,1.5432864897996357,1.220968367987871,47.67914697295535,0.0,7.096621660927572,1.5131133599283355,1.649426349760181,585.1561188781548,3.189992615462626,9.0,33.126666870117184,3.38,480437.0,12653.766695737424,-1.5266959064325647,-12.445588297590916
113.86484822,34.7015739197,75153,27.26179374138169,63.9384714207127,1.9539170032137647,3.238014624122176,1.7094034933796731,0.0017525511522436,2.6604209629208,14.444126717569924,8.818203786173088,0.7899226257586359,92.68268943074072,2.235857643579981,344.0,31.8,1.9333332824707032,72652.0,19952.28343335352,1.0865008479368043,-0.6129978646815459
116.598516643,34.6977085726,75161,24.51944169477861,71.57888444570158,2.366715710823002,2.34484308435125,1.1300140537439871,0.0143151020648299,0.66827310517247,10.626071543718425,6.476033551240609,1.0542544778093803,40.83556557046265,2.7192697206806824,492.6,31.526666870117182,2.286666687011719,106782.0,34782.14659774119,1.077968253968379,0.6080819259966503
136.506883955,34.7049789051,75166,25.73566542660859,76.01080192601712,5.291687690675998,2.583384608882743,1.286639511932983,12.581727511924178,37.193511773048535,9.770091146805273,3.097841818061456,0.9860874575505788,7.424537042166033,2.6229188451460383,773.6,30.353333740234376,3.14,145361.0,38741.28108639867,1.8654636989931,3.80492487078293
134.808906366,34.7566098518,75241,24.95056586257438,78.88031861628959,5.650259885277247,4.778231295628856,3.870519341759324,35.66212830163557,39.19246827985103,9.76001410520194,3.871673331374808,3.409701495174165,55.01258184513987,3.920131058321607,741.1923076923076,30.52948690561148,3.102564098651593,1468272.0,33290.28045620978,4.012993300902508,-28.97234204137356
-86.6123400692,34.7242978107,75251,16.04214547061158,70.13621296408905,9.689428397524653,2.9729090896789567,1.364672692633451,50.75155805599246,0.25405309605891,7.068736497517004,2.4405674912331947,2.8240785937387027,235.5545319795505,3.798524812423943,348.5,31.888889058431,2.133333282470703,135338.0,56195.92225391241,2.247337097153604,-30.675292133637495
115.145724467,34.6376131973,75297,26.12785224090141,72.88883680204088,2.8622669750823007,2.041927662562649,1.0296987634195274,0.0051584613584211,0.35851306441026,11.062371964824456,6.089797511669076,1.196774505878667,63.05326302284504,2.7038725735854467,448.6666666666667,31.711111450195315,2.0666666666666664,105251.0,6513.041073243959,1.3075185185185774,0.3572749879793662
50.8741542553,34.6391822452,75321,22.91154377818179,83.63335819363749,17.605044754554516,1.6590504832006567,1.0924943768534894,9.14524584071885,0.0,10.51435318302011,3.4309730588238097,0.4318515010490567,915.956981782516,2.3347024052037675,0.0,38.80833358764649,3.475,1112914.0,6033.996377977093,-1.365343531937647,16.256127736737426
112.407791949,34.6797713073,75323,25.6985050054887,77.31202900948351,3.670179596392784,2.7039900151391945,2.0781831463525147,0.0096690405546686,5.2914006732568994,11.418391636509568,7.612771170940423,1.8612858093731968,201.6292761328002,3.779262063966438,266.1818181818182,32.76060596812855,1.9727273004705257,1318162.0,8171.294058696881,2.2597868712702507,-29.70839347674979
-98.4338265491,34.6136367166,75356,15.106747966672248,81.14667097430973,11.592924192413836,1.860131155528036,1.982491198697752,14.63870340739016,0.59900255624172,6.272263865449551,1.5662985926574942,0.8659087791264423,350.6449095040968,2.104788787775004,65.66666666666667,35.222222900390626,4.355555521647136,57911.0,40485.17307592686,1.417559454191064,-0.8455201026601458
118.339563953,34.6188774894,75372,25.5756966386417,77.56396488963281,3.002821698950196,1.96938191059534,1.6798617114041028,0.01478697478211,5.20552735184417,11.316494781586012,6.471807363875918,1.022122200663323,39.35795825985491,2.683640518223558,745.5,30.15,2.2,125937.0,16029.501044172875,1.688552971576314,1.7642426233804755
112.44674402,34.6114462434,75416,24.36452294133964,70.00073859581593,4.97186588006168,2.576997098420016,1.6121679292355735,0.12266577860551,11.72524768580546,12.550459475102835,9.465722737900302,1.5311095349559494,157.3691486837154,2.8999450147597097,266.2,32.626666870117184,1.953333374023437,300780.0,10036.003597313646,1.3868388278389148,-8.268494575688663
113.665733724,34.7517069309,75419,22.32688343973415,74.02099608094382,4.9543379051416006,4.511028498877815,1.146071530616375,0.10976447034258,2.98133790692073,17.648854601779178,10.414433106624944,1.1315218824115505,129.12165326801775,3.054219269768981,338.75675675675666,31.808108273067987,1.9324324365564287,3553656.0,31366.15674505357,2.4622928836698748,-17.943577006811196
-86.9917741358,34.5820841666,75467,15.21533166167757,68.11568230382694,9.915996621917577,1.921871207409924,1.0170268585397595,22.70644372051529,35.66716715856259,7.151029008986352,2.852872663039198,1.0471680354276534,176.90507207395504,2.6516160936025783,374.5,32.06666717529297,2.166666717529297,39489.0,32454.30256527134,2.9581349206349614,4.28328904411552
119.196899911,34.6260672979,75527,23.54378374214955,72.1797006409708,5.8522277859828495,3.573707853635245,1.6262063458094744,5.08357048212376,6.7502028433613495,14.35443406286906,8.613610074156506,2.18654645884925,29.94309633285561,2.837608871364609,833.8749999999999,28.91666641235352,3.1416666793823245,486145.0,76756.90811177733,2.1823226773225883,-23.0193590241418
136.531731764,34.5800052084,75538,25.46655959912932,74.31326968543452,5.594772702243257,2.2888690849397726,1.873942410384596,9.24512786785693,8.601138760488821,9.005019344740512,2.156949232775599,0.9313604135088344,9.0422250211826,2.1985267947334703,746.25,30.49999923706055,3.216666717529297,83933.0,36403.64802878488,1.328126984127039,1.4503481773068732
105.880902114,34.5558824949,75625,21.27388888192814,73.22959677614023,5.35271685503995,1.9290579619114008,1.6449670746214675,0.63941194601509,0.09671131309157,12.07591429754352,7.778779717567188,5.729329121619565,1200.599276773355,4.442198636970743,460.0,27.666665649414064,1.466666717529297,194535.0,5663.850073251599,2.6014414414413523,-101.36027548076754
113.36851175,34.5283199969,75721,24.30444670956929,72.96466665200244,2.0579415262578133,1.9814831559650965,1.6757143320736143,0.50765507688619,0.1202126055378499,13.052841186353016,6.788309709540424,2.7836825204756543,286.3837001132038,3.921627924112306,348.3333333333333,30.85555623372396,2.011111094156901,91591.0,58034.070705636994,1.4208236208236258,-15.942197601447162
118.764017925,34.5342339058,75734,26.52567535180836,74.79501471213588,7.35792094566846,1.812301450291286,1.3478597303683688,0.0074200950334733,6.618996355035919,12.167285817692864,6.49309632032727,0.8015074000689628,22.626153594633323,2.5348021586603,795.6666666666666,29.6,2.411111094156901,100195.0,72580.65328609213,1.8268794326240247,5.37234168001466
133.674042252,34.542586662,75770,23.69018764563316,69.75513507011327,1.26395260170262,2.2449981354098,2.230213930758664,22.38010659396372,46.80187104948028,8.79964679036677,3.427711122195931,2.1801403618208264,16.863834371712933,3.7999453845162536,819.0,30.0,2.9,53185.0,38104.17478612391,1.5154435483871112,-10.229422770152045
69.1890175926,34.5444819279,75784,22.64972136346621,73.53612554799523,7.871823379325507,2.46477713183426,1.799726787701916,3.8359614098982697,0.0030301261079071,6.616429147935467,2.7389810929824696,4.520303232108815,1863.835191197825,3.0380865241891137,43.25,34.004166793823245,2.470833301544189,1522777.0,6867.195756831108,-0.7979197994989136,-60.96918249077612
109.465853749,34.5032146152,75787,24.09430358043816,74.97095325131215,3.5511966330439524,1.9165151342115363,2.088870613110396,0.1243620113371399,1.47105700269722,12.59082489356077,8.989596497239702,1.9545066404803,385.7002571188368,3.538425878368734,323.0,29.822222900390628,1.6222221883138022,227251.0,15699.037438779147,2.3252984574111792,-22.73240315543524
133.853864778,34.606956842,75843,25.55822948921075,79.6432631162521,0.8135642895913288,4.37154482760692,2.519225178763986,34.406563210918414,22.641112967557632,9.401670145650757,4.08055064345984,3.096281869045968,34.45865809605406,3.225600845398711,833.55,29.953333740234385,2.831666671752929,737438.0,37539.45915182024,3.457835771323513,-27.9573466453796
136.700898024,34.5014108474,75867,24.45703987565865,74.97672937294311,7.357699321170763,2.381995325637795,1.2296095334733488,25.12753362525887,8.59356900137579,9.103325528056114,2.12695897956462,2.124338457966281,25.402603430385867,2.925631508087292,795.3333333333334,30.24444478352865,3.488888956705729,77248.0,40672.00860863712,1.827472384665328,-15.846762415551623
-114.308516254,34.4869491667,75869,20.56054180679599,77.42699723040947,11.300085500669926,1.4529494116097277,1.3197709534020448,64.51733361007985,23.95138852854183,7.530980432492357,1.4891650389054512,1.915215556056276,278.2571754785238,3.443818862583324,3.0,42.80666687011719,3.9533333740234378,51442.0,55149.857178958846,1.7973394913901757,-13.793485653426046
69.1018630764,34.4986637726,75874,22.15055669029847,78.78723876948412,4.946125432892255,1.733097030885855,1.6253987855595111,8.10613869865214,0.0,5.922371801828445,1.9748436008076948,5.427128624031637,1943.577822371811,2.2507154066393165,35.4,33.9,2.419999969482422,1166063.0,5117.862972240779,-0.7158423595219574,-98.24438548651052
135.764333902,34.6140128584,75930,26.6035194993334,74.23178937386051,9.960703383248587,6.01381489204063,1.7907152281152496,74.13316010869295,0.39223667144101,8.516196602017652,2.2752746734656624,6.108540602705857,212.615960827536,3.793405893452772,724.2666666666665,31.513333129882813,2.2955555521647137,967721.0,25039.944279394585,5.142656743562554,-134.49978493693658
108.99590688,34.4694619377,75944,28.70993806524292,75.39245240527148,3.516678468751428,2.424622464874091,1.4843499676797842,0.0094433269840846,4.86877571339243,13.262558762510688,7.73840202116186,0.902223396288132,381.45327749082537,3.024549634842859,357.0,29.30833282470704,1.6583333587646485,69046.0,37800.34813023202,2.136820987654346,2.6137693675000264
133.373009723,34.5047643289,75991,27.10056167513269,76.06398291163556,0.6781341933338254,3.837601343138967,1.8811478356911573,63.12788870701055,14.6275964715292,9.909512929344954,3.840536489746258,5.73425333437189,88.28080710859818,5.188812428144647,814.25,30.10833320617676,2.8083333587646484,340643.0,39346.99167456838,4.371779331779237,-68.22198536147789
70.4475689218,34.4245645816,76097,16.46272323892585,71.36316629530033,2.0804417948957137,2.0120365793270785,3.0042649915548703,5.18431709935823,1.0563812719591998,5.425146742751866,1.1598801750457222,1.2202360224253717,584.1224540932469,2.0623872231614064,36.25,39.708333587646486,1.5666666793823243,269156.0,2496.0437144258344,0.5808333333333167,-4.234259708832042
115.835060941,34.3922252313,76210,26.67284595699434,74.68520572843664,2.0630969940425223,1.95645096220863,1.509635178116008,0.0017525511522436,0.46641471850161,10.078637878437398,4.902496988284937,0.5381595975307626,46.99480799246293,1.994959482820244,432.0,31.65,2.166666641235352,87228.0,10356.47438895767,1.1281397849461428,0.5815340999636902
117.428779517,34.4113077273,76212,25.34334663794015,73.06904096931144,0.922622925778887,2.1295109968506867,1.1210274151262156,0.02343573370389,1.39474782231486,10.940498563997842,5.818293438990338,1.244315603788216,43.57011379883178,2.3024096880024114,585.4,30.93333374023437,2.2666666564941407,115806.0,25003.11574529817,1.4416486196467986,-8.182344299997524
113.741206659,34.4018312726,76242,23.85446908468626,69.45989923371282,2.575534209464209,2.8615046328669487,1.2988632223347614,0.0123263983888,1.0474441623820698,12.02592159769728,5.677928880360621,0.9829065434991132,116.2785980548636,2.559932333149776,372.75,31.683333587646487,1.8749999618530275,94091.0,62911.74991231893,0.967259684361636,-1.5043405808384875
132.452186452,34.4066150355,76328,28.94292545353422,79.70261877035067,17.093045968182505,3.7446352732871446,1.24508290314423,67.93186018516906,17.38446033790346,12.724185212647004,4.208171534568741,6.9621281289696935,160.4755718004496,6.339742127588842,1233.857142857143,29.59761897495815,3.0047619192940846,970709.0,35332.62593423983,4.284498240911319,-132.87071045453533
135.531396229,34.7071005605,76339,28.36895037490014,85.8566642433111,10.363679758639446,5.943373835758168,1.7120845375501137,61.94305580344659,25.303196226036462,10.743453598632607,4.9012500169961175,5.695912249108669,186.8639878741564,3.785263451803936,707.2660550458712,31.026911240323983,2.902446483647058,11946012.0,36398.44742262107,5.706195758729924,-155.85360384679757
62.1980292205,34.3501233077,76401,19.443870182822128,77.90182694422141,1.6629338167436336,1.991501344825544,1.938656382661316,3.2349376254010203,1.3350298893166772e-05,7.50399248348549,2.106023246182151,1.0999839729498435,948.2602350485264,1.827975208482564,0.0,37.96666641235352,3.591666717529297,533324.0,9208.815253016925,0.8838171212900079,-11.799631282105224
107.224163131,34.3566934505,76406,23.35705208236488,73.68438185255599,3.685611979305991,4.229989112792849,3.0618437506055605,3.940343570862321,0.1310798550122699,13.40995762912197,9.248215362158174,4.086733832264476,690.9381227148558,4.421554718511333,508.8333333333333,29.13888905843099,1.5555555725097656,611413.0,14705.0336237535,1.5034631157427043,-103.8891404321987
115.646812849,34.4143054127,76417,25.26597220870297,74.46785146272643,2.6917231232018044,2.477161418550543,1.2407122849901508,0.0040918385728283,1.54990821925849,12.596709118215427,6.898252025516513,0.5621369669239805,49.23637708686432,2.225990851470757,441.1111111111111,31.58888854980469,2.137037014431424,512198.0,10827.311108204243,1.6896921045315023,1.6438774056098495
47.0736971815,34.3276812782,76485,25.516620379314283,82.80332847820848,0.4812757134003532,2.0619642715717266,1.2950721298558283,2.50457882659587,0.03096833862816,13.237151992830457,4.466518221249771,1.6280401916949434,1369.0505235320682,3.324064074232266,2.0,36.45555521647136,3.2444444783528645,587892.0,8466.768229538757,-1.4761714285714902,-12.538087486266477
117.979717077,34.3267751515,76509,25.81808700521968,76.04285042577476,3.306231259188233,2.1819421249066453,1.1607923954027048,0.01751720011068,9.45434202679813,13.277071552996292,9.280068120662452,1.0941513445634492,24.881294424631665,2.8910856284778426,657.0,30.81333312988281,2.23333334350586,157466.0,72399.05353536636,1.994508563899899,1.1763379472735451
118.325120453,34.3623210201,76541,24.097300863640108,71.61425736845709,2.639192935539265,3.147016785037306,1.1684825674787382,0.02787782839765,2.90287088261325,10.32528584754851,6.561851666039856,1.2940154322743511,29.6185132145454,2.952207607334932,724.8888888888889,30.38888854980469,2.1629629855685764,211741.0,25416.851412810924,1.290758513931905,1.102137861666904
108.680356416,34.3353005373,76562,25.309466954139246,77.82972468585685,3.838981332253092,2.438233846318548,3.5579904036174965,0.0017525511522436,2.90119830875036,14.237478668064393,7.671023415905399,0.8870427299312952,409.8648360202817,2.982224002374754,311.5,29.63333333333334,1.7166666666666668,436442.0,12588.690767616315,1.6645263696875645,-10.151449093542
119.238536541,34.287708439,76677,25.17281695629421,75.66596082018192,3.627490007049362,2.0580817753099,1.2342610965278749,0.6724262087848699,0.8537733615126,12.494969426603324,6.361491187857751,1.347350772824338,9.126160858982033,2.677283165592053,732.5,29.3,2.4833333587646487,113594.0,38260.36970262514,1.1358333333332666,-2.9557995544785243
108.0829885,34.2635658457,76693,22.39895293323555,70.2687705410016,2.756208410815967,1.485643771285703,1.041468896803681,0.01125465081894,3.96265221363534,14.738694530059943,8.299907449468929,1.059361366087632,468.8902776665951,2.568501702836832,382.0,29.344444783528644,1.6222221883138022,97588.0,17532.69975816698,1.501141141141204,-7.667939958750139
134.063909474,34.3035472214,76752,21.08402587352126,74.40763882006061,1.0771202741945434,3.1441360275629746,1.351977273853786,48.93586735999253,22.60265783484454,7.946304199195677,2.8119222469773475,4.372325794553892,79.0935656886811,2.90599025438668,819.1666666666667,30.025,2.9527777353922526,334380.0,34673.49885758719,4.297603564944666,-54.03854789218477
133.812290138,34.2758664526,76788,22.1367773979287,72.04021995969198,0.8659539814618146,2.819522117639587,1.31358059018125,25.07886165419408,43.86107650273806,8.913997026445982,3.4340984813827125,2.789322784244468,40.31319736985637,2.90986240378757,836.2857142857143,30.104762050083707,2.995238080705915,165566.0,39247.15102738485,2.5024889258027656,-24.44439902527383
116.137720356,34.2225346881,76904,26.50839315041564,76.2996324399062,2.4789646550974567,1.8570405359113145,1.8835515311445128,0.0104188500286199,3.65275348415198,10.4367142772641,5.394737561817727,0.7265191577713733,40.389298153782576,2.1519858819658304,445.0,31.700000000000003,2.233333282470704,73639.0,11150.557571395591,0.7520587253920894,1.2692106452270622
113.779246885,34.2131187394,76965,26.44098603864536,71.91928075195872,2.0211710093196547,2.1652272215763047,1.2884118420922803,0.01863514456135,0.6630870569136,12.584142001185372,5.262881859994808,0.6703467919647947,91.60713421469876,2.41600822817717,402.0,31.833332824707032,1.916666641235352,106406.0,27440.895701370227,0.8768944099379041,-0.5206895767276336
135.208817477,34.2346108925,77037,17.85554775269352,77.13330275695748,4.554903259206513,3.5004254662951486,1.145435062402675,47.18528572178279,28.38386206792513,8.61973788476627,3.9087152991161966,4.522950024715039,64.62212688816848,3.5716946562112,686.125,30.19166641235352,3.341666679382324,335153.0,37303.90361118655,4.136567205415137,-49.60689032315943
-77.8940827688,34.2103413395,77044,16.065474143408252,66.84958828757006,10.36833039441291,3.328766898493834,1.0295210655660862,43.39370715622298,7.1641577911095,7.72605183357988,2.308756175722752,1.5247904032524715,8.710299052536573,3.502215720709269,539.0,31.54166717529297,3.666666717529297,109724.0,33514.620848674844,1.981021431828648,4.187656370379715
117.201151654,34.2644358357,77088,23.14221242211423,74.20597503921404,2.898573382470373,4.800505154308056,1.1565811871824745,1.19096215336627,4.609887074904339,12.067201994548336,7.673571611658361,1.467083347690905,42.73600063319089,3.569543154674577,548.4444444444445,31.008641673900463,2.270370376021774,1492475.0,25681.10453307427,1.3514213358657798,-2.237888730154978
108.913725323,34.265495292,77113,23.63824510849869,76.82059596831962,5.965607140487832,3.8146917052659775,1.445020026277179,0.5720146101834,2.53012032040605,17.067772727691633,10.912625740913551,1.4882854040637623,448.5164056788751,3.221532665531544,318.5909090909091,29.85454538518732,1.7075757390802555,4696699.0,21959.966969780256,2.309297248112159,-36.422854797296
113.464905971,34.1502540283,77121,25.5352911802104,74.48910438891772,2.012462864010907,1.587842875682436,1.430073299253731,0.03628754535547,2.2310752940477,11.276410831917415,6.485380704258216,0.6327936123737502,119.26525843258344,2.26005026682677,366.0,31.65555521647136,1.888888905843099,163222.0,10638.096273786628,1.4682328042326915,-1.724817499438231
134.542407632,34.1319827999,77217,13.88053710054341,68.19568265019979,0.9693415021916312,2.7916589862308188,1.9853492281618432,13.28008332614348,32.33301247501309,7.33064359977004,2.466918955447031,1.482522726756725,10.45701045445953,2.108207649480153,728.0,30.286666870117188,3.186666748046875,113882.0,39125.52154862052,2.421512298815742,-6.4674140534945295
118.80692123,34.1195894592,77247,25.750791177908848,75.74691636535712,3.6309493513573208,1.869870261187241,1.7057145072682518,0.0185352592087599,8.70197855530945,13.717292125643851,7.019114296983043,0.976631960322114,7.223214263361738,2.9081993844585754,731.25,29.833332824707032,2.1750000381469725,169163.0,51706.26158793589,2.536601307189472,1.1702155823259162
119.344967875,34.0965022038,77292,23.60141430591235,71.66394980597946,3.105971686702574,1.8237456167119093,1.6631173302987905,0.0030650254156715,3.90015469363568,14.327064526516674,7.0500801538385245,1.036973611299413,4.731478526642402,2.651719435298597,684.0,29.366665649414063,2.3000000000000003,81316.0,86047.02139800285,1.1627087719298288,0.9141460534326882
133.6743673,34.117312682,77333,19.86832755936164,65.47045411705245,1.0289057830757715,2.582275683021425,1.5668783699200686,32.34427285430958,29.521449298772488,7.875747200850899,2.659701959560206,3.373125928786502,53.18977318164146,2.332724072379721,828.3333333333334,30.35555623372396,3.033333333333333,54434.0,39411.04328177243,2.012635561160213,-34.96988232105096
49.6958994584,34.0919633476,77349,22.58065993511752,77.83776431625712,0.3480541719110683,1.9246099142142312,1.6382268528963388,10.37631735744239,0.0,9.267568868720476,4.044778817467087,2.353383573850264,1770.155442647448,3.494331948596097,2.6666666666666665,34.67777811686198,2.933333333333333,410092.0,13190.511241379983,-1.7509764309764932,-21.16500991011958
-84.1924518589,34.0688024362,77425,17.102644062706048,63.9384714207127,8.273660049484754,2.870807636738262,1.7048262228071571,64.92630541793307,1.75553688467013,9.577549961361248,1.8717320832479647,3.1627626970032763,328.62228459059605,6.001207373370689,382.0,31.200000000000003,1.85,49691.0,53852.3454951601,0.6604188948306273,10.071208249921312
-84.3065685877,34.0591427571,77499,19.08967637756354,64.03609774213567,7.252771524390402,2.647453174379616,2.225602034126361,66.11068588005016,0.37695048673712,10.256452842423451,2.7281581683077656,3.1150749809827043,326.0832707189156,5.795305158885885,378.75,31.275,1.816666641235352,92461.0,33213.628675874155,1.5763732057416746,4.082147732196972
74.8034047204,34.0821970481,77558,15.599459222351811,71.17648317756489,0.91309130712009,2.5745830885566283,1.8693996132769584,30.880629733923897,5.48918162328436,8.742915054263582,2.4597919989313763,0.9770627192209392,1590.3444284661275,2.5587729121964387,145.6,30.67333251953125,1.14,870267.0,8014.366395600434,3.156900056465247,-0.6014734520374532
131.569867894,34.0458359023,77609,26.10532425909912,79.18029072502293,0.7069242005326285,2.0508497372419083,1.1002193432816545,57.761561829990846,14.81487607734914,10.435142669754883,2.799640431306091,4.9318534949430175,65.0382710415191,2.70278734335166,1179.5,29.85,2.966666717529297,78495.0,37229.07390279636,3.2305555555555543,-55.71571728203413
-5.00731507783,34.0304287507,77621,29.98021282386795,77.48225211503555,0.2485782946232134,2.733827938107343,1.3127330575533431,4.34282523689978,0.2059094589746699,11.002165653844209,2.8743644533824986,2.323094113161735,400.79094305617673,4.17243103474399,12.0,36.36666717529297,3.166666666666667,1013728.0,7700.3576935825,-1.8950746268656644,5.617533903259243
131.817953018,34.0428221745,77649,27.44956084260415,79.43120162650774,0.9411934508556348,2.460603803520217,3.2819323524106445,43.50103808809452,34.74999274788756,12.090108830308417,3.625341692334652,4.527156009960607,62.69850088975236,4.7112613826058665,1194.6666666666667,29.73333231608073,3.088888854980469,116780.0,47758.88617057717,2.8502932207366065,-44.92853511100108
134.495192683,34.064768894,77651,16.298056461041142,71.70103968641928,0.9162607594601696,3.426249163642011,2.761942268086358,43.28311647594512,26.64356270254257,7.648723559253205,3.1543217319770283,3.813645815018999,44.50237684786502,2.87774778137814,720.8,30.26666687011719,3.0666666259765623,222646.0,35279.047443026146,2.3762098765432142,-35.80119729575792
113.831118406,34.0299315914,77706,24.8161108795595,71.20330969337256,1.862837318496056,3.111558998859787,1.0304222135756502,0.02892526027428,0.35842806706737,13.732412910359423,7.283621300312966,0.6359430816688703,70.31896938459221,2.5332747835995915,439.125,31.92916679382324,1.929166641235352,490376.0,20968.655413397064,1.570055322128951,1.1373785315736171
-81.0344620648,33.995486218,77780,9.39667936775475,69.47819286208346,10.836469699794018,2.4487060380570247,1.4742066505382612,55.51634564406077,2.61960357562103,8.015876096566572,3.446805224818052,2.64687724218676,74.39372216306073,4.956359709682442,350.0,33.31111145019531,2.2666667175292967,134740.0,38952.0373163129,2.1723259762309794,2.9417444830666284
51.4256437017,33.9812415853,77818,14.367772541405,80.25502460375833,0.5385080964063548,1.973605072707024,1.4313047210969485,4.2122927744695104,0.0,10.364760565946412,2.8046947309069203,0.3937120136024213,956.1755755907228,1.775337809290772,0.0,39.666665649414064,3.5444444783528644,220053.0,9180.603318291503,0.0112418300653942,-2.155860200099596
131.231572872,33.969693753,77860,24.99473954609754,73.1953674167808,0.680912520344521,2.831625927374696,2.0748613863835788,23.84158723366034,47.33655623776814,9.969401543009289,3.879458743520285,1.6861509591971977,14.421475233473686,3.784410902842622,1088.1666666666663,29.90555521647136,2.927777862548828,142344.0,45135.34558534256,2.403333333333308,-3.352363397257644
130.926932996,33.9765846089,77920,27.35780817275892,76.71161677446956,5.061097278333113,2.5709637068962814,2.209620881542248,17.4693539367785,55.47092369054626,10.331917851886216,3.7634031244067967,2.1196507302879177,20.72304578222344,6.4017223418057725,1055.0,29.466665649414065,2.966666564941406,135690.0,41979.409094258976,1.1599999999999682,-0.2400349288791758
133.291861444,33.9526282305,77923,22.55933204704585,81.33431664018089,0.4687991359028505,2.1489050087833514,1.6005251174626831,53.16099033117608,29.41308491183039,8.593145070577922,3.606443076023768,5.411993157061636,73.95413742130627,3.541923519230434,878.5,30.44166641235352,3.0833333587646483,99260.0,29877.42544831756,3.882346390168891,-47.93042115341659
71.4975551168,33.99761998,77943,21.11356046697141,76.25559925067571,1.1840154451854743,3.260146261346683,1.6285104864592943,1.51807875854759,0.0030497167971688,7.5084560343025775,2.0888632103924327,1.5885433065220242,396.3450769360373,2.015501863617825,162.81250000000003,39.54374980926514,1.4416666650772094,2228665.0,6114.566432819648,1.62150644407199,-16.45841332316928
-6.85031946014,33.9961874119,77969,32.460931304354936,68.87501564857295,13.70887861987201,2.827277236970111,4.642726498617421,25.15907241324758,31.24410662010892,9.18424644707828,2.236184624497121,0.9216776049613542,41.33313921150545,3.405163217954836,6.6,27.97999938964844,3.8133333740234376,1342736.0,8931.74494241608,-0.9332500000000435,6.143312129244045
116.441872916,33.930009935,78009,22.12866306423604,68.4581141098107,0.3761802914221206,2.342662275853603,1.0633496275159446,0.0085955111712572,3.4796651694466005,13.927125254892577,9.813116568567962,0.9679136919469044,33.10989081494671,2.7518109604540326,488.6666666666667,31.53333231608073,2.2333333333333334,89625.0,25086.68469735008,0.3713939393940109,1.268152521817136
116.77812866,33.9385555966,78070,21.110230552761188,75.88558521687644,1.9549362882729908,2.663020308815941,1.4977043874045362,0.29878248715519,9.30173978042253,11.927203459883556,8.68050213097695,1.659993367100704,44.15323900385727,3.0894028536934126,521.75,31.029166793823244,2.229166622161865,658221.0,17024.84792493706,0.9340323464912216,-8.544125533352563
117.954411275,33.905662739,78072,22.59086681371635,71.7414922530379,2.7977632417935308,2.3835937654369426,1.8269584367311928,0.0049255073353037,1.02871635162198,12.388085177861246,8.915805981359458,1.5219346655565815,24.369309935593204,3.174554977018007,648.0,31.08888854980469,2.188888905843099,152810.0,37832.94165303315,1.4467760942761745,0.6537094496416884
118.261391411,33.9233954402,78073,23.96582264531722,72.30919004224376,2.99594254238186,3.3568623329727925,2.20120579641647,0.02389713837579,2.71538132490178,13.008424270598912,8.390323658372493,0.9040680583205633,21.837034087500275,2.445724762396058,687.6363636363636,30.584848577326,2.2424242470481177,320499.0,54310.53126842831,1.8196236969234287,1.0588091623298723
-84.1531218363,33.9483237066,78078,20.39138162592066,68.85365110958239,7.516072968422274,4.628560605222002,2.769527873543692,64.31596379463296,1.52020499207681,10.563194413988604,2.471297859367409,3.401290579715997,305.4881489493213,6.004637316757851,362.3529411764706,31.44705864401425,1.854901957792394,334137.0,61726.07597183192,1.8771430065360164,3.347242578829537
-98.5214753226,33.8878995408,78136,12.44637621759042,78.89953257533173,10.69824530676546,2.251945618844166,1.1688103717207965,31.62971726468637,5.98537365069165,6.042692950063697,1.7763404894249342,0.7234543719717432,299.8734857953534,2.155915552795324,62.25,36.475,4.333333435058594,74231.0,43268.9332758551,1.8628363870138287,0.1195257569178807
115.47528567,33.8716515242,78151,23.06372754637458,73.64042222833245,2.274883267304316,2.0411103577277854,1.2473568912565445,0.0058907889314155,0.42037131837242,8.804407700684054,3.939666204518509,0.8603896411301113,41.72875504710908,2.35983521685972,429.0,31.63333435058594,2.166666717529297,95589.0,9838.89476822647,0.8370913978495764,0.6746945510337596
-84.5311952669,33.9411059367,78217,20.35797974812036,68.029679807338,9.007796772067223,4.436623570521956,3.0416070370852184,68.42022799664711,1.356435875943,10.184895955671823,3.35021338954126,3.2311563897420763,309.4019586793778,5.587776682521317,337.1111111111111,31.50000033908421,1.7148147922092014,248899.0,44103.19078421368,1.876374183305984,4.4814141677354655
35.5263828281,33.8641540466,78335,30.8961924328493,75.75159765678262,13.102063058622615,2.125816467892107,1.5749205028664486,15.93233528192117,50.59132205913377,16.252067386379085,5.92447201921888,2.9577803219635093,81.21607573366542,7.323352743931504,1.0,31.28333282470703,3.3999999491373702,1189988.0,26245.43927921963,1.7674888480712525,-27.400082944162783
115.762869059,33.8335752059,78362,23.8150543455,74.74100074943242,0.3443781206400979,2.1330942949655034,1.7644575367359168,0.42712192870623,2.32818152330171,12.44820723253693,8.380529149640694,0.6149619442834989,38.11213680344324,1.6719049764765557,447.0,31.66666687011719,2.166666717529297,263674.0,28978.57441006698,1.6511640211640497,0.0781541319229006
119.255845543,33.7863365254,78388,25.45042915759712,76.38130077512884,3.9565765522776,2.109222868002445,1.5536231510533256,0.03078713263378,2.81776748597406,14.046800047559405,7.551285456905058,1.0701069467255102,9.695686397288366,2.755316319377457,694.0,29.65,2.15,109007.0,33254.56200977919,1.25677777777787,0.8583281785185548
120.259304548,33.7731839193,78426,23.38655855889845,73.60711458583128,3.2964171056129263,1.85666328260094,1.812280439204469,0.18915428662487,3.84251068211921,13.016268519131852,5.766241903351908,0.3958680859572318,1.6893591716223164,1.8675434640293416,620.3333333333334,29.311111450195312,2.8888888549804688,124117.0,26528.778724912783,1.8238995215310752,1.1647014492023169
119.798154575,33.7731395361,78443,25.04204869379131,73.57603604727953,4.344140421091838,2.286681270661213,1.0212797361417054,0.0085715675892894,4.01675422130795,14.417643703295305,6.316789579484862,0.5946905288291542,2.135103500198577,2.2914672821019786,580.0,29.53333435058594,2.2833333587646485,95702.0,39912.78904307121,1.5771969696969563,1.0476179918303257
132.757400358,33.820052604,78447,26.53849983868265,79.28008445048509,1.0535172616661257,2.637531909417403,1.103013376669769,44.20508770513749,30.19369564003296,9.45831152117604,2.8492236018911723,4.120161741727064,72.01265474142485,2.98834951245297,865.1428571428571,29.93809552873884,2.9809523228236605,440054.0,33358.73781172309,4.235806687982972,-47.323305347098895
-111.951419389,33.778027109,78476,10.97680324606938,67.24361799274894,7.946430345161686,2.536199917794197,1.304165925959827,74.1029549414445,0.0004635392702192,6.461187497596778,1.1598801750457222,1.5352936060181597,643.1707910058269,2.0354681811085498,19.0,40.73333282470704,3.2,29050.0,60153.01163511187,-0.5262803320561602,-8.00857833346322
130.801365291,33.8471259681,78524,26.61619349578476,79.77694041498364,6.593224048081295,3.642091300064408,1.3192331135451292,54.625900253156,17.82293029676147,10.31096373135764,4.02618221866858,5.600625481748718,96.33950822726212,5.260029527291481,1147.1176470588234,29.556863044289983,2.9490196317784934,882166.0,27863.903590707418,4.177228835978948,-74.05911953894778
-84.5677142128,33.7518987849,78528,27.31213708200709,67.60347679390402,5.257512176848192,3.193682411915761,1.207752132792394,71.6709621654305,0.36891907027919,11.058335742509437,2.8017992314985785,3.199599178574412,274.8858017613934,6.068747153785749,321.0,31.683334350585938,1.6833333587646484,24147.135,26218.28161493163,0.8902599090317835,-11.088428609806384
113.281369945,33.7480861678,78554,21.86836666473776,72.96860371155307,1.7749533201908465,3.205660569257576,2.795026697013596,2.04380854609309,15.062926546409749,11.409560796569911,7.041325569220158,2.0462329331458924,148.96414870801084,3.169154486693345,417.09090909090907,31.60000055486506,1.9515151422674009,755458.0,7385.685543074533,2.8502988935385893,-47.374296746615954
130.98081286,33.7502910822,78567,24.03836264194334,73.92051796659405,4.029748699167979,2.0944578910096694,2.197799217205184,25.69417540505814,29.56033043657136,9.916372837604126,4.109866108771698,2.6622279400204585,29.600374771251225,2.676929833387966,1141.5,29.950000000000003,2.9833334350585936,72558.0,41984.23166294551,2.585217391304411,-21.686225936428443
130.467477593,33.7340394822,78587,24.83548739014719,82.54067505834087,9.42247778218151,2.2010512648113787,2.7424228924584537,35.293969947639894,30.587893823901368,9.012418640481036,3.0493976371098994,2.7515218802800363,28.649958479614824,3.984378208241137,1066.0,29.53333435058594,3.066666564941406,141636.0,34157.359830833964,1.3059001161440165,-11.646459848313974
118.715381527,33.7123648055,78616,24.75328764171775,74.32682983020061,3.5116961495095,2.357251485130296,2.069581568640292,0.0214507865173,5.19975242898704,14.343303685909824,9.72440243492603,1.0401854687735512,15.273614881891588,2.5232974438437905,739.6666666666666,30.11111145019532,2.1666666666666665,142179.0,36519.95409307988,1.6775308641975355,0.2757790267461306
73.0314742969,33.6971812797,78658,18.61164349775595,66.86766184388185,11.747846069215104,2.2274814808013184,2.3887264429445936,28.7533536245384,0.0070789629619911,7.70468850427949,3.4905749666129298,1.5871099308801968,563.0028143544308,3.154695367179356,778.0,35.56666717529297,1.216666660308838,643690.0,4743.349957277572,1.3265051020408123,-3.830844817019965
115.1825927,33.645427815,78774,23.59685019753369,75.403057372756,0.6073970653518425,1.857355228248876,1.5079099361077293,0.0040052919403616,0.11754361914325,9.263433701439917,4.001136799379031,0.8934088021467619,42.78258657449282,2.672521645563984,466.0,31.55,2.1,112210.0,8328.861678994743,1.0297801801801256,1.181047284941819
130.689109287,33.6340691491,78831,21.32272561199513,68.32725716529482,5.300598756517961,2.2830069237567607,1.2438983818659066,58.929628526903386,0.50577751505291,8.508871220216541,2.461992648798041,4.567827656899569,68.15635010205958,5.216697341144456,1201.0,30.188888549804688,2.422222239176432,89367.0,24884.45516801504,3.50731481481472,-38.09551797484387
130.802348928,33.6481325576,78859,19.44774604544492,65.34282034288287,5.860543380821766,2.6860917871558336,1.010668481361321,52.93916480197951,0.88979256322429,8.148847959565778,2.7351446913013016,4.898263912336549,84.61515860017543,5.220750093481364,1210.6666666666667,30.177778116861983,2.455555521647135,78054.0,25771.561880236764,2.8641033138401326,-43.81945962234103
116.981474574,33.6324251734,78884,19.28487639351134,75.85280111988337,4.403594169499369,2.4678522284765902,1.2785906183351912,0.01162642093671,2.05791298084426,13.794098401436743,11.003865773582932,0.7754121192242582,26.842047112752432,2.5132292613790965,565.75,31.19166641235352,2.2666667175292967,303158.0,31127.56857480258,0.7009499799920604,1.5255655077637194
-84.3922921859,33.7094066751,78999,21.19153253994551,71.9043077754696,9.587216482264571,4.36272016889138,1.8770563675402607,66.17102676768006,0.37248383948444,11.399102878732371,5.797268915070847,3.077059014106285,285.21902407286854,5.3013273649075945,335.5625,31.572916793823243,1.797916669845581,601582.0,37148.95909950763,2.076347533304101,8.263227299508173
133.541951441,33.560373859,79023,21.55754876317112,75.83168715161584,1.043977635770183,1.976553333402856,2.4104370018645604,76.09570638315745,6.6556213407463,11.027914732233626,3.857244778456181,7.709284159496357,95.0707173384419,5.256550834158905,1045.6666666666667,30.211111450195315,3.122222188313802,206473.0,31895.856688283693,4.340629159104704,-82.86194045917865
114.030740794,33.5768334311,79044,25.396018774104167,75.02715467625518,0.9283241233072368,2.943985071532125,1.5953312368912498,0.03175636779234,1.2820174558515,12.243598194252163,6.569739618771349,0.6358417909574241,60.12006904969861,2.639679092025702,494.2857142857143,31.77142857142857,2.009523794991629,471070.0,20621.3004755132,1.3994391670232176,1.3907816141534397
114.636845052,33.599920915,79045,24.47929082239418,72.41990187055615,3.8001121161723272,2.5433999264597493,1.5211608116716366,0.0017525511522436,1.69998782995152,11.122118877949148,6.480499237898212,1.032208068250611,48.32025648839841,2.9103003256293216,464.3333333333333,31.60555572509766,2.0333333079020184,431204.0,12223.633403215184,2.03566836918958,0.841617309744926
73.0724351732,33.5924295935,79071,21.01903049568202,75.16769272370854,4.7091140595431895,2.9522561020168605,1.1685044389551744,11.45297225040905,0.05860971324084,7.297387698307356,2.173355561718125,1.7957484004054716,509.31513609602496,3.515125705198741,658.7692307692307,36.82820481520433,1.6333333411583533,2811334.0,6479.8795621580375,1.2165926624984351,-7.054632641536671
-7.5942478613,33.5723427311,79096,27.62430636399156,73.15610007577901,13.395244802425976,2.4534999916026106,2.275383723193208,5.3148843655029,34.27287590737451,9.798844074287418,3.138253721510264,0.6797010051604891,62.05258007277549,4.046270944648194,6.090909090909091,28.042424704811783,4.245454545454546,3353847.0,9481.427221933496,-2.265823337913561,0.7009267738712879
119.0501409,33.5956537097,79111,24.53512801776593,75.17090468662984,3.9236938663884064,2.7993704648585926,1.277160895627257,0.01509943086248,5.13305892338245,14.987343202283611,9.48682343772676,1.0937664333585957,12.285217024265236,3.081081951903371,705.9,29.870000305175783,2.193333358764648,653031.0,44662.8112034498,1.9990072560136696,1.0414275657756151
-101.89871864,33.5534954793,79169,14.97328411513908,82.2626894144007,9.651705810708512,2.13980165100306,1.005105875614766,8.89574975491982,0.19026815424281,8.013427949999453,2.545973353011901,0.3985304593962485,988.1288993180834,1.595976051524297,47.230769230769226,35.38205143855168,5.451282113882211,234700.0,44058.135155517695,-0.1051936026937028,-0.3595997894798302
119.155346521,33.5268107445,79182,23.07110106611211,72.75042003997805,3.123379448187713,2.053204140924512,1.7438835503856294,0.0017525511522436,6.761607148929221,13.547440304642633,9.848748271778254,1.103071031934815,8.186439062564093,2.289328210541666,677.6666666666666,29.91111145019532,2.177777760823568,203427.0,45143.23332202707,1.320043925327013,0.6428460335689401
126.509626294,33.4959887409,79204,26.7495575586577,74.94166639139782,14.408786795712189,1.790817415253896,1.6559931752809656,33.47836475853015,35.59281503918526,11.662132771467617,5.058831800254144,2.110790913280429,84.3778617835893,3.678590678698868,758.0,27.316665649414062,3.5500000000000003,255992.0,10935.680040782529,0.4849572649573019,-14.257710635380604
130.434526423,33.5707244323,79206,24.762353508785072,85.59222488310027,12.48924878215715,2.628353354715536,1.3165208171564502,67.32415150462081,18.706840141273982,10.820054933610631,4.996171341834661,5.851454674744254,159.54080249262034,4.445014436208347,1097.411764705883,29.86274503820082,3.033333345301011,1808389.0,38975.43857654521,5.706195758729924,-133.48537434483345
116.199961217,33.4969100899,79226,20.54014268808575,77.45510903952383,2.1080043310512706,2.1618136578954394,1.0048655943647682,0.0017525511522436,2.05111906628146,14.811504703893752,12.206927187958993,0.6424634107606032,30.90947861624568,2.2912880459700395,539.0,31.38888956705729,2.1777778116861977,129697.0,16569.66574400333,0.765794871794867,1.3335669687328036
-82.085355717,33.4992549232,79240,9.55217779310967,66.02464391276699,8.758743809480196,3.0312771177104265,1.5336227718399893,56.30134542576328,2.10545118824897,7.3598819270632925,1.7598914606420593,2.637955601267864,100.46989119695208,4.881105380257958,272.5,33.71666564941406,2.35,46725.0,40131.174745853394,1.217626262626311,7.260718159779842
-86.8281098551,33.5106876284,79297,10.18565575559924,74.08128879165594,13.798560642036245,3.0316476904000584,1.9844047674982823,71.48993911109288,0.21257925744319,8.32767932027462,4.106103683480705,3.1758690697566974,216.99620048169504,4.464461081978247,355.2,32.023333129882815,2.040000015258789,215004.0,55051.248781418006,3.914770011664757,-26.82649021965977
118.203918346,33.4759436415,79318,22.20888520300594,70.25302780954654,3.878307912496322,1.9559414988252748,1.459408819528948,0.0925660284593399,1.62441252160579,15.783265468666364,9.827683160458855,0.8718307045895499,17.483204771319866,2.65398560480726,662.6666666666666,30.74444478352865,2.2,107279.0,54440.5677066341,1.187026881720385,0.4909225057993964
119.796554892,33.4776303718,79321,25.1059365080072,71.34400207821336,3.817515110862445,1.9821193455314967,1.106140366160024,0.06792467153926,4.14050817643234,14.16928575969081,6.100946222692675,0.7225680723724421,2.4924595068197752,2.368572517741595,560.5,29.86666717529297,2.2166666412353515,168212.0,21909.68610443964,2.442157061004252,1.0907546486463071
-81.9964033908,33.4613842444,79337,8.072168838981069,69.11646484495705,10.059497033459088,2.041279257148134,1.471936172357133,42.64772748100097,10.028097201100987,7.023424956019739,2.037981150885426,2.176289872644995,64.24542086258512,3.5653395282965423,278.0,33.98888854980469,2.311111094156901,57446.0,36015.85992062111,2.4300211416489788,-4.387680582506661
48.3486639248,33.4810603968,79341,21.36201744024455,74.85739706749503,0.5144884795352487,2.335997496919651,2.317634354881228,38.10771007642892,0.12500379237999,14.279513028471271,3.2575169478298283,5.491284550060962,1282.8303600246484,4.540755219225751,2.0,41.03333435058594,3.3666665649414065,323211.0,5509.9229079455845,-0.9824813384812998,-75.12393199260123
114.891530455,33.4435294317,79377,22.17295583956596,72.03950526154054,2.065376561513457,2.2500713309901053,1.6394127241650762,0.0017525511522436,1.25680181047511,10.015834086084109,6.196644842726188,1.0366631897075214,43.81337415378317,2.820394664318376,487.3333333333333,31.544444783528647,2.022222188313802,134788.0,6809.23051755349,1.2032370370371268,0.9241061212900804
43.3026757833,33.4263117221,79427,22.31414737697276,78.80700099199306,2.931930813651728,2.1794140040572607,2.557181005799767,0.39563929924399,5.942772695440231,7.162278891052487,1.788907077676017,0.6304267446415744,49.40395364228755,1.7992519344820643,0.0,43.84555305276268,3.722222290039064,202100.0,13046.284027709054,1.39282106782116,2.651162111190885
36.3212396675,33.4988661285,79456,23.48240306490765,79.34539560602177,11.861784951386763,3.450449204618021,1.6745222489066076,20.86922688187662,0.0,11.19269605370095,4.676774617830029,2.0817876715078065,730.993604720229,3.967982829294547,0.0,36.14666656494141,3.7599999694824215,974431.0,14087.91902043346,-1.5311111111112157,-37.61186248072386
-104.529208811,33.3990755672,79567,5.65260668012921,77.65694089916148,10.728072675515028,1.8213081534899624,1.5238740393773882,44.150797497150975,0.0060895933380023,9.85283295091513,1.7151637031533478,0.5034467778186352,1098.660916538697,1.5913942243610484,29.33333333333333,37.75555521647136,4.388888854980469,36225.0,91425.21821946168,-0.0822625843279638,-1.2799757796769882
130.535792632,33.4119234519,79578,20.99035420852147,75.19468300588751,7.239095144149017,2.793448641422839,2.420644929786586,33.62435872590532,0.39643623787103,8.609391452579318,2.8848617801970824,2.91809196660996,55.357740328626704,3.6019586057340875,1273.25,30.39166641235352,2.5166666793823245,98361.0,37552.12549689409,2.3736208445641296,-24.08942492822824
115.08744874,33.3884541494,79589,23.53145620590122,73.70194857176804,0.7736476693068246,1.4864281699110176,1.425210320741919,0.0085484440323312,0.62323185492184,9.724880480796136,5.4687316982388525,1.6015238537015557,42.604043739727416,3.356104105298705,495.5,31.450000000000003,2.05,107624.0,9711.034676280384,1.4118694885362402,-0.0727706316675949
120.162854201,33.3697564964,79699,20.51194230282092,74.50651025438887,4.707546407604058,2.863369534702981,1.3060918301439963,0.39226372410131,1.7817369410378598,15.471151874768278,9.120895133501955,0.522837591520656,2.769237004228485,2.29516593642044,599.5555555555555,29.81851806640625,2.5333333333333337,509543.0,39846.70146189822,1.614711640211624,1.0930207652501278
130.29322086,33.2610217098,79870,19.99155007757734,83.44572073668286,7.192587264456323,1.7865274212389533,1.1100117506355214,3.37602767859675,0.51620891941113,9.149366947097324,2.416934614657375,0.5791675395440028,4.328041043010712,1.830955231243556,1186.0,30.56666717529297,2.933333282470703,101974.0,36426.88005766176,2.3076290322581485,0.9514921788540818
116.558119191,33.2475042036,79886,21.61916749275284,75.49973163046909,0.5556096443452615,1.4529494116097277,1.263773063501784,0.0725635952054599,1.53063217995158,17.090000145645586,12.887582206216493,0.6883467375398495,26.678848877956987,2.0154001772116645,639.5,31.28333282470703,2.233333282470704,124911.0,14199.56963758196,1.153884711779483,0.9147297303243818
-112.010317429,33.4836955623,79918,17.18506888186796,82.57222954266076,10.66425800493439,6.062464386014289,1.84967114866159,73.81497845268487,0.16158776149788,7.063640329429117,2.45807934540593,1.515693042813718,447.2259464301134,1.8895118810257967,13.77777777777778,42.21612195781634,3.054030488456774,4048269.0,54769.41211737658,-0.8648346184081674,-62.299359342789614
119.326929622,33.2441099482,79935,24.59550323585132,73.76016420546203,3.533121536136775,2.18091077905292,1.2383508364370484,0.01925745276008,2.76103204507267,13.761499968642044,7.866857506548732,1.014570516076534,5.281948725850119,2.7609204301579635,586.0,30.26666666666667,2.2555555725097656,159221.0,24507.503865696104,1.9756996996997032,0.2986230715511535
130.53162732,33.2637899875,79988,21.42368669900576,76.61290540450733,7.014538826043731,3.4183441609625747,1.5369389356011969,27.228066035342408,1.25484544502008,8.822190517458978,2.755989854023143,2.098817563929249,36.16698176830266,2.601117282563419,1298.6,30.52,2.62,222790.0,34899.70273351585,2.0671083358716373,-11.793994649133584
131.647966685,33.2294424725,80022,25.785421601833843,76.19001639244978,0.7976244404103477,2.8385284950977088,2.429399193923974,32.62791023646605,47.1595823978119,10.688402465326265,3.318650275261977,2.6101407775217416,38.72592336343908,4.352132965821844,908.2857142857144,29.88571428571429,2.9523808942522325,347846.0,38512.437897805336,3.779118457300285,-17.21645892883786
120.454842207,33.1960548705,80057,23.10645146103228,71.45971373818364,3.713102796798752,2.25972037153292,1.84339997263736,0.25235543534627,0.93181896753332,12.411286403175591,5.790066301164962,0.5296210375291749,2.9633580901060634,2.011120511490747,624.5,29.683334350585938,2.9166665649414063,95380.0,33580.02506814846,1.4102842809364802,0.7759965064687324
-87.5514711371,33.1969086153,80066,8.70481902174797,69.38872180421085,10.875157765274606,2.385361951782845,1.2748019874567056,50.818089833423294,4.50034284495731,7.892241838924425,2.9156289272709484,2.67784466703392,70.1175263496897,3.784177311678416,403.0,32.64166641235352,2.041666641235352,73367.0,21211.442228794967,2.981006289308141,-4.311243359798638
44.3796923737,33.3235801863,80069,18.84619467351423,83.69816818647236,4.142262705021554,4.260359472833844,1.5348017601253074,1.06428937074914,0.8867527662948099,8.33720053368146,2.461081685032455,0.4657213755430704,34.176108781834195,1.7812773608183268,0.0,43.84555305276268,3.493495929997142,4520056.0,15603.19599093462,-0.0211520246788268,1.1081460779637666
115.614326074,33.1855423349,80090,23.24582340996571,76.93593580439325,1.5650011047332566,1.7321756914171529,1.960060079312202,0.12777938694303,5.10413495084292,13.667948033999313,8.343353356358913,1.2401092608063706,34.57731983522425,2.6227886020639803,552.25,31.34166641235352,2.1,107323.0,26816.36900757526,0.8314128532134077,1.0066279274911665
-97.1072641065,33.1894943855,80146,17.55702093904307,71.19806330292731,8.849848681962003,2.891908747281525,2.0063332260412508,24.0947086719943,8.03340000875168,7.215273486421799,2.423743607602307,1.162073680872708,187.2334792654484,2.6668407515958035,139.0,34.78333384195963,3.3888888549804688,142822.0,73906.09018218482,1.7086200693256046,6.127357266143093
107.027024582,33.0835769417,80303,23.52629798406032,77.42011599024319,4.195944887573048,2.1115863946636604,1.7069656752190934,0.49153103605398,9.4808407036542,15.470391670150365,8.491850609751552,0.8620218402798367,512.9179112550728,2.957253750912654,469.6666666666667,29.133333333333333,1.6333332824707032,207699.0,28490.12321195576,2.8399368686867774,3.4519828604223903
130.451217971,33.0210454496,80518,21.87243930288357,77.73073897582252,4.445782924035742,2.465732212123044,1.6077849604417207,34.77372408335649,20.47490700018648,9.581041027389745,2.804491401807032,2.5284752199738745,30.768379357569184,3.521452750957886,1265.25,30.325000000000003,3.4,129891.0,35087.764995265265,2.516635802469125,-17.344103216351932
-96.5744540422,33.0063493268,80523,17.84848022833401,73.31100543701868,8.797018472483968,2.832835693896855,1.2834670320342043,17.0114802881871,4.13893165797915,7.63430284590837,1.939354477269332,1.2768513943671296,158.49413063760667,2.0957722995618115,139.83333333333334,34.65,3.438888956705729,84182.0,78456.90022807728,0.9390230010952793,6.656531426107705
114.023106171,32.9953845961,80533,23.20852618603738,74.63889475830247,3.867893575354621,2.3050905039987515,1.148967390600323,0.09128845756413,1.7128220596691002,14.464637379603555,7.351509058933354,0.6110083067569593,80.23875161496096,2.6240445093804974,602.6,31.486666259765627,2.0266666564941405,516498.0,11389.272854880364,1.3596170613880645,3.0405572757584167
118.535730942,32.9897931672,80537,22.353771775168298,72.7670186804605,4.537582905048111,1.991197470326117,1.344311668618407,0.4653269113464799,3.47387472770182,12.77671107402995,7.839703141487417,0.8864208494037401,28.377903212253653,3.0375558281228905,613.0,30.71666717529297,2.2166666412353515,71278.0,31919.80100451752,2.442207792207796,7.727294269090589
117.215888705,32.9769587941,80553,20.68629642276393,71.36445123879163,3.342035708725044,2.393475623822678,2.534124011277887,0.09461201246914,6.693392827597849,12.092296064152968,8.109206569357188,1.095821343930532,24.95008912727783,2.524844086716126,668.0,31.366665649414063,2.2,104632.0,16609.64654216683,1.2378214118746769,-2.7938405938205904
112.536717388,32.9936682219,80607,23.67919562389278,75.81865462743438,3.0007681064969605,3.0086496515862247,1.0525599258662968,0.16563499152713,7.03798831682451,13.094099939990304,8.703232606939622,1.1105703330690917,131.69699398683278,3.008333038938587,449.2222222222223,31.359259033203127,1.862962951660156,591443.0,14177.899349556925,0.8474095585794998,-3.986483171128853
115.859685349,32.9340877885,80674,20.23152504687523,71.05245273695492,2.387065366563583,2.4812723461960577,1.2367027596976965,0.0017525511522436,4.59876339412807,13.60829737113272,9.712213203625751,0.7105312203272403,29.528137992197315,2.0285362455120275,624.0,31.200000000000003,2.1,125773.0,23382.69373394925,0.7944222222222379,0.692412987786323
117.340352526,32.9208450488,80701,21.97823667370123,76.67862101476099,6.352474734677695,2.477809321473268,1.867377697704012,1.26769319414614,12.6760115705605,15.01540876648076,9.312530899493373,0.9890221393928872,27.352677447417136,3.188880691934066,675.8,31.30666564941406,2.27333334350586,524098.0,9598.270224271037,2.449539482076716,-1.2308560106198885
119.832704868,32.9161214828,80702,24.68204940697777,71.2405319911025,5.97835903082815,1.4529494116097277,1.2535923191396112,0.0766570704765999,10.76240050117773,13.40437384590552,5.462089091397673,0.6706290015369057,2.066391462957514,2.785194191361331,583.25,30.59166641235352,2.2249999618530274,154005.0,29657.672835297548,2.444530663329207,1.7759403902621291
-96.4581756841,32.9192127442,80708,18.86616832096587,71.09682251829686,8.766873185523828,2.1441179750000843,1.1173798026207546,11.2821983728213,40.588963454300384,7.63754958351968,2.367008723120483,0.6730495378201276,148.85418299537946,2.952824238660789,154.0,34.550000000000004,3.4,37560.0,62572.99406283281,1.259978494623681,13.611303453418742
-83.6531829545,32.826504179,80905,15.49648975826988,66.77769436444927,11.96819455296936,1.847747511609706,1.64355535306416,53.009617250590935,0.9686624576245,7.778953202456223,2.941147125525219,2.3007360098484595,113.15187055908883,4.583112301679765,260.5,33.63333282470703,2.2,39069.0,27509.196140162283,2.0704744744745085,8.659883219150885
115.816169505,32.8749874761,80941,21.47585589007231,74.04909148772884,4.31072807094774,2.841696643864408,1.680116216935563,0.02729836818939,2.98694013200114,14.665338785634942,10.18641681899858,0.6600819316927503,30.838258636572508,2.1684328417428245,623.8,31.21333312988281,2.126666687011719,353595.0,25601.189558675887,0.8177272727272644,0.7484235036608027
-80.012215778,32.8828309752,80989,16.19735051742709,71.31086475967189,9.081230347223666,3.416697389863716,2.3459061464509743,15.37478692743797,34.46646281575563,9.331706992167062,3.699965610126604,0.8500603065756276,4.34568666994669,3.2048087328801853,515.25,31.870833587646487,3.4375,170761.0,39101.11606280125,2.4145170752147465,4.718509859867667
35.0541999291,32.8137839965,81018,25.56854313562476,74.92564003836836,3.372438828393901,3.05320179017562,1.4709538767586023,11.03757984183451,33.92996928434872,11.519510517157723,4.274388528904543,1.7361811786965764,50.75334501764437,4.564213406100464,0.0,31.33333358764649,3.658333282470703,435554.0,33319.31071233419,0.5476929824561125,-8.780741182413301
119.455138453,32.7875097423,81138,25.82731851050346,75.7196438352941,3.01376290379416,1.7727168966201956,1.673865480128769,0.0676832010295,21.60591741129852,14.348014781644007,6.8417363849669215,0.7779820834563138,4.37932651788358,2.605098179649625,613.0,30.688888549804688,2.2,147246.0,46016.03744753678,2.4998148148147266,1.1768196889800322
12.6391367718,32.7629281834,81149,14.13729933342775,74.72069993461406,7.06615423557594,2.502151486325406,3.2475037145319416,2.64529790219627,26.103296317653506,6.610083366063999,1.86178806812556,0.6369435277910741,16.010100183862672,1.7126862627106465,0.0,33.61428615025112,3.980952410016741,124210.0,28898.367772321068,-1.4394512864285005,-2.005236266653398
129.864239852,32.7755059386,81167,23.91180701967608,72.73652773496414,0.9187264670097124,2.5664465158999583,2.5899015919721955,64.522772810505,7.47313158762953,12.717572068192425,4.676868450931851,7.687988017595801,140.92788412428362,9.87433143207782,1330.0,29.122222900390625,3.677777811686198,210045.0,33006.257630507745,2.426446446446448,-79.9115991230345
130.73646543,32.8105140856,81168,25.00101737439874,83.61685754353296,5.675667139660087,2.804958884426964,1.5758502999588646,29.64204761824101,1.59355043918671,9.867141859602288,2.886852234613112,2.148063738074016,53.20045974058422,3.4432766253065235,1444.3,31.08333343505859,2.993333343505859,652102.0,30275.917635584618,3.6293317647057393,-16.654447658503585
13.1938736303,32.8276029999,81225,16.936203041152208,77.84242626723533,8.563916759735047,3.763166047059548,2.4948938370498466,0.43770307205263,44.35025927766194,7.109182452279082,2.070872973596623,0.4333234958699368,29.278531914990324,2.218057824071692,0.0,33.90000009247751,3.8676767615116,1049714.0,18352.80465917384,-2.265823337913561,3.15810236542373
120.121784047,32.7362932945,81243,26.18936773874055,68.38078163570513,3.664847177434824,2.2805088044039654,2.008919978739756,1.14156618493823,1.96842193194657,11.612017272914002,3.1199407405210087,0.6056571989028614,3.009206207133681,2.4514546043636645,620.5,30.43333282470704,2.316666717529297,86370.0,20026.850966770868,1.1938095238095343,1.296123574007464
108.99555129,32.70513983,81292,25.00427651971031,71.66792486019393,2.763513385835892,2.1415329501893683,2.3193939917800552,1.52868122280931,3.7231454172189697,17.870882361002103,9.979965854009816,3.3945022569651497,306.72152958433213,6.024683646149887,496.0,30.98333282470704,1.766666717529297,181466.0,23010.85880550627,1.125598290598255,-16.33056082310401
74.8591322905,32.7154375905,81354,16.96961826495008,74.76900205616582,0.7465037083921373,2.2914950064800084,1.2025822849141112,23.037593963738388,0.19954435770265,6.670746776396202,1.669085473505888,2.0679715555023286,365.41492120715446,2.983160778418615,639.8,35.606666259765625,1.5066666564941409,444330.0,7182.557646343933,1.5782730585926856,-22.95222550002967
-114.637624282,32.6950654668,81369,21.97592511097675,78.30772759017671,12.868428385335111,1.490258861247936,1.239971018664389,21.22022811323705,0.18665078441849,7.193091938749028,1.8300497709936585,0.4740414830152157,41.89542440817876,1.5163082333605924,3.0,42.7,2.8666665649414065,71924.0,37289.77435904567,1.630175438596666,6.863921928720551
112.087980588,32.6776004834,81422,20.93336994134187,72.71962517881913,2.693110926534036,1.5331954834686583,1.1507432049642417,0.02851408309014,5.56743929328465,10.419486505834008,6.449524913598706,0.5948446990253994,107.48766268850488,2.4457755722500862,450.0,31.35,1.916666641235352,126931.0,24531.74813875255,0.8805264957264285,2.9728956023758712
51.3443617501,32.6363701152,81509,18.73669131472583,80.65343482104257,6.021114762196504,2.1514616372662085,2.418341893233853,4.02685435988263,0.0,7.39852876209002,1.5057367058805429,0.3752291726001194,1648.0741228810762,1.3980926126256914,1.0,36.65555521647136,3.011111145019531,204608.0,7628.5942778386,0.4388888888889255,13.534347513508235
117.006522978,32.6395495245,81575,21.73191435739512,80.74141108977612,3.1006063259632883,1.9413628155486389,1.7644245887999197,2.3489887396118703,4.251085105413631,11.803891749219234,6.220491809340281,1.3559979326166716,41.614187547010886,3.595445255318337,681.0,31.31333312988281,2.19333334350586,394923.0,21243.3287223079,1.891498021481084,-4.059611426992724
51.6407846405,32.6686408343,81614,19.30207952092344,80.95924413058006,10.362475715755032,3.8414503525356896,1.296645853363485,3.691022221632221,0.0,9.755625227702115,3.011489379571153,0.6260184699490208,1583.670692423232,2.417749626720679,1.8571428571428568,36.06666695731027,3.1190476117815287,2199556.0,12123.37309938914,0.1868465476686651,1.858883105623363
44.020187688,32.6082970603,81668,22.00569377124752,81.67221165910203,4.335974315618662,1.9308902146647384,1.2297480199671325,0.11371678439762,3.57955972177305,8.07150952764209,2.2838672813297247,0.6933850651696627,28.41930278504832,1.841617413402146,0.0,43.84555305276268,3.673333374023438,640898.0,18080.58927941732,3.5139024390244344,5.434030743310377
-96.9793135419,32.8582833411,81693,19.779875459204348,79.66623266155696,10.508597500973496,7.722208300615403,1.3472971825508182,22.51195499236488,11.1305152381987,7.739382605987419,3.4228638802849995,1.0706249899531006,188.33007304098035,2.741639257314167,136.68720379146916,34.99589260878721,3.421484985351559,5597255.0,64655.25135231449,3.511558902449736,-5.338524359791563
-97.3445882907,32.55427216,81812,16.87971771222826,72.82069351015798,9.396427540348425,1.8097280599323504,1.3981813901588251,18.25570483669893,0.22742536097238,6.755169551459143,2.0486258374289235,0.7385486657990725,232.00423164060743,2.082414202793314,146.0,35.28333282470703,3.533333435058594,47935.0,54241.12441848336,1.2319278252612094,-1.8915100223951529
14.3595698167,32.5697765734,81822,7.12197403294437,69.4605044093438,5.173663982857729,2.1001019359996023,2.807617282173032,5.12712705420557,25.97635006071829,6.655865496077862,1.2156894254345727,0.7410984002991752,21.277862135206224,1.9406330082134773,0.0,33.166665649414064,3.922222188313802,34575.0,47967.62154736081,-1.2124725274724142,-0.4290428503104984
120.45754123,32.5262339206,81900,25.27487546747661,74.73450398225118,3.2437966969412257,2.439779018244288,1.4298539282085767,0.20707701484502,0.78779652860587,14.742688656694463,7.036747002088492,0.5944728062060788,4.657267123483377,2.5316579627332585,594.4,30.03333374023438,2.55333334350586,195694.0,44302.03324578168,1.3083826358825377,1.3300898694203471
-92.1230961512,32.5086481088,81924,11.75952965443906,66.97441599696144,10.925577213265464,2.403621607701945,1.714966670267359,36.192971358388185,6.00918550614482,7.748671152160119,1.858847588857824,2.237394882738484,32.027288230135014,3.5806286701243053,286.3333333333333,33.733333333333334,2.5,45958.0,25608.01647156099,2.2079325643301786,-5.660843140803223
35.8643394032,32.5428828055,81934,25.119240786851083,81.40815079376405,1.8154893022659109,2.3040803852819773,1.7479228637326694,7.64620960186916,0.0,12.050651882436002,2.692645266455161,2.672061432470623,595.5335354491324,4.150371169300003,0.0,31.56666641235352,3.5833333587646483,741999.0,7359.392345542245,-1.0109100529101056,-18.17289847649397
-94.7372281785,32.5055385559,81986,12.816088425755389,63.9384714207127,9.54169092307777,2.370495219702076,1.5991919678616744,49.401163136896855,1.72684146801373,6.903521883251004,2.2968979516801644,2.005287880059228,102.350363361973,3.9875549913532895,302.6666666666667,33.6,2.922222290039062,37436.0,40663.366438722085,1.6788624338624345,5.147538865393642
74.5251342858,32.4921454916,81998,21.83621504057485,77.651240632262,0.4711847395577872,1.5238852972665011,1.1165259256760771,1.52719986415452,0.24735272172112,7.434300533516914,1.474261901014141,0.6729573168300743,249.21897754533992,2.326331204605433,484.3333333333333,35.800000000000004,1.4222222391764323,542647.0,9329.787084421365,1.3034739851343602,3.520156887433785
120.128978546,32.5028877895,82006,24.631195649942768,71.23893774590823,4.271351499183312,1.804704553855063,1.1910193402584226,0.34888106748644,1.70819133592187,13.47654174747785,5.745544641380606,0.6841294233995531,5.3288444325254405,2.5343273805185627,590.0,30.46666717529297,2.2166666412353515,165428.0,16874.58404260463,1.5328205128204786,1.490588916171809
-114.767263507,32.4547916223,82088,19.352546060291058,75.99823020686902,17.20929944564956,1.9548289118603497,1.0432352116606065,28.36740767351109,0.0,6.729283483223002,1.348798625750122,0.4587547080028331,28.57175312267208,1.2405442136783331,2.0,42.080000000000005,2.6666665649414063,162420.0,30437.911759635503,2.43100000000004,15.28531449862906
-93.7402054747,32.4875722502,82127,9.6486844956925,68.52578825303756,10.47218213906085,3.5328442424876085,1.0499096580769105,18.36921863793539,11.30906115854856,7.1844187759802365,2.999271734494154,1.3203776859796357,55.107761330656025,3.424482787283974,405.77777777777777,33.46666700575087,2.633333299424913,130169.0,45469.738194193706,2.0111025641025435,5.821786773970416
-84.954977717,32.4945404902,82130,14.955427605633009,65.55803875277864,10.246618601242202,3.344553522156747,1.3169091453259216,60.56312740664968,3.11532787423475,7.965919185665783,2.67699912939834,2.79758152866571,122.68323934167536,4.945886020451801,263.0,33.65833282470703,1.9833333587646484,109448.0,39542.54343615234,2.523850851816121,-12.038901870748916
44.4216907997,32.4750686726,82137,19.52148304531645,80.81629793291545,5.852933871604254,2.025299670367223,1.1764159501506537,0.1267556462658099,0.75292305354031,7.14693715586319,1.7150100164541169,0.6513915132437516,27.290455147195825,1.7757549540763036,0.0,43.84555305276268,3.7666665649414064,495591.0,5905.547152793331,0.9299752693869436,1.5750015787818157
105.835015199,32.4369399342,82141,22.26184634088672,71.01826214410164,3.1585470184748767,2.366017733555608,1.913014571571082,15.902071537034198,5.117518599477959,19.215042961968315,10.639745132200144,5.578606605492543,542.4716783941269,7.196451603059686,905.6666666666666,30.633333333333333,1.3777777608235675,271872.0,6709.440600723867,1.9197121212120545,-46.99512747294739
14.5591455289,32.4602484936,82212,8.33310757006706,71.633409440369,1.577212199844351,2.186277255473341,1.9237942587434724,9.879515901269713,17.04552518546274,7.203808342382573,1.1598801750457222,0.5278575042422393,24.930355862773315,1.7563369023305628,0.4285714285714285,33.509523664202014,4.014285714285714,125671.0,15953.14722569248,-1.650454992967802,-8.139694539374094
119.572751213,32.4293481114,82230,25.60454835558883,76.43953304922839,5.1795090563503,2.144425848216258,1.5521309711490665,0.67519642606149,8.09284981396843,13.089891462687737,4.978932485735337,1.0080829366667203,6.806633226802916,3.219410835751416,633.25,30.99166641235352,2.2666666793823245,170800.0,27109.23041569085,2.1009244903818853,1.8242979662248315
119.920652969,32.4686859831,82259,24.74284903618269,70.74377395805952,3.917910437671285,2.466017485733756,1.5649225478075617,0.38195093692005,3.61810435464488,14.229998219165648,6.922020185961951,0.803174068807386,4.652714447611009,2.681070298367162,596.6666666666666,30.77777777777778,2.188888905843099,392702.0,15290.832262122414,1.8493013020355988,1.621879093447859
-99.7500032213,32.4379696236,82264,14.00888928973779,80.43162352467414,11.438479850871326,2.196651023533995,1.2064886092624847,37.771486820864006,5.19046795585889,6.99766136199774,2.033365473404261,0.5926624058938701,530.4629546260622,1.599499938055769,74.0,35.99166641235352,4.733333435058594,91311.0,54473.263057024895,1.0816454849497743,-0.6215938532254768
120.553468297,32.3952102562,82362,25.08647957873473,75.99316530122667,6.426096010672121,1.8777648819539088,1.2677916807446052,0.4587719723452,0.35515443110302,14.03607164500315,6.447886029253342,0.5963992113719476,5.886893567995704,2.382716346064949,632.0,30.03333282470703,2.591666603088379,196930.0,27795.97914995177,1.2636339247607111,1.2331474945419156
119.424756744,32.3922484314,82387,23.86180666764027,74.88317165054043,4.846590021731852,2.8016908014379265,1.0615543329946335,0.48028238585772,7.65541188804172,14.591051825214882,6.930312188741571,0.9945841070340986,12.146237063697036,2.9893733200750057,671.125,31.07916641235352,2.2708333587646483,729886.0,21337.82959530668,2.1707668046520894,-0.8095846296317468
-86.2449422571,32.3631181535,82433,11.07409803103732,68.2735481720931,9.462150141763177,4.140619931270477,1.858332938272972,46.61634124507028,2.83642360862611,7.104060284721932,2.232681027026336,1.7504863748406423,63.64146034227847,3.256398604413403,263.1428571428572,33.557142857142864,2.061904776436942,121557.0,52318.916705743,2.3223144887239684,9.701589467737868
15.0960293558,32.3608143988,82517,11.16857896900132,80.39445216034122,4.815392853545292,2.6690911050760247,2.285150803842414,13.40054205816539,38.74596078939717,8.283901654676542,2.01291643496407,0.4224911840512459,8.108637052992206,1.872613337895288,3.5,32.913888549804696,4.05555554707845,360781.0,11665.072068651069,-1.5645225225226795,-0.263261821767804
-90.1965937621,32.3084082574,82560,16.555277916716822,66.92046098787573,12.046368543533443,2.24971754117423,1.4559984134895902,51.34647630213999,2.2226127723831297,10.047507129776417,4.461398313040364,2.4428022931065345,98.87402362364509,3.822335520888186,329.0,33.13333435058594,2.5,47329.0,39199.37830928184,2.0976984126985485,-1.9894968125566663
121.173748675,32.3226939657,82584,23.60803747573037,72.44762017921116,2.469905478624634,1.987773700664293,1.4955450796708794,0.43683175482849,1.34546498921965,12.840817500019698,5.488250820937994,0.538955625868639,4.033418082609063,2.139513743803046,685.0,29.53333435058594,3.2,75664.0,58765.541856100666,1.5614554424914786,0.797340604705485
-106.765840941,32.3137910196,82586,12.95809999569388,77.51105239631872,10.99222991452005,2.1232266880456154,1.218795543531531,63.83103405185242,0.0,9.129783000930384,2.204987237665188,1.0393838587609532,1239.093521489807,2.307081080514377,52.5,37.4,3.1583333587646485,98690.0,28146.0857128382,1.0880667112896845,-17.097021725734294
119.170733977,32.2820255326,82634,25.08141246701036,73.75658530130632,3.962966686607929,2.427420701544683,2.164283445375317,0.10613042832213,13.8315688795671,13.499254935568318,5.852372199013031,1.020714812773839,9.6988189565435,2.896905382813371,700.8,31.27333312988281,2.286666687011719,196872.0,21347.470417327,2.320655598126791,1.498226832321901
118.343331082,32.300085157,82662,24.81712952019452,73.6736784337168,2.918955744046789,2.606506977315328,1.041759811551485,8.18306124651052,4.67660466455438,14.803572045316798,8.715662664524066,1.7058157168245676,31.80416597056475,3.0572382750933262,716.5714285714286,31.095237949916296,2.3095238167899,234928.0,15037.870407103448,2.494205128205234,-6.4087956743453205
118.816040225,32.3021255196,82663,22.59994608548092,72.15323721770616,4.320082371968197,3.02794782744587,1.56723123177197,0.08009743484353,4.52618744147368,14.377547745316315,6.945697821644909,0.8914229279933843,8.147424976236302,2.721144854343639,713.0,31.18333282470704,2.233333282470704,194497.0,27661.512054170485,1.2901653189578042,3.500369653175998
54.014689721,32.2717932523,82717,24.85811956915678,78.09322464909249,0.444432166579599,1.870794415482419,2.556018423328432,3.61923306452994,0.0,11.294475859241617,2.3537411974306943,0.4302444910067975,1058.909815627802,1.443118346971424,0.75,41.16666641235352,3.516666641235352,101971.0,18745.75717605986,-0.9165198711064022,5.84577862698211
119.798684636,32.2472729117,82724,26.479248065566868,73.82139477647259,4.339915633732143,1.6439578857386925,1.6543977519941104,0.09560887034898,13.497109339940211,14.387869861078782,5.311077700172422,0.80051258180377,3.1530706690748738,2.402031016813086,605.0,30.966665649414065,2.277777760823568,133228.0,14460.847366919868,3.165952380952376,1.433499777797882
119.454310548,32.1932173117,82891,22.24253475682074,72.80701883395004,4.279657047209223,2.503128626041333,1.811682493674194,13.9364533354054,19.799977261559786,17.066841661390185,9.044227656241798,1.9786949421434288,20.02257043292941,4.402480989493961,637.25,31.18333282470704,2.275,559977.0,18733.94143152308,2.1607679409790386,-4.546974093176958
120.0260327,32.1758410867,82912,26.36381979742296,75.2658144117133,5.992557155373508,1.867019888689384,1.6531161440626887,0.18842432257831,1.82665268692485,16.793907438597678,8.282103704047831,0.8297948973085556,5.1981436953499545,2.715076729830871,638.3333333333334,30.8,2.233333282470704,182058.0,28663.512073075624,1.695206766917405,1.1345561193974945
115.656663692,32.1817367285,82931,23.08048292142183,76.71220129681043,5.093286084272362,1.7842705617647476,1.1390888433591022,0.13545466716007,4.475033223631851,13.6861598146401,7.387679388273655,1.0791903234872822,44.46990337704654,3.1059429890669645,788.5,31.11666717529297,2.066666717529297,144201.0,13518.971505051975,1.9488047138046376,6.318493400050912
119.631453621,32.1717582831,82935,24.37089056981476,65.52348275864098,4.53845575902864,3.0219524076202418,3.0327360697781924,1.94456271214746,16.99319803063649,13.117697081469302,5.319897552050511,1.1691808274911115,13.895325388865515,3.855359218957803,632.0,31.099999237060548,2.2416666412353514,118769.0,6689.50814606505,1.3868251366120037,2.2364117947336624
-110.943422803,32.2622268668,82986,14.92007573660405,79.24274618295398,9.207103436745468,4.423598683253143,1.0442204450080408,81.79378938380798,0.01324796010319,7.569777340831061,2.060868613721492,3.177059944168543,861.0336918800515,2.517743753698241,52.99999999999999,39.80000000000001,3.157264928573217,727819.0,44838.96849491429,0.3784369849458926,-94.34694423934104
114.090283128,32.1251269862,83040,21.73633141944118,77.08111602366094,3.716995647401944,1.9430881962069035,1.1566781408503295,16.95900321991998,0.65762819690061,15.489026380210548,6.30046020453576,3.007306219906756,110.17327186864932,3.951766367585965,705.25,30.875,1.9583333587646483,368403.0,10013.66497829822,2.9454999999999814,-18.367325525010443
74.1821160497,32.1635568373,83060,22.921365358944552,80.41739223455792,0.7568223777856362,2.450452425091876,1.5643051232353928,0.58049740433883,0.29079603361709,6.9227114448716645,1.713616950549557,0.5254767807214082,226.11249491831552,1.8973672349217896,334.33333333333337,36.2,1.361111094156901,1638982.0,6765.8380561836575,1.919033260233789,2.5768970858623845
112.757869796,32.1190201958,83064,24.579064694644988,72.16529040974827,2.822749262244645,1.983603237129405,1.3862622477558233,0.0064523054026901,0.72303207700313,11.682943375134284,4.938138024392521,0.894222063538593,123.9089361160508,3.103190452290753,585.5,30.86666717529297,1.8333332824707032,129358.0,15000.210864422765,1.2513756613757323,0.0844093212956664
118.720551057,32.1754801337,83065,21.911879409663506,72.26656269238157,4.641769740050436,2.7900860672607224,1.945298153077755,3.2060936631106403,22.37677960638865,16.78169634644266,9.099877910573188,1.1427666284903946,11.200809767986756,3.5670123952217083,740.5,31.127777608235675,2.238888880411784,395060.0,33553.003898142066,1.96521739130424,4.443199576760216
118.284542142,32.1089323579,83119,24.19586609203232,73.01845573651792,2.9625646717839933,2.086739043664476,1.915102454207588,0.0202422275799599,3.79101200994735,12.933254461271924,6.117765940872783,0.8678268143497557,15.353439433286123,3.103699684813118,725.0,31.13333435058594,2.333333282470704,81210.0,17673.43410909987,1.7378047683310989,5.322549374488276
120.739279702,32.0818736448,83179,23.742125398893872,67.29132953414016,3.89985487826587,2.2190157651243587,2.112404113366574,0.1673787266815,14.6814020804391,12.359811384204432,3.9673924650531904,0.5853139954181319,3.6202764214001046,2.3138732913043154,712.0,30.03333435058594,2.533333282470703,43281.0,64044.53309766411,1.0100617283950406,1.339945407681542
23.9526006214,32.0788387959,83192,18.21731069850019,82.10315749398043,8.672645127206986,2.2599628984254987,1.4195448645145672,20.67817385920168,35.6354824051558,10.21960152341476,2.212678939786058,0.7311100863424727,34.397662296325535,3.484994522993735,0.0,29.166665649414064,4.866666564941406,104872.0,16652.712077580294,-2.039054545454576,7.962717478308228
112.160502272,32.0958426209,83200,24.879978927035506,75.64166639835386,2.4891027392685627,3.158139785356928,1.9555313842818105,0.18894249097405,16.313060482242257,13.798899063838755,7.211257682720746,0.7973738079862093,77.3423481136253,3.0215920820851325,567.7777777777778,31.21111077202692,1.8444444444444448,665552.0,11771.668357994567,2.409988249118669,-1.1977841136301777
121.623364641,32.0602308365,83204,21.04253324113913,66.91935447104612,2.9227134337232954,2.456974447341504,3.5749331123470127,0.06662351135535,13.224476151055232,11.046633135218876,4.364731666301102,0.3632640446999379,2.8207745165269693,1.4393812164245838,643.0,29.277777099609377,3.722222188313802,55887.0,66573.17458442929,0.4160202020201993,1.1248734582636255
72.6860344291,32.0701423394,83213,19.38975647498358,79.99877847029342,0.3716709911491018,1.7646226026799023,1.2653117088557353,0.23446257599162,0.5392077855990299,7.238195576355665,1.6827474137690763,0.4856899158570706,187.9407387140074,1.8983622655608663,246.0,38.43333435058594,1.766666717529297,764217.0,5165.032206820838,0.9425867369345156,2.258589055605057
20.1065994311,32.1042910623,83230,19.98919680455233,80.83145424417614,12.512927168606982,2.606959073410104,1.45567006918006,4.40226920008826,30.01756322562793,9.090226420902288,2.2260046567333496,0.3997755376773108,21.33708625691189,2.096808412273637,0.0,30.138095092773444,4.428571428571429,514485.0,19694.414814814816,-2.265823337913561,-4.43379827862606
118.623145756,32.0580142143,83236,19.83844443085335,68.55284795749554,5.0731798869328815,2.250975227914796,1.1248298461788078,6.94144238971508,2.04649442600754,16.954668489740765,8.723981980883526,1.778622883551548,24.22170749047249,3.210690122550996,734.0,31.29166717529297,2.2916666793823244,102764.0,40517.96931804912,0.9878346253229928,-9.610578101466944
121.065675846,32.0613308144,83262,22.66557860943209,69.34667053920485,6.726116604829069,2.013767410273592,1.0882416496525964,0.22345770587122,1.18823245688712,16.427742042495716,8.257258591268977,0.6599087249908574,4.72267590502632,2.2780001823135763,720.0,29.76666717529297,2.9,114823.0,67723.16096078315,1.0800068027210692,0.8647372584562829
44.350771172,32.0269098685,83329,21.68269855822127,81.68510600925012,4.5476402644871285,1.6449614524220744,1.2769994158481777,0.39630102022978,17.23286208465477,8.970258155881737,2.3533707494783016,0.6679553182390191,21.495810877106752,1.6467988224087449,0.0,43.84555305276268,3.742857186453684,681860.0,16233.496296893789,5.706195758729924,19.143253328615724
-81.1200275273,32.0614737249,83376,15.18958253102031,70.32595967645459,10.621339049549396,3.413126504540926,1.129898387378052,26.17823415165952,10.92789991561836,9.569011185231272,3.3867799018085325,1.692183610879203,7.901340932967596,4.389715140586584,423.83333333333337,32.61111145019532,3.2111110941569008,142038.0,44018.36843661557,2.803758900480318,1.705943308292582
44.9261052773,31.9930810229,83380,21.84871304653642,83.03005860546844,4.86012027096162,1.4601293714350445,1.1422607337451451,0.4132721234694499,0.2837604204455,8.44203327486043,1.761419927310494,0.3608013936887394,20.59673778368054,1.5016935297784153,0.0,43.84555305276268,3.816666564941406,292037.0,17845.753455897713,-0.5125204274041266,1.628487437943246
-102.113993666,32.0038960116,83418,17.49965924227438,82.06872071319154,10.50488017619528,2.43766745717082,1.0935513626270397,28.629281516094927,0.38759635128259,7.555844692994918,2.6894321422948364,0.4596368653981985,858.7465805820017,1.585822132287307,18.5,37.11666717529297,5.05,126024.0,86551.22118009269,0.0736289340983376,0.461302795033589
120.258077052,32.009136184,83440,26.16966853520482,76.92589674035591,4.733353256701317,2.4304961002796697,1.385374090599299,0.3949321905752699,9.75649076636612,16.03335415591349,6.857476329564308,0.7906952548482905,3.633875400976072,2.67577429816332,713.3333333333334,30.666667683919272,2.1777778116861977,215875.0,29605.64738390272,1.6159493670886036,1.7239004754883642
119.582528651,31.997168019,83456,25.213036823537088,73.76920723202444,3.839834303378988,2.03454346987946,1.2833153108586168,0.13850466892043,2.61190597895671,14.89006810323642,8.264141984784606,0.8878123881219706,8.508769354070063,3.0359239952391635,667.5,31.11666717529297,2.249999961853028,191623.0,22292.613037057145,1.1109836921070269,1.0607859579977976
119.155879176,31.952498813,83494,25.05474814464196,75.45554905786565,4.712379276745424,1.4529494116097277,1.014855773770765,0.8488939256227399,0.8664231474210299,16.13266207525774,9.417236411330329,1.184477004730473,24.62563458169453,3.2788661335947213,702.6666666666666,31.211111450195315,2.3000000000000003,109708.0,24357.455007838995,2.457350427350434,-1.3831423324135803
119.978989347,31.9480648209,83520,27.556724053733323,69.3771225904909,3.829500449071121,2.943163470245435,1.8171856260583,0.26943579222833,10.62625193220085,14.22108947747546,4.091831487627443,0.8389949703847963,5.100857560584457,2.714312681001597,696.0,30.9,2.2444444274902344,87617.0,43635.23153041077,1.7472777777778106,1.5355053357763904
118.811376669,32.0186954921,83579,23.34579305407549,72.15237370777925,6.661267430300758,5.321797488776626,1.1476280683406888,11.31535723627412,21.63687427833987,16.5066764185202,8.689239421980858,1.924399106699756,25.436159524558214,3.8863381936255705,759.3666666666666,31.231111145019533,2.226666656494141,4351678.0,29254.27737323399,2.9658285527798967,-8.195164851482321
120.978703851,31.9781421692,83609,23.42814214893041,71.58766225401428,5.82582923348089,5.181665976657023,2.462406636332836,0.2742334573056,20.53726864551346,14.304642750884277,6.957244485346959,0.530267253694693,3.300011334235037,2.272111332831742,734.774193548387,29.83870967741935,2.9634408766223537,1220571.0,58353.464139325006,1.1750008939746444,1.8596606542325251
34.8292948292,32.0518180425,83620,26.57535121175085,77.65330463775807,4.350744627728095,4.4626660572262935,2.235629065392849,2.41026865130047,14.31463935860976,12.830997952223695,5.262654158361882,0.8704439424123758,33.91237332980431,3.4807788462499705,0.0,31.7633332824707,3.4366666259765624,2322730.0,46630.62455128234,-0.7675090078766402,6.865211043169651
131.42253442,31.9123004754,83668,26.543057419138588,75.91085395127222,1.0560341112055691,1.871706196328872,1.6898387110992164,45.74972973530738,17.53070863409893,12.221901535111314,2.7296310108056545,3.080029717352489,27.792321212776805,3.153980510248556,1207.25,30.433333587646487,3.3000000000000003,236212.0,33994.01887287693,3.720911255411295,-15.40828504442435
35.9455433619,31.9722012857,83674,23.79169180649409,82.12114262091616,13.693135220865171,3.717789118099731,1.0343720505303136,35.78843975735545,0.0012556871703105,13.54922489951352,3.052919693146675,4.306674895332074,780.861919738983,6.9632988415450345,0.0,32.99599987792969,3.338666674804688,4810562.0,12766.28828253331,-1.5610781056608405,41.0326020021318
-102.363884567,31.8651104123,83752,17.51470449323039,82.37712775243583,10.768101576476653,2.022639400202315,1.461300442505841,43.956699757814896,0.10542595091078,7.940684718091372,2.386218007722932,0.4522015823570131,888.179621977237,1.5324530919773005,18.666666666666668,37.37222137451172,4.983333282470703,116712.0,87504.90114983889,0.2843854273066881,0.9229978693072098
47.1466803077,31.8449773836,83775,31.1278373705432,80.11649644137134,4.394705597764992,2.1013923512221027,1.4092094040858771,0.2353126151219099,3.1749377713220603,11.5096333456601,1.707396707558671,0.4795159832693736,7.0342547499475225,1.3891765866614167,0.0,43.84555305276268,3.633333435058594,383401.0,9297.964102858365,0.8843809523809156,1.1450271790113955
121.65544733,31.8147524353,83843,22.42363465419798,76.89202906828248,3.7515460154917126,1.832878157010149,1.1388551211712064,0.19555920284694,1.19268850691963,16.854823660773253,9.006476258311816,0.4392242611786937,2.8271979616879523,2.073635153627849,684.0,29.766665649414065,3.3333334350585937,112582.0,96994.76196905364,1.5817095533865846,1.218716339116959
104.74333755,31.7722887052,83966,17.8481855800519,74.9802683295417,2.962379328774904,1.892954407925721,1.676036078279864,0.85754771238777,2.09933444573106,12.252092644032006,3.939888492926072,1.5712681762006024,544.8032880812439,3.2658698996391338,1120.0,29.688888549804688,1.3333332824707032,245540.0,13552.33692270098,1.9434655172415205,-12.74596578312662
120.398805465,31.8815364064,83970,26.32377163343353,73.81303718422579,4.289890246731501,5.481376902449322,1.6492624176619295,1.9554021817347296,12.76469729921754,15.3941360052973,6.608366830125096,1.0225543029345847,6.231586032227084,3.0619701850511114,776.2592592592592,30.49506146466291,2.304938281023944,1187587.0,42429.77260192304,1.4980594059405803,0.5078252043502047
119.600926943,31.7462054793,84008,29.91997252958032,72.8939598321995,2.752912571230277,2.280577086175489,1.9736943214035043,0.46901064602533,6.01975457047555,14.484013228947042,6.30474630614445,0.7332456611683869,5.7115062471886064,2.6485896645080973,735.1666666666667,31.11666666666667,2.2055555470784505,167826.0,37432.75746904531,2.0218816821098926,1.9781246775442032
131.072635353,31.7292626896,84044,23.2472641559447,81.48069590383265,0.915225445510238,1.827065956849452,2.0635024366294696,52.441086920822656,0.10310626059527,10.53635231416722,2.5618859647212875,2.1728529962041856,177.75947244658414,2.3233122402426454,1474.5,30.433334350585938,2.4,91094.0,27469.952411794417,2.6239609756098616,-18.444534531520333
117.273897629,31.840243708,84058,24.0851943737444,74.92135659395865,6.294759151649839,4.377715131465662,1.209492050159808,0.8936764509216001,9.36093997562324,16.23302063355306,9.487653285004075,0.9406279574138658,29.272391731966355,3.341922902882019,904.3793103448276,30.967816162109376,2.2137931034482765,3079503.0,26256.36490141432,3.839703703703776,-0.0333232784178854
35.2172642598,31.793214084,84072,22.20112576395384,76.68059816016888,10.98564771348202,3.321780587465688,2.3360397088794644,33.98155187478376,0.0008644571232995,13.669970453141932,3.3213347713613235,5.177843051292524,685.3629548964855,9.361822108031165,0.0,31.129629516601565,3.444444410536024,1417913.0,7060.826340544168,-0.9348822252263672,41.0326020021318
113.381880546,31.7156990796,84103,23.67946000650653,73.45873240621293,1.144278850238104,2.246839775477307,1.853404436390456,3.12577667138335,2.96195370466359,15.133137659489654,6.650015974642194,2.08560298919614,81.11264546662647,3.500139678543393,600.6666666666666,31.03333333333333,1.8444444274902343,206601.0,12866.58058770287,1.6957103692952875,-6.827003857041248
120.195832675,31.7027940367,84107,26.03516333015545,73.7577445272792,3.623337744591111,1.6842666144805611,1.1387747761235048,0.89299783208718,4.1405273292076,14.42680348198413,6.350158991795802,0.7406640569500254,2.036365025971585,2.8122981741751216,789.5,30.75,2.216666717529297,89165.0,39734.883979139806,1.580347222222148,2.0096650345471723
116.530630372,31.7505631453,84119,22.31480765082212,74.4666574141999,6.711791640325689,3.199261895064978,2.0021308366262067,0.3514720417467,5.70917300340787,17.173941338352684,10.144743520377514,1.077061642214263,50.99083223940542,3.152031199971125,865.25,31.275,2.15,279498.0,31352.987405992164,1.7249710589036944,3.935488981436258
119.032438438,31.6636609059,84211,24.89080380681693,74.49873488683468,3.819152557390645,1.8537125157998544,1.2707648437853871,4.8688176570019,9.31671044963767,13.773785784271602,6.210077338362738,1.4276035839489345,26.49880180223166,3.1242118637251024,819.0,31.266665649414065,2.25,86656.0,39448.74676883307,1.3942895622896003,-4.233732851127662
119.974850051,31.754364433,84227,26.692309958703508,72.84471403979647,4.736476975772272,4.548074780879739,1.0800292396464637,0.48683662507011,4.65151953894491,15.74884760069732,7.904914055861311,0.8491597398734666,4.5486123344721685,3.196682588119256,786.7575757575759,30.977778116861984,2.176767679850261,2007585.0,29776.64541476452,3.1477007269459705,1.8184611530963348
118.502220736,31.6948604422,84266,24.57780221055765,75.2632762833507,5.33860596841491,2.5462416838554374,1.7381209153553931,8.26711601211437,26.36172753055659,14.618918355752616,6.371408623948246,1.5161469405129837,16.131935770509507,3.1610066624062547,905.25,31.27916641235352,2.2625000190734865,534382.0,25075.704685038047,3.1370868965516934,-2.134228929890384
65.72138784,31.6193230286,84280,23.78066410028023,68.53743419958808,2.249995502335076,2.14363297719145,1.3646818711075617,16.78075667926856,0.0,11.014306497284528,2.523413768703561,0.8689894377032608,1011.5451834499648,1.3511923758319504,0.0,40.944443766276045,2.8222222900390626,468836.0,5903.284583521744,1.101391162029529,2.645401444976756
-106.417956879,31.7519386171,84300,18.10927424370534,83.22903963291076,12.867030798065285,4.090374500982031,1.393577776476319,73.61789943076163,0.03189026950535,11.109558950111913,2.607898926714615,2.3764401811559552,1256.0760644794336,2.711161695255354,30.913043478260867,38.353623298976736,3.034057962168818,2169596.0,26999.230750794188,-0.1534374592849374,-78.79149169586822
-8.02629979881,31.6353508487,84307,23.82746391654859,81.9497236344173,0.6077021443818805,2.170081682412297,1.042470101113324,41.66659808686242,0.07559264233384,11.479924234502828,3.035549171998003,0.4835450025550122,448.7628370977067,2.456927652967406,4.25,37.4375,3.6249999618530273,920508.0,18568.631771804263,-0.5000323985015598,-2.261971579805106
74.2613383882,31.6285582597,84314,21.11438651309088,73.74638404007904,0.8211504106095238,2.3272724323630984,1.2240472775661828,0.3478021379995299,0.40845857371164,7.800122129809749,1.860708493998351,0.5051988733159359,209.0200475105977,1.803426728670396,262.5,36.58333282470704,1.5333333587646485,519988.0,19830.377576021,0.6061476608185785,2.250895462951433
74.8699058771,31.6345356859,84315,20.20459285650392,77.5305946116403,4.776136158154188,2.612615948474623,1.4196258487278373,0.42560525749615,0.0068626786084194,7.512762250754555,1.9187086011113064,0.5635094272311134,231.0849645269076,2.1015147079524428,352.0,36.23333333333334,1.4277777608235676,1107069.0,5527.21839108493,1.6691156462586036,2.2991471098115994
117.871766269,31.6148589517,84321,22.99956121924076,71.88060919323613,4.089795181367145,1.7983482240773327,1.0048655943647682,12.985080956493588,8.7238225637042,14.604264548002856,6.890877762399871,2.8563688413010686,42.0120973807497,3.782004810881921,1044.0,31.06666717529297,2.2,119596.0,22962.882788722032,1.0974074074073918,-24.15328767066717
120.758924947,31.6517330177,84324,25.71278601587392,75.0830891131065,4.255242329080592,2.98159723156329,1.0287281061095326,6.209378070616,13.029177961053351,14.855304202335436,6.557184157305136,1.073446362207697,10.371234822365777,2.837831245244175,817.2222222222222,30.31111111111111,2.8037036810980904,494802.0,56895.92871492032,2.0392878953903733,-5.033274605684312
35.0969535717,31.5362563643,84516,20.38066518984967,78.23438313765394,13.630654363104778,1.893257299299997,2.0734239703639656,20.03407967350832,0.0,13.715405256963871,2.468911435598791,4.420949752057006,903.0759048248544,8.485468100955437,0.0,30.644444783528645,3.3444444783528646,343379.0,1638.1576683489673,-1.0058024691356875,27.57500392316615
34.4735194126,31.5214140506,84553,24.62323951901715,84.50475731943733,12.827691039470311,1.7137353267731164,1.582660637223262,3.652189014501301,24.9266943107613,12.071068744457932,1.809533357620075,0.6150691373788595,35.91896697841039,3.524845713743236,0.0,30.358333587646484,3.766666641235352,985114.0,24612.449844383504,-1.7346324786324203,3.7955815976290737
130.527726065,31.5614091923,84577,26.88066446403868,77.33862524678135,0.8264564540884706,2.409753428337104,2.379468012027488,48.403032793079646,37.32506051491862,13.216012165816284,2.827654340862184,4.360146309879597,76.35625352476434,6.689424983815793,1569.0,30.016666666666666,3.361111094156901,398104.0,36218.81004209957,4.159349193327898,-37.66197678788
120.637551565,31.481459132,84609,22.24421133109184,69.1759079109444,3.1478842043355773,2.149394712736442,1.104580104361704,1.03066998527745,6.36555911940382,15.85563659311029,7.054551028308063,0.7953058533170418,2.645953482907421,2.459266276663298,738.3333333333334,30.677778116861983,2.49999994913737,74737.0,42722.16579472016,1.7495402298850458,1.129374995852242
-97.162164133,31.5357062332,84634,15.260216220801151,73.65873621576935,10.50672647700144,3.027644512658312,2.806472073391354,26.211783190321857,8.60863277534986,7.508778869079061,3.107084787825652,1.0539142131602235,152.43718670873048,2.5297108705386187,117.8,35.633333129882814,3.479999938964844,143149.0,42819.80403635375,1.5769465329990453,9.93193900923086
121.102204279,31.4649900184,84678,25.05563880869261,73.6503205578371,4.485757886472744,2.2259538148011138,1.0440846649664917,0.89153940034434,3.9704957380116297,16.07721880574784,7.546449501138699,0.737119413949829,2.7491869273299523,2.761527252039908,750.2,30.42,2.993333374023438,177126.0,60392.270157966654,2.0011820253988617,1.5788035991655915
-100.458760569,31.4493145971,84699,14.42843979926974,77.8504308348091,12.198333146760191,2.0638708632790745,1.1734607804363586,55.78621662965119,3.29594859547784,7.231088414617661,2.300637953187793,0.7334368100630367,579.9966942620571,2.020720663268751,41.5,36.3,4.516666717529297,76576.0,52871.28882417466,1.5714727442356704,-5.82402493587972
104.714099035,31.4676959528,84716,20.77701075752978,70.87212911488862,4.643195535239362,2.8862339206233294,1.262021107134792,0.94502009521299,4.61507631368148,14.956147507517963,6.382966808689358,3.414749745435089,503.6451970759007,5.383498874141659,989.375,29.587500381469724,1.425,546762.0,16298.527304384726,2.124682940516152,-17.93912401051358
74.3303547511,31.4950267904,84826,22.67207325568662,80.77779177962955,5.211340978608871,3.4751252304069222,1.7376450210114145,1.44755052153474,0.50310155113014,9.19549819466535,2.3762258503506053,0.4744056411591581,211.1427567326104,2.0777170326580747,243.96,36.81199963378906,1.4986666687011725,7311301.0,12269.00238083483,1.5993717330307504,3.677466237066653
73.0906186309,31.4332808297,84841,21.93237859061946,81.45835791647085,11.595173172826255,2.675531365779723,1.3682250690202582,1.1654742848542798,0.19779388526243,8.887507920581848,2.556568309737557,0.4599081442615396,183.7612845921444,1.8761578171485225,156.66666666666666,37.66296284993489,1.7629629855685764,2459615.0,9482.654388186773,1.0855283154121975,2.4121842282231967
119.818605518,31.3718646673,84848,25.410968025950982,70.62557607346154,3.1585023329406168,1.9457583215765653,1.1045103190846384,8.81692480021974,13.70388411910197,17.386342408320914,7.319289154198727,1.3565137099074744,12.22277756794488,3.588905581622184,784.0,31.08888854980469,2.2333333333333334,175196.0,63493.36468869152,1.842301075268832,-4.758249056769038
118.913416312,31.349492339,84901,24.9077731413032,70.56027769266,3.4621079781041084,2.5025631844440004,2.242362414673059,0.2067742221469699,10.607110980164473,13.43098200337403,5.871382809254165,0.7806575950064064,9.608962137019546,2.626950888655285,901.0,31.450000000000003,2.25,78033.0,38516.5759614522,2.189222222222156,4.443522177065876
75.5796683593,31.3274244818,84982,18.63187176601211,84.42060050350149,0.7061758609444344,2.0675432595742964,1.531397598611013,0.6514337514699,0.0096938414948952,7.421682691284578,1.8808579755463968,0.5740143206271954,237.4472966523525,1.9693810688689213,303.625,36.0625,1.3916666221618652,701559.0,8540.407962837053,1.4109891067537887,2.219449010017314
48.6764883066,31.3124787434,84999,25.76074662216512,78.01596998324834,7.746786886067826,3.445197619090342,1.628550258836866,2.35006521847819,3.3254281449234204,12.14539305484304,2.2038359399337213,0.5041784642442806,14.814339706237387,2.126624576628956,0.0,43.84555305276268,3.4148147922092016,987644.0,37879.98806250027,0.7973905133204653,2.830464429254945
-110.945593523,31.2984535066,85013,15.81530037426341,74.61426596261902,15.099103087750668,2.118838599114822,1.7817329156925077,74.86400139710152,0.0025476322306048,12.173985478429255,2.292301439691102,4.205651085860716,1288.5511716982398,7.959677249513196,112.33333333333331,35.74444478352864,2.966666564941406,209985.0,26617.644374598185,0.0433674272226767,-26.452775498679102
118.385526834,31.3708506182,85054,24.35699410142667,72.42110843695254,5.718534949824127,3.3769456681697863,2.884085693633566,0.4837154702676,25.42819325666088,16.01310164810055,8.220622119965135,0.7832762567463976,7.117632904086322,3.2814161325038147,1050.0,31.420000610351565,2.2,845853.0,30622.51179578484,2.276510263929481,3.7558303799118216
121.019238446,31.2586769415,85094,23.69009577028881,71.83373554789785,4.97535649508634,1.8105057061334544,1.1334273806003003,0.88630298243403,3.313016413693369,14.085673811514198,5.808708193570018,0.6899028998943552,2.6942219411565893,2.5667431195079966,714.5,30.76666717529297,2.566666641235352,82703.0,35160.4200935879,2.4252991452991672,1.4197412467821633
32.2818810838,31.2455937856,85147,25.29463871568,82.91616452796914,0.3830935105772943,1.6294652062186503,1.2763926309445166,7.556619498809559,58.69694056860453,12.591345352131162,3.7324969639371584,0.3085343343300658,0.4668134244053913,2.243665867654772,0.0,31.700000000000003,3.5,566455.0,21840.28553901016,-0.1587272727272264,2.088992640254808
104.37838652,31.1167013445,85507,22.92174919082508,71.98049063242846,0.8441427204999449,2.30002273666832,1.1431089308721556,0.5776605893390501,1.80701589836081,15.934882498175728,7.565341906216405,1.911608544850944,498.6682107759644,3.467847121079536,1032.3333333333333,29.60000101725261,1.477777811686198,407834.0,17041.54274778463,2.236693659885418,-5.510674173700636
-97.7278462826,31.0974609788,85514,14.4538272441734,75.89799529443373,9.778583013058482,2.9461505161637813,1.754254868366501,54.820316760468245,0.2727359430917,7.452523096883787,2.264754953917269,1.32597643998863,262.083311629211,2.322462964487741,87.66666666666666,35.43333333333333,3.4722221883138027,155675.0,37485.449551951184,2.1145127748067694,5.441595277989279
-97.3619257757,31.0906919834,85516,15.986445081027432,71.69401002185067,9.818638430183212,1.93834318869816,1.472744406244656,21.95052386400652,0.18357951095113,7.580636549869076,3.064526909343914,1.0209936817687515,190.7839697419002,2.629835546381749,109.0,36.15555521647136,3.466666666666667,55438.0,29830.02997943649,0.4593153390388806,15.683739582065895
46.2528869778,31.0481196503,85586,28.50327524845129,81.35543204041421,5.737952917632512,1.812471799978376,1.1407158173017775,1.24942559450968,1.46361016348079,12.767229396688707,1.9668940327160909,0.4550111208342519,4.55070885234543,1.5227785226900232,0.0,43.56666564941406,3.8888889567057294,390886.0,13288.526135497306,-0.3670882740447041,1.4000526953580792
31.3817461354,31.0433058521,85610,32.86449085886986,81.90379550005973,0.4277873270702652,1.871470338907508,1.125617241515149,0.35749365728698,1.76062421514316,11.405375309831289,2.4243530579654253,0.4935009358403595,4.5075030822075925,4.066855528044709,0.0,34.08333282470704,2.566666641235352,724331.0,22947.495871362684,1.8730852713177344,4.94545665229619
29.8575794341,31.1159201192,85679,32.94961458034609,81.72813402062819,4.357162744903012,4.86149402234008,2.5827046078596174,2.94459043201223,51.53828829912547,12.780165729883338,3.76439981991143,0.3143530801696035,1.102199455260355,3.2025958938161265,0.0,30.83174583798364,3.474603140694754,4600494.0,13506.649244841965,1.6765930599368062,7.794774448473746
119.922878161,31.0021341856,85729,26.49269760411007,68.52062899285004,4.111000987738757,2.207901547358188,1.46544359569436,7.07616786664254,2.92245893754096,14.86818348370209,5.36822795131416,1.502615343545293,10.04968644613715,3.2853568843117738,748.3333333333334,31.344444783528644,2.2333333333333334,126717.0,40489.73848023549,2.4678515116722792,-3.436108235786784
103.633047246,30.9847565102,85775,31.289016826261168,73.14229753309864,4.065057586080794,1.787781637555473,1.6257531019995988,7.44687530950428,0.36598915033077,10.43623114563291,3.685384801506561,3.2308557408968475,732.7818474009756,3.5779287759311496,1229.0,29.18333282470704,1.3666667175292968,187773.0,11852.416124788975,1.962069892473096,-23.07708431696608
103.95204655,30.9704175481,85840,25.51886177371366,74.85758175666031,4.740976827192164,1.607944564792396,1.7065980620823844,0.01547592333227,0.19198510295985,15.400554454578732,6.552253256173467,0.8579950056915974,586.2746246637669,2.677820538668732,1420.0,29.6,1.4,115413.0,32886.13847660142,1.9568300653594968,-0.551517679140261
117.811731279,30.9536264578,85924,22.88921500767686,73.41639586708246,0.219002260429654,2.2791789311397097,1.0431133350828068,10.15850374835618,22.4349529926079,16.185348817999934,8.21997556429773,2.067087167727033,29.294112521413016,3.891142009764799,1055.6666666666667,31.36666666666667,2.2,312479.0,15239.817123710716,2.525318996415823,-4.622619268495598
113.92817049,30.9379783851,85949,27.77995349560364,71.51026887348384,4.480715597017355,2.508886146017658,1.0869200726085166,0.01707642180689,2.99002041379399,15.3443554846357,6.697115773902126,0.7834431715718122,27.22682056426114,2.9942426531179622,743.0,31.488889567057296,1.8888888549804688,259025.0,42307.64903387704,2.5502680652680354,1.566829432438951
121.087198424,31.2901913214,85980,23.98265072321008,74.29440794637722,5.708794634769522,7.722208300615403,2.808513961222782,2.6345161719052603,20.53770999635501,15.956814198053626,6.960983838889852,0.8724652821433764,4.914461875949702,3.038615096949676,699.8269230769228,30.80945524068978,2.704166652972881,13323229.025000058,50500.921341828674,3.239693651142886,0.2139822424310136
119.439054581,30.8951902097,86030,26.337449818945853,73.7745927757763,3.4989529887149944,2.079755147351117,1.9028831477492008,12.32007924109454,1.3394441551465,15.194056731273026,6.1910918669882085,1.3769947534790898,42.899069172298006,2.887979494347394,718.3333333333334,31.544443766276046,2.2,66651.0,18858.10700514621,2.9302756892230377,-1.375037801657733
104.253835409,30.9452228632,86056,25.373536884855408,76.02847659843106,2.565477251427642,2.6035573441761444,3.1816257457789074,0.0538806339373,0.71555547280002,14.798165478576916,5.348580858621584,0.8293944587678592,477.0775388828308,2.9410142919422584,1018.5,29.775000762939456,1.4333333206176757,249614.0,12331.621571706715,1.4286075268816454,0.2052434099347806
120.630088265,30.9052797087,86070,26.635098833919564,74.20980406226471,2.602719025283273,2.900376528896245,1.3495366466126026,1.62425432455723,14.20366538634677,13.398079555945712,4.332750886135454,0.6471776068313362,2.1176040136313428,2.433459890636991,671.6,31.193333129882816,2.400000030517578,231710.0,64185.01855336409,2.990704438600801,1.255964357789185
121.839935467,30.8816903316,86098,27.88841992469657,67.24380354054318,6.550982805106069,2.909118577043414,1.4270311960854578,0.75207675599889,5.45783485586394,13.591790342939932,4.271673895692005,0.7065283651463922,2.594751780029046,2.4531330323939,669.25,30.408333587646485,3.816666641235352,116301.0,21730.5678197092,1.3098571428572576,1.1263582494812765
75.8595794706,30.8967730536,86116,19.72837190072825,84.00272148855058,12.961867603470244,1.7170163420359272,1.3802402162403389,0.5907889206841299,0.08625836091517,9.529931175980044,2.983745159260708,0.4470980816384652,245.779110726778,2.001297446232392,274.90909090909093,36.14848494096236,1.4575757529518822,1766359.0,10600.367797825924,1.5168718370329088,2.578575489560535
120.097695295,30.8744546614,86123,25.21398165783027,70.66722043857018,4.607987265084225,2.471843421455669,1.658695103284242,6.84448719182402,7.454778417379269,16.89611879873495,7.602363813722828,1.5891893139606548,10.141156531678348,3.221321741336952,752.0,31.36666666666667,2.233333282470704,267423.0,30568.184711113103,2.0257392686805247,-4.495875580516641
120.402137628,30.8635017807,86204,27.74598363639715,75.50412813180083,3.238873870750187,1.4601906755295972,1.3510229078980374,1.40684024346316,6.38387831357325,14.252322996517371,4.474556763225119,0.7278479426541252,2.677861097734928,2.627575932518204,648.0,31.18333282470704,2.416666717529297,81457.0,47031.1066083946,2.5239742862544894,1.8537781974573924
120.933480101,30.8485775558,86254,25.81922467664536,73.62841418510381,4.292816737107939,1.579530455453089,1.7322398016938505,0.4511953966938499,2.04165622600289,15.400568985904208,6.726382002480639,0.6037668966424529,2.7076687236537125,2.719016925371002,752.75,31.14166641235352,2.758333282470703,174373.0,45200.9917303711,2.208652968036517,1.925648543601754
103.919919302,30.7917775726,86448,24.62121829474876,75.67962379500862,4.148689316135704,2.162735675485316,1.2028854123766817,0.24154735876739,0.15434943067285,18.46050962586152,10.362520980715054,0.950037286544552,544.054934919409,3.276976084747402,1140.4,29.726666870117185,1.4333333435058595,178025.0,35269.46490661424,1.892622061482939,2.364250259748701
106.083445839,30.7909954188,86476,24.31105301537178,75.90793150702599,2.953820268681046,2.603288461568189,1.2019313066132555,1.01707870084421,19.19172626649247,22.056004279739085,9.572144875071135,4.170471333874804,307.8698386744308,6.055933557990827,689.0,30.950000000000003,1.5333333587646485,462298.0,24626.53588378058,1.525638233514826,-16.521299590689978
121.321471633,30.7320312885,86605,23.955334488939688,73.2697280479074,2.888132356087166,2.3094579505948905,1.885487126591478,0.50640338107839,14.28047786423492,14.360231395600517,5.16834235044128,0.7383307989604094,2.6088084575705213,2.9493136364520494,760.6666666666666,30.844444783528644,3.5444444783528644,139378.0,55499.65377606224,1.478255718954248,2.525406570348182
120.739293675,30.7563442048,86695,24.24583113259642,70.74975376571048,5.457690900621457,3.3218544776735013,1.067492124299224,0.8718113503663499,5.44617979578646,15.960245689231275,6.15398644415167,0.7028914650684301,2.8838720476055366,2.907491894709752,695.625,31.22916679382325,2.704166679382325,413668.0,34462.47769225562,1.7934868105517126,1.811981843167107
121.004191665,30.7136241429,86697,24.87010335836321,72.27797588002328,4.218925806907385,2.0037186092965293,1.868841699824048,0.5419115950386599,3.66885584698651,16.358231752541414,7.085385423983196,0.795271428365747,3.1425721688036066,3.060992542941404,777.0,31.13333435058594,3.2666665649414064,137637.0,34633.321236295465,1.3675946275946558,1.566518393880084
111.316762804,30.7302904219,86719,22.54702917700308,67.1876053616467,4.108429467342858,3.0078357748299327,1.986620527591272,15.04592407848325,27.4374699635273,18.89200276166792,9.7668668590275,4.220429843492337,92.97302892952644,7.648708616765668,668.3333333333334,30.87777709960937,1.7555555725097656,616750.0,21104.33671990272,1.9309663865545268,-2.5870699293596005
103.833269307,30.6863139971,86781,23.13068916136127,74.0789923416869,4.461537646593887,1.8837039303697392,1.135420270159236,0.32033366483482,0.39354843454155,20.03029025385475,10.684176816395148,1.0242826850249769,535.0591278383748,3.394797992269922,1152.75,29.858333587646484,1.4416666793823243,212763.0,26369.617301880506,1.528883572567736,-0.4282863476659031
-88.0590668025,30.6836696058,86796,19.51060603965031,67.8324840128107,11.01497743763983,2.1053501948971665,1.4119909879328645,15.80521861567268,21.09413284168818,10.390798160621712,3.692546383109802,1.0022171272789158,5.282602690194618,2.805418346896412,760.0,33.050000000000004,3.0500000000000003,42876.0,41533.65185651647,1.2513888888889255,2.360320003034849
76.7800021124,30.6995630971,86812,18.79006476825127,72.41472765734049,1.366888429670995,3.0261014170002163,1.5044798796826455,19.661695029564,1.26541172375392,11.105352894718235,2.886059498805841,1.1192691724828188,329.555244672684,2.5966714008030545,578.7777777777777,35.707407294379344,1.481481475830078,1384448.0,14254.561806582837,1.2016034320288895,-3.419807951832865
73.0983850358,30.6664625905,86846,16.21811788677666,71.9073731338432,1.2048887644075494,1.9322599883008464,1.0129271104586597,0.91302061060984,0.04257738834566,7.379066241651864,2.080717731052983,0.4106026104914923,169.15498689463686,1.793530319644831,107.5,38.48333435058594,1.85,317431.0,6425.036058229978,0.8736744639376184,2.2267475764498386
103.694424436,30.6200220542,86970,29.14193007460934,81.26198199965157,1.2696884077034094,1.834479907832508,1.3882189793605066,0.16471158033056,2.5986747022054,15.651312798549863,5.602927730829963,0.9647678094927772,522.4619421576479,2.854603575065197,1229.0,29.966665649414065,1.3833333587646484,90405.0,35208.98592998174,2.5541650422352404,4.57663636809059
120.548954907,30.6255815009,86977,24.52866037233913,79.16150318042354,4.608787245423689,1.484905344591133,1.2686127329261347,0.32593220324455,2.04136560378815,14.992350778927426,4.662085773643429,0.8833941057235734,3.883700560943882,3.082257758731733,665.0,31.26666666666667,2.833333333333333,135089.0,48380.26867472554,2.3872624912033302,1.964939707256193
-96.327793032,30.6204825179,87111,14.45691498817766,73.18359534107735,9.303251604366825,2.659610379977836,2.569281897530092,28.271909571708026,0.45432300647323,8.985149008101297,2.5754009725635645,1.0774234908896108,93.97537956995764,2.4212098468205654,229.5,35.58333282470704,3.083333282470704,174992.0,33590.931151138335,2.0716918480580446,3.048218424270459
119.976340469,30.5472112365,87194,26.23222453512756,71.16798880687011,3.634422260821193,1.533194204626593,1.1252203670002403,31.30770140374763,3.05084636079272,15.538487445442284,6.421043372485811,3.213904000015236,28.82625997341619,3.7038391185217288,643.0,31.68333282470704,2.35,79855.0,38234.81545300858,2.2581733821733074,-21.05337500343152
117.052883992,30.5384369942,87224,25.21269757851748,74.9830583886802,4.20898398121632,2.345561984431145,1.8596549286846584,0.57519565137179,26.1991965667664,15.340406539065228,7.86329846630867,0.9855902261285548,15.59672771594785,3.535145479933162,920.6666666666666,31.588889567057294,2.188888905843099,412117.0,14698.680168495835,3.584343885281271,7.288068168271991
104.21671685,30.5509819426,87243,27.70805291228422,69.60115577883772,3.675617489297625,2.5333076753979,1.0113273217814411,3.65029993373771,0.7011750758170401,18.08509136659886,9.336066636359082,2.301196584741956,521.438297772058,3.5410770399735525,808.6,29.88666687011719,1.619999969482422,190706.0,33355.584826906335,2.8002020202019366,-10.979028015933125
114.217724355,30.599334414,87248,26.09796902298646,71.5387902311263,5.708663661945628,3.851127560559444,1.6051231838091498,0.0166760407503,27.660062057666863,21.439335589552805,11.48213725313133,0.8788093159222969,20.985226131875475,3.658368316874954,961.0769230769232,31.758974280724164,1.841025648850661,2873773.0,27358.334575486668,2.5992868347338494,4.92223102212872
104.063303718,30.6729852805,87363,22.62487782607082,74.7787106938445,4.782763779352459,5.197243543523135,1.6953548738300916,0.18096433607652,0.73298611064245,19.10359452418825,9.709379585480558,1.2549240349537838,503.2253916213766,3.41485732935399,928.2666666666668,29.776296251085075,1.532592583550347,6494436.0,17002.096915883074,2.570775240124931,-3.824089737684744
120.687384691,30.5154350093,87402,24.23841795857496,71.76467412941092,3.0386092167564223,2.1040834637644217,1.3419545044666308,0.99432723357401,2.95559320834631,15.321896873054126,5.650865155242933,0.7721348783365286,4.120074850870954,2.95088876121366,678.0,31.33333358764649,3.2500000762939454,186660.0,26808.51101467909,2.233115384615303,1.7870972313712068
47.7940602301,30.5169098553,87414,34.50435419671163,83.5570414371432,3.635086209812495,2.2132376607505884,2.1084896705899085,1.08281041132747,11.355132866180211,12.934631748644158,2.002565460410934,0.3902858051629481,1.7344112525146538,1.5145333232921314,0.0,43.63333384195964,3.488888905843099,753677.0,25580.420140192666,4.794806847097107,2.171738112008194
114.11306667,30.4662106041,87510,31.56672770768804,68.83697713011607,4.629945104603278,3.147915619639248,3.076331296614813,0.0095082985044193,22.34219161601052,15.29382381994454,7.094302777146397,0.9107010407234558,24.547233026682964,3.2140850902844864,968.3333333333334,31.85555521647136,1.8555555725097657,169812.0,21923.604356582564,2.350350434538768,6.119966630297117
114.380073542,30.5394941656,87570,24.688572799046028,69.92345248982818,5.403104134918838,4.619427897493999,1.3059388646524783,1.22357585329814,41.05262966498215,19.8417347815467,10.21214711555308,1.053502936288241,24.48132352872248,3.839539287253008,981.388888888889,31.874073961046005,1.857407387627496,2720082.0,26151.932597252588,2.6397116778699683,5.493572671663262
-86.6394266989,30.4277881458,87586,16.17400270203683,70.89677743878781,9.832107338088116,2.3668001922262207,1.529818724149038,24.55372774825166,36.642252427276,7.404470630927853,1.7722461456700171,0.952601754113267,8.452913628361863,2.949105321524795,652.0,32.055555216471355,3.255555623372396,54875.0,33742.19958086561,2.778066666666632,1.3492877708161046
-87.2309647641,30.4551339199,87662,14.57204990369646,68.78817821614227,11.657246026067783,3.581451577832682,1.4127197768353577,18.0506299488138,55.68231176692014,7.990957477723778,2.055665545022212,0.8771955990346397,10.351435230938888,3.566325567019764,741.2857142857143,32.30000043596541,3.2666666085379465,145466.0,41129.43763491123,1.381573067182842,13.410963873142352
55.9883556211,30.4011280605,87734,19.84208102184688,78.57919433710954,0.5286220792399209,2.001008229514869,1.092333423602258,3.15199346215776,0.0,8.443351458776288,2.4368596588117515,0.3085343343300658,1519.3883789501342,1.3393118060458309,0.0,39.11666564941407,3.466666717529297,102211.0,15236.587989551026,-1.1780158730159656,-1.7849577157398926
-91.1006233296,30.4422206377,87751,19.02144485068956,71.08896759631938,9.511417414893424,3.8426168922463626,1.48440823358465,23.32747365455386,11.26173463357917,9.639082353232494,2.2677092834210093,1.9828833422411605,15.681571365821386,3.48302108994815,546.3333333333333,33.513333536783854,2.25333334350586,283913.0,65853.7114609053,3.2235662878789,0.0063925687626031
113.439349644,30.3644900851,87864,26.59806928634818,71.97612113916382,3.600407791901484,1.7266085966364535,1.2011338910624911,0.01114237301314,7.95377558089582,15.759559339483994,7.686852463644048,1.02688677474972,26.43802088523624,3.031378615935413,746.6666666666666,31.344444783528644,1.7333333333333334,208607.0,17078.815121256717,1.970738626535248,2.863886829048017
48.2778819097,30.3534976073,87892,26.495004922624787,76.93909888453028,1.6927066100131218,2.4045203951796914,2.4551862185129654,0.6006573508838801,11.97088023019203,11.330216263702274,2.483189750613897,0.5000631783395248,2.2658703348596343,1.4151876077177243,0.0,43.84555305276268,3.516666717529297,208373.0,17882.615684373697,3.054337194337222,1.2885785158435548
76.8119709369,30.3622191907,87898,17.35568826979755,74.28535781027045,1.2749612481514412,2.742282329491196,1.8107035041109605,4.137950754644431,0.27970974756496,8.28100130462085,1.9230819183306955,0.6401103170858978,272.6994757716465,1.823126859861694,462.5,35.666665649414064,1.5,261258.0,16766.086665288716,0.8321839080459768,0.0283248593099756
-9.5368879418,30.3793279744,87914,23.91614274284731,78.52003956500485,0.3878038651955195,2.690913526462767,1.9410776198076336,51.08583805407228,9.29205517255678,9.569396416782457,1.953376633085792,1.735806667615731,64.85216463699636,2.9120426302408324,0.0,28.81333312988281,4.519999938964844,808248.0,8712.744278983677,-1.5889433400112694,-22.107984859612337
76.3982375649,30.3443658497,87950,17.202000941589578,76.58554191812735,1.261965302346776,1.847787121830948,1.2303837303086491,4.18013103769461,0.03312641233809,8.063246748104884,1.9792313833825,0.6008332586539692,252.59453319765376,2.045712165850825,348.3333333333333,35.92222290039063,1.4333333333333331,371262.0,14374.796523748724,1.4795981890210363,1.0076266804518357
-81.4705420824,30.3083259128,88079,16.76219219104161,67.03645774535147,8.073804687835544,2.3907579413506657,1.8327752530765744,24.02929937852816,8.3834224120704,7.044711138712691,1.615946609341251,1.4302670736712069,10.14060852763423,3.139288704029448,554.5,32.65,3.183333282470703,55607.0,74721.04346575071,1.5843827160493902,0.3527149735746988
78.0357273825,30.3045509411,88089,23.95907217405237,72.05183911036038,1.0558222930583296,2.1397658785252167,1.1453693186411038,68.87175058330473,0.0005426387667774,10.403157115835764,1.875624271908165,2.505199870599818,670.3084777924935,2.8852089781685906,1015.0,31.8,1.35,559488.0,11808.08865248227,2.1626839826839728,-26.25013396911777
109.482175252,30.3042383406,88093,23.03496801575006,65.25084405057567,0.7640872403106379,2.187310126948419,1.9634902605263005,26.251358534408947,0.88467814287241,20.86666432593556,9.669946006254538,6.308762916396757,463.8160195923401,9.631733002889428,949.5,31.11666717529297,1.6833333587646484,207091.0,22159.65311867729,1.8568253968254,-11.404801613102734
112.247679687,30.3285939623,88117,24.37148395643437,68.46638626074899,4.239342299607727,3.03319135307863,2.263294374723157,0.01623961392631,12.509594717470229,15.4063782325222,9.380462528796532,0.7005363920332393,31.39318141198079,2.685077692932295,585.0,30.73333282470704,1.6083333206176758,467504.0,18737.14431320373,2.423343527013291,1.2917226583672845
57.062558899,30.2786149665,88141,24.17480488793192,84.82015125073676,0.3756788770972478,2.2022390453320795,2.007545100122234,7.153032874220109,0.0,9.746482522501422,3.441533182448413,0.914333241811201,1769.6992964757817,1.8749879126290423,1.0,36.833333333333336,3.344444478352865,534233.0,10436.066603897543,-2.265823337913561,-6.971564891672642
121.253995087,30.2995725695,88155,26.18413875345709,68.90795821455714,3.032436009284168,3.635491746728533,1.5444734722562583,0.34642535790591,4.898985369999529,13.111705245989146,4.266411370691813,0.5402370372517541,3.7513784191942383,2.1183248001949644,740.1666666666667,31.22222188313802,3.5444444274902343,150218.0,12715.444001384656,1.354674329501904,1.09405754578278
-89.7651993183,30.2743740827,88187,17.455863053941968,66.69088537793205,9.462658425636764,2.804145948184597,1.5489228226916631,27.30701435274774,7.220544684217869,7.944837203359496,1.7781688734522365,1.309518555596958,5.096961014125776,2.536411510579259,669.5,32.96666717529297,2.7,38220.0,54381.36726844584,2.240793650793705,-0.1277246000938561
120.212834436,30.3416852694,88233,24.00671195429445,73.1471719450729,5.474719465916054,4.478456603330096,1.8542843243397376,8.786844819068081,17.39971637436891,17.473522463207072,8.169652011786148,1.6372112409078798,13.74251374298923,3.3954948988605382,637.9615384615383,31.748717674842243,2.4051281973031853,3258568.0,21402.826444622304,1.5081039910726304,-5.652753666078372
-93.3143837022,30.2290337584,88344,16.76681245900518,73.1164917131066,5.99922107282953,2.8728461034826123,1.2176583190551185,22.13271973075777,20.06017695843894,9.806328223987862,4.401359816678905,1.118342170031164,5.563846634615586,2.8215682662600696,465.5,33.56666641235352,2.8833333587646486,30564.0,49729.494634210176,1.911736722059292,0.6662737201433844
-81.3942625193,30.2645627489,88373,16.50788986185957,71.8723542282175,10.61292269782064,2.3493187276491496,5.034964796021672,12.41138505773794,41.38303328601399,7.752467646370075,2.570966077364343,0.8462899509408708,2.7009627193126096,3.0481147903707693,563.0,32.722222900390626,3.5,61947.0,61373.33173519295,0.96363773584892,3.0085943957570067
-93.2116124214,30.2021660325,88391,15.97191943421464,75.62722856208804,10.914524630624165,1.9893296280167327,2.0186211254277384,14.79924381107304,20.28333580027159,7.652731846394468,2.374070482778768,0.7898847894454922,4.042134317746614,2.6656645280725164,467.25,33.57500076293945,2.9166665649414063,77391.0,51800.60351978913,2.4363562753036945,1.9547373354660185
-97.7367212952,30.3844360168,88412,18.4958176037655,73.26312388233197,9.209135052988586,5.071429843861831,1.635355413775738,48.3965524081435,1.51245117954046,8.154917926543424,3.6552454591705823,1.8060768932261664,229.04343118395303,3.061208975317757,126.09375,36.00833320617675,3.367708292007447,1205632.0,78124.4174092923,2.021950077231736,0.7820631767062878
-92.0332527087,30.1966359528,88418,17.35718878982487,69.79570128897473,9.817991290811602,2.893915357217001,1.1248808056730508,16.95709881026627,1.09022944524212,7.993312342842764,1.8251224266317785,1.376741084626819,10.843168140321756,2.964935259762432,516.6,33.63333374023438,2.706666687011719,133101.0,35468.28755606643,2.592051155927152,0.7777906364563965
-81.6419132187,30.2900555796,88422,17.28731982487203,71.58689809909941,11.201499842972549,4.661857988706088,1.0147742102680934,30.350412331966343,30.812924701304528,8.323668662355082,2.802251649845961,1.483867362781763,9.677139679051898,3.7075686971853097,571.75,32.868333435058595,2.66,444492.0,53177.76610602664,2.476425633668047,1.536474887544264
66.9964137773,30.1904004056,88428,20.94175588710957,71.30775751285118,0.6598792705739758,1.9810575807050768,1.4906489570076673,35.70704711096224,0.0,7.520165509562062,2.601941044491888,3.8687567210734,1757.332358383063,2.202889271235911,62.0,35.055555216471355,2.3000000000000003,1070601.0,1840.5302526338016,-0.4048988332594945,-74.01933981955949
-85.6435248674,30.1824457826,88470,14.6584364219991,68.72164654122392,9.879538174196048,2.9284971695529025,1.354662963457654,15.55854253850427,52.310536730794965,6.904454401222255,1.864807506549298,0.7231083054395395,4.776954372707827,3.64397611296817,635.4,32.68666625976563,3.299999938964844,82932.0,58881.6304201032,1.3281254331254786,5.284156501386853
-81.7459921652,30.1695195659,88492,17.004158095980202,73.08835935825925,9.154273655743166,2.2704070121715554,1.6383247344235297,34.394631048406325,13.37884070068112,7.976286469646457,1.607054123695986,1.8817965026642305,10.725806975758289,3.439931844623737,598.0,32.916665649414064,2.35,53337.0,58776.98306991395,1.653908496732072,4.272326471151457
71.4742537124,30.1925281007,88504,18.30155418956279,78.80115171943322,1.917378701854721,2.4712529114241675,1.6303482809713217,1.54568168161829,0.0394854240318,8.540302040394181,2.5285599897885875,0.638169624543784,123.94886696203146,1.7001374795948665,128.70000000000002,40.11000030517579,1.9433333129882813,2395705.0,3899.338903996944,2.4105508786369114,1.053038437552786
77.2867596318,30.1419485458,88538,19.5436112197971,77.05012945525279,1.4527609744017171,1.7728155976788502,1.2780336812429436,1.53675536126049,0.46986288071706,9.155313007116458,2.1857595065831834,0.667264514365972,277.5985361473976,2.026558403679921,658.5,35.233332824707034,1.483333282470703,350637.0,15582.585001012443,1.0418333333333862,2.357032486686194
121.260254163,30.1794420963,88597,26.69986671547557,78.5028780100304,3.638486226644157,4.881257932273936,2.8885685942037225,4.50484990141618,1.89070824154649,14.026612659746462,4.430353907506299,1.1164389772035506,7.757625649607492,2.4439277154702963,741.2352941176471,31.354902020622703,3.09411766501034,888678.0,37635.92874584496,2.529485626508688,-2.003166498182421
104.636340137,30.1148682138,88636,25.37195728761722,71.9327101220738,1.5591606859612352,2.5356850489107123,1.2465955638534716,1.61666750744085,5.61604869764079,21.639643212297056,10.629801325227357,4.561482963929191,390.7228374881578,6.821623652677471,682.5,30.700000000000003,1.55,138539.0,31244.469809945207,1.0735950854701208,-11.351841105903477
114.967239819,30.1288876596,88638,27.79611362725833,70.64913673847443,2.471205127963015,2.529464438050294,1.523741386873713,0.97717879543434,9.347667917918349,15.22693847131764,6.598114001879499,1.989940106986156,33.147502131833924,3.948174133957556,900.6666666666666,32.511111450195315,2.033333282470703,135757.0,14874.129068850962,1.7457842457841934,-3.1535007728468187
-94.1290503982,30.079445635,88732,18.19847396930987,73.90950845159257,10.784145725926995,2.223124526492433,1.551000986423623,23.8937543088024,4.41014215020841,8.576884403230927,2.73697286535505,0.8865318738137266,7.264463370498913,2.5039178738366004,429.4,34.113333740234374,3.139999938964844,94656.0,58505.346401707226,3.0469233091787373,0.9899936702393122
120.395554592,30.1782313966,88747,25.33470110790665,70.86510389952517,3.697904119023263,5.538706364266703,1.4853339934630638,16.19696706482519,17.866974016014108,14.741218542654767,6.249450134366798,2.2780264911629984,19.461893625509305,3.0659322930954342,663.4642857142858,31.757142857142856,2.690476194109235,1547596.0,22637.67503146814,2.114922696675137,-11.262139276922092
103.835724702,30.0614023308,88790,23.03767504774357,71.94485065188708,3.7551384782061072,2.239418521834945,1.7021123778582563,0.3665364512795,4.87216638758065,17.30098545814039,7.803331228733175,1.1537470893019586,414.94117609757393,3.1101901727066106,1009.5,30.666665649414064,1.3833333587646484,128192.0,39170.450675549175,0.9288102564103156,0.4893219512268842
-95.5005395085,30.0514103008,88807,17.77586658964225,67.191081551277,8.222487713220909,3.592937042542145,3.044423735287695,36.99089827698351,1.21448676693044,10.495804563119211,1.717430354775184,1.840494173042941,41.421234374749766,2.882282630668496,297.57142857142856,34.690476335798,2.9000000435965405,178607.0,91201.80958753022,2.394834573277649,0.1243368582346491
31.28932216,30.1010415322,88836,24.82285765830104,81.45167878967831,6.566901867243304,5.438538319062899,1.7185236357583746,20.46379954710437,2.23499377989957,11.796774926459143,4.202104191155454,1.0072723490927362,52.63453852363367,3.7478288878380495,0.0,36.21162769406342,2.758139520689499,13323229.025000058,13414.710173121835,2.4777440194846463,30.299326864387304
120.84961775,30.0405346009,88853,25.52042419744416,71.64600071145618,5.934058401142391,2.56116064647296,1.39274582721857,4.39169660446855,3.88242878347238,13.618027293453787,5.857934254209077,1.0126512535806045,8.241679736525985,2.865191583039613,722.5,31.666665649414064,3.0500000000000003,182613.0,23884.66709927552,2.075978428351334,-0.6127594304935569
121.150229147,30.0505245494,88855,25.37607332211847,74.0282936056744,4.714971525066379,2.659975704439095,1.1544735965449635,26.55180676944951,2.78710814295184,13.831396141815183,5.13668709549862,3.510378931103129,28.839415528116707,3.44093225833768,716.8,31.61999938964844,2.686666687011719,311486.0,37568.5662597998,2.731287096245296,-22.082998695509342
-95.1756060372,29.989357445,88940,19.648637573269788,69.67311885602851,8.589628399854522,1.5015569163748597,1.3841417536221057,20.37560587436431,42.645182982474886,10.862593810960236,1.4768888018448725,1.1430311517975895,17.390605885064545,3.0328927580656364,367.0,33.95,3.383333435058594,51654.0,80469.54096488171,3.1987126436782773,5.33576897012464
-93.9828899362,29.9715848936,89003,16.84662001356201,69.60609753650057,8.576393197051098,1.7312758069750478,1.2548810536643062,21.12257231485034,7.9216459726568,8.041994468606447,3.421028549593716,0.6913851272042761,3.16976865446517,2.0209257649147703,468.3333333333333,33.63333333333333,3.422222290039062,38438.0,60376.99620167544,2.489325980392209,1.7638490371177604
120.598513527,30.0390015509,89018,25.466793443181267,71.7126480523286,4.957716116703383,2.596168613700128,2.35124597568476,7.764923644395851,18.52892425340889,14.408296839311804,5.600122753032182,1.5078976294627389,11.175619384242864,3.3031947200267235,700.75,31.950000000000003,2.9041666793823246,523627.0,25428.183319423937,1.9919390840617552,-3.0047256165278515
77.5470669016,29.9629070506,89036,20.71866670192976,79.45245962815635,1.0319315807186331,1.9449629923212584,1.149309243057823,1.93413421943698,0.02039139727543,9.91289508620135,2.395131987151386,0.7805408369330317,275.56377921153194,2.010884069775285,681.0,35.333334350585936,1.45,515482.0,6022.257750998096,1.447657407407462,1.21189017979583
121.836347489,29.9040028863,89188,25.77807923785615,78.99389099829949,5.282796496171325,2.1468736918519524,1.5811384425227133,34.9142841826596,23.29744981314087,14.796142601297673,6.27661708503613,4.313332302025297,44.787893024494096,3.366663136226405,632.8333333333333,30.96111094156901,3.216666615804036,302154.0,37870.53833806601,3.821061191626427,-39.27692031184942
-93.9341070929,29.9045074832,89210,16.96647840147842,71.89280101016932,8.940086485512774,2.413489943081168,2.6261121939094845,17.71335795993604,25.46657703658148,8.506537966653008,4.64852842011895,0.5059317036277123,1.4309353675527472,2.127155724517306,487.6,33.38,3.706666687011719,37957.0,76381.4325947783,1.757916666666688,1.1595944036317811
115.565053033,29.8639782975,89222,26.69035705539401,69.7482670050507,0.9127188237667636,1.4894658813931323,1.91233292813547,0.7686275224096,28.89843345745441,13.455680831244706,6.53117133382336,0.913716645158838,17.50318132828168,2.3773656976274347,658.0,32.766665649414065,1.966666717529297,118749.0,20744.097129238984,3.0298528138528127,1.0746588148278384
-90.1001208429,29.9600815803,89273,19.89893228682737,81.43682952466209,13.141802531587745,3.852050357790083,1.4046873549533063,15.47110745344168,37.75581977792563,9.654189519079248,3.6739734000550457,0.5635598510385177,1.4707621632366596,1.9382041172313609,682.3809523809523,33.082539585658495,2.820634954543341,787571.0,49939.19773074429,5.199924741804072,-0.2452738324484575
114.299909222,29.861266899,89313,25.906449297389926,70.23995685032254,1.6177024013385115,2.53287888708344,1.05673752629128,25.86401412515786,2.57388179538444,16.54382503117642,6.843650466461936,2.93482939785587,47.75827671494473,4.93668424705041,739.75,32.550000000000004,1.908333320617676,202961.0,16290.65786037712,3.0629058853372726,-6.051594580791466
121.582189836,29.8863551726,89368,23.54151067531386,75.58289826236685,6.863328914597783,4.049344235332776,1.1561242081681944,8.80521564551394,9.10641171782278,16.105512147054537,7.183270092238001,1.5547893475750638,11.032729584581586,3.0576282125209104,626.7222222222222,31.50185190836589,2.8574073876274952,1914879.0,32647.88503085576,2.501627865058822,-5.781492735745328
-94.9887249382,29.7494442245,89523,19.75365980971241,71.12410501860927,8.81325883520026,2.164423367578175,1.1117429607224814,16.41403822971725,32.18243422761173,9.788501681023982,3.400871849701782,0.738305063654584,4.835111346568414,2.1462073392812475,365.0,33.65,4.05,44316.0,91702.4440608358,1.893313981615904,2.9563092837371414
120.212073494,29.7194232587,89631,26.89822229173618,74.12095431123883,4.474370392302491,3.0580734584774816,1.511459073016561,19.10279722561073,3.08763153326621,14.844042953465856,5.834746521301156,3.008290317014378,37.16710916201311,3.928904667938093,707.0,32.333332316080735,2.2444444783528645,263931.0,30461.299097112504,2.4347342995167764,-18.19121374634696
-98.1214064326,29.6969558201,89651,16.03485397391953,70.45519926305967,9.119917346563776,2.5690264878335136,1.280333049050141,36.35664397787425,0.92236519697417,7.18878207800139,2.2878633937254738,1.2981667094262914,213.6357585949892,2.796993216930522,157.0,35.96666666666667,3.4111111450195315,48292.0,32491.984365940523,0.3936945304437245,-5.579945108981804
76.9967912058,29.6864409245,89658,20.38623100958325,81.3869959602235,0.8560543971837556,1.5204591214922278,1.5123012327786205,0.08338678576592,0.08903508854507,8.466643234395574,2.051174184589908,0.5484565410057914,246.0937171292512,1.7927827406001018,403.3333333333333,35.477778116861984,1.4444444274902344,226397.0,13249.142091105445,1.4676168929110531,1.4560662242038802
115.965124161,29.6970199854,89679,24.16806212109195,75.11416210738125,5.962861572096956,2.8374782156313687,1.6281427821317522,11.24897745964182,49.84740986510222,17.832961175240392,9.971357242427889,1.4734254573350585,32.59449680998637,4.200050240421285,542.3333333333333,32.76666717529297,2.0777777608235675,357795.0,16758.13061669391,3.6692459639126014,3.1248863186075653
91.1142893667,29.6615389082,89692,5.76044412866831,72.04637500759992,4.175987243938592,2.182942008244212,2.219934717664184,2.49624349045799,3.9989985792721496,5.096872632302495,2.7305897914322927,5.494897732691896,2607.178197466865,2.7892297930772587,380.0,21.13333282470704,2.2,254633.0,11481.42978325669,1.994490381854689,-59.74175326398517
106.760869,29.646245186,89771,34.44698595793717,70.17561218568731,2.0832910563966704,2.663933661382752,1.4122412171538254,5.01116258330155,11.1299261855586,20.34427485725667,10.705261150078684,5.533791637141694,251.9976845215204,7.965792540399037,473.0,31.61111145019532,1.5444444783528648,55600.0,12576.078669064746,2.851224242424223,2.3537020041272285
-90.7283465039,29.5971929171,89851,15.82088308641012,71.70639581721015,10.051334907594343,2.101928133991386,1.557941570889048,20.34023781323458,5.14054898333797,7.689086840445414,3.284957672727556,1.0154782646189886,2.9662392600948424,2.308418457325641,655.0,33.0,2.833333282470704,47807.0,48946.994791557714,2.783724137931017,0.4440271712793882
105.047004675,29.5933257511,89859,24.0347172210393,71.34413598563364,1.9701462589719256,1.873084421501256,1.878326203683988,0.15252317390926,4.61940732449496,21.314689234297774,9.59495285498622,4.035412773221746,331.691553710573,7.6610413121168515,727.0,30.844444783528644,1.4666666666666666,294317.0,13025.888752603483,1.693150934792527,1.6565226426414483
106.324942534,29.6014464784,89887,23.07587814334165,63.9384714207127,3.618344781885413,2.7884249539058548,1.2446731688934018,5.23458145624981,1.0981440067243,22.850185381641253,12.672647964116509,3.4056402422040297,310.1173030974359,4.723720028864815,474.0,31.433334350585938,1.566666717529297,73390.0,34891.95339964573,1.497194223401209,-15.403366582004708
52.5239110113,29.6069745724,89913,23.654319721162807,83.41373432046394,15.787658188098824,2.420932347559164,1.9732859487661405,66.21693615540477,0.0,14.49723694830898,5.000092204880973,4.797919963457115,1671.173453073354,2.8927267990086287,0.625,39.43333358764649,3.0291666412353515,1454384.0,5932.255312214653,-0.8886901913874681,-119.44652576853514
-95.1214409526,29.5650531925,89966,19.09008115409302,70.36625656962644,8.945090299568916,1.8646851718029125,1.2820121172261136,18.4796012291157,13.05711273062172,8.781791815263038,2.171930513489816,0.7908683007348358,6.05791899238444,2.361727490850261,404.6666666666667,33.56666564941406,3.7666665649414064,79343.0,71802.35028925049,2.3445822102426064,2.102234078758995
-95.4658786808,29.7656220853,89989,20.60428951562617,75.80885685922709,9.547821296061674,7.722208300615403,1.27840703347148,24.273935325408345,7.94675382530879,10.859638865632972,3.018324698273516,0.9640689117215968,27.20713782041201,2.3920951730146616,343.4957264957265,34.286894473866504,3.167806294759113,4095862.0,69328.78200144433,4.320713155561919,-3.559645975964284
-81.2275929514,29.5574144571,90010,14.80506879034745,64.58533402021287,10.61067591173764,2.245363417351723,1.586697263642874,47.35343066123362,1.5984956654819,5.9894214389076526,1.2650945072027402,1.4527155367984308,10.24489894918739,2.9427685687806435,561.5,32.73333435058594,3.316666564941406,35528.0,55629.289208511625,1.5159295078443051,-1.2401252952232156
120.849630725,29.5476181486,90059,25.75965437720304,75.62478428207852,5.718080532617876,2.950498523831167,2.161807717989983,25.39245053303358,2.41487124066352,14.356911989616918,5.351464183971056,4.245361362950052,80.38062529439556,5.003207741226717,660.0,32.4,2.2333333587646487,230349.0,34336.1142440384,2.440967741935367,-42.97786070027655
-95.0768540291,29.5067323359,90159,18.74076758990351,67.59209966891166,7.969447384335071,3.5417598866362034,1.7881451594969735,18.046787413504408,30.63470366366971,8.684904012873913,2.5708292370935144,0.7606898670986683,3.889291067863108,1.8981932160729584,401.25,33.28333282470703,3.933333435058594,85515.0,82047.33030462489,1.9176378600822657,2.138291879161086
106.524871806,29.5945017236,90249,22.76446727147721,71.86804879130408,4.926452086643992,4.683840344426431,3.223601359219108,9.7972041492345,10.60122041510193,22.850185381641253,13.668412234625633,5.422552602550825,320.8439067594739,8.233080422144978,463.1818181818182,31.71060596812856,1.5727272727272732,3623871.0,22759.883964964512,1.977907981031024,-12.772881591578994
-94.9209978195,29.3842779358,90329,18.98591317330714,84.30803398335563,7.933538858173129,1.5298422473858568,1.155765942665806,7.451749695621861,36.78886521942918,10.329058025858998,5.540013017736998,0.4392942970983717,1.071956286735234,1.8512249861036585,380.5,32.78333435058594,4.4,24147.135,85163.67965775209,2.2774458874458787,1.680586652676408
71.6835340598,29.3903220627,90349,17.8932098077189,76.48990014671647,1.8967906852326792,1.7311906480474852,1.2235948359017177,6.91975409530287,0.08531619604189,7.026070744987079,1.828348325652328,0.4897055898870887,117.0893934897157,1.7041589022779808,39.66666666666666,40.01111145019532,1.977777811686198,735086.0,4117.304299088814,1.1024217406261414,1.2151374391645362
113.140628412,29.3872295432,90357,25.84321825111427,75.05995663139161,4.587269158472313,2.194994070274205,1.155615830406534,2.28520150603617,51.38859240284156,17.88712816429959,8.162647020197083,1.2595391243605856,30.23579416305716,5.092492274527724,483.0,31.200000000000003,1.8,502709.0,15713.803540418014,3.5088269100744505,13.09878100224184
76.9752427587,29.3924114506,90388,21.12926394747873,83.80813663206521,1.2228053820783122,1.89445294037906,2.0225026079554604,0.09515259188073,0.30218411903592,9.677986717725943,2.5390730915973045,0.5095454121028292,234.05867339566785,1.9073772297934983,364.3333333333333,35.68888854980469,1.4222222391764323,491165.0,15036.1623283418,1.135995723068504,1.8255954912857533
-98.5133880512,29.4928071306,90396,18.58403049546047,74.47616569847122,10.384660239910556,6.389302139265112,1.1367619898461945,51.78165451644036,0.40880721778337,7.055218945657666,2.860248569268392,1.3590961969541298,261.73882086601867,2.651848616051195,135.77083333333331,35.84652760823567,3.4243055470784505,1531694.0,57764.238405321164,2.4673042915277392,-15.35058963878828
105.914865446,29.3551967609,90409,23.01789831870747,70.56967712306067,2.3699743219179243,2.103601823028322,1.20128021247737,5.4749758682987695,1.07423850697947,22.6329768911652,10.620082560659624,4.355143019211112,351.94060005892425,6.32681279101475,503.5,31.200000000000003,1.5,120787.0,73621.35433448963,0.9767619047619291,-31.18164133721234
104.766965605,29.3313336195,90450,24.15058226143968,67.23597880796706,2.270185316805392,2.7694914293652246,1.7009507777737802,0.10907538848227,1.43799234016991,20.447944472829946,9.531317939576192,4.596833095031466,337.3811821624876,8.150848159254254,637.5,31.01666641235352,1.3916666793823242,289191.0,9394.815198259976,1.2700974025973435,-7.99331059857144
-100.964349728,29.3212354525,90458,15.28783266791234,78.11766479116527,15.036308841999064,1.6799600248473652,1.8189325596626047,59.62724373207647,1.12849659294351,7.882226323329409,2.183507149037923,1.1602239578130416,299.5999002837368,2.631899208787219,37.0,37.5,3.566666564941406,145990.0,26508.379375299686,0.1271666666667101,-4.726439445147264
120.067717681,29.3207744749,90533,25.86590206407915,79.07220335533324,7.424838402975213,2.696699738497744,1.0119504592924946,12.25412022813514,3.05927825583768,15.844050117055682,5.262088676777319,2.5838939992627483,89.62145343931708,4.003890105731624,647.5,32.838889058430986,1.8055555470784503,576579.0,24943.3365852728,2.2191100478468755,-15.738252822770235
117.205795505,29.2924066238,90550,24.88525669763887,77.57539289635486,3.2013971120924087,2.232886363402937,2.681059643994572,44.74064787106049,4.6826099291883,13.940553914942193,8.306133986045944,5.7892575538429,71.4982820028413,5.217679392471057,588.0,33.13333282470703,2.1333333587646486,368841.0,8736.8954156398,2.525971291865972,-26.892148593586903
120.212611209,29.2928037737,90552,25.456707447587178,78.33157588618124,5.590258622327744,2.557942919325881,1.8448650826569768,24.92641095251926,1.98399119779095,14.730888786000513,4.707666372767859,3.763664145826368,128.9218707112915,3.923955935386517,642.0,32.688889567057295,1.8999999491373696,224717.0,34201.49433732205,2.534034467521053,-43.620388439777685
75.7350651607,29.1418468809,90808,17.716625274863272,78.78735942845871,0.6988810797716828,2.429427862907199,1.294772587113457,0.21337981082459,0.12374614586591,6.687611753220732,2.380111052379725,0.5699436688284214,212.29096114467788,1.83295591850216,252.0,37.24444376627604,1.7666666666666666,313108.0,8769.27679905975,0.3931186868686041,1.2897082563439994
-81.0319636989,29.1838761665,90846,15.04281221907827,69.04811377563985,10.069187545481592,3.436585209632109,3.086460579409792,29.283458307436,31.47154199539949,6.800684031678205,2.8453458206492472,0.986159832773762,5.403848277347383,2.8997307224056845,598.6666666666666,32.661110941569014,3.550000050862631,123147.0,44260.01032099849,1.5868009768008164,1.686703270534016
119.623326576,29.0951259914,90970,25.749770874209,72.33136250956468,5.294266336178964,3.2231282758533104,1.5928169019093537,1.93168417402065,6.233772900839099,15.02060346640578,5.860750190286248,1.1391174784856812,47.16093817956149,3.538664896674246,592.3333333333334,33.207407294379344,1.8555555725097657,396952.0,45430.90262298718,2.209275731702178,0.7927483350296498
-110.978169639,29.0903933777,91030,24.6653211932897,82.0712497456977,14.01911903568193,2.394247069716809,1.482067718864847,73.81822206299637,1.04878477269875,7.837335509463725,2.7632133406263293,1.9826226443033297,254.5115663729841,2.602673889654665,81.77777777777777,40.18148159450955,2.3185184902615017,805756.0,26414.62945358148,-0.950688329839295,-26.43553170263488
111.681858751,29.0472889224,91037,22.06225230320122,71.39149174852902,3.4757763937787933,1.6465470603097656,1.0629158285540423,0.5053419490756,14.953933652569628,15.906321184920278,10.74360785324886,0.7406190905132911,32.34213820720388,2.7066566748586696,546.6,31.43333312988281,1.48,405866.0,18844.141657591423,1.695947712418327,2.158564707303292
48.0047279198,29.2503865145,91054,32.87869642676814,86.67108085580556,0.875699559779157,3.4153437426906352,2.0141821812221616,0.15796966632214,58.69694056860453,14.140390445711889,3.8964570507813625,0.3085343343300658,1.387101691749637,2.3556043061724177,0.0,43.84555305276268,4.121794867882363,2256623.0,73751.39409905861,-0.6809450931241372,23.957266179083323
-95.4021196911,28.998653889,91159,22.434621006139068,69.49488782520186,9.338661503872588,2.8016571003062065,3.501224760364829,21.0369307677899,8.05634548933854,9.617789798998738,3.8141623566357055,1.2296370365321103,5.337932733078453,2.1812501355712626,451.0,33.63333282470703,4.45,34734.0,35922.80540680601,2.3936324786325827,-1.50680248326166
77.7004146048,28.9781186455,91191,21.90608650400956,80.54745662136705,2.1290193096016123,2.0803775150356136,1.718231289524797,0.32392681553829,0.0095905881352953,8.830597765026411,2.3018989610624288,0.5522328321959895,223.8094315775413,2.0083546246868527,470.1666666666667,35.25,1.3722222391764325,1357038.0,4141.063354158099,1.5027325698212088,1.6034583813132317
118.919513004,28.9364247935,91254,25.80159120639501,72.10125897946446,3.9857671200629214,2.800405713918832,1.331451334551376,4.41874288893143,7.92475963783598,14.312255032096283,4.649635382508975,1.5495192741432156,75.04052721511778,3.5837217246812147,580.8,33.33333374023438,2.03333334350586,205018.0,36322.82828337023,2.2639452214452263,1.7841123517375053
76.5995314259,28.8939368157,91304,21.77054513069919,81.41178512310397,0.9160740646019908,1.772178154505774,1.7819211523894178,0.06038199698776,0.7471971420079,8.26748887399978,2.183704963712282,0.4605133249430441,220.35008997831767,1.856695193187008,288.0,36.25555623372396,1.477777811686198,310803.0,13138.79783657172,0.8867690058479525,2.266445582731933
120.044716082,28.9076361238,91320,28.17659435102208,76.9443097764088,5.726880998727673,2.040442657004403,1.5925627263831248,8.27956975960983,1.5174686308219,15.447609484507137,5.642017326815697,1.66034995146126,98.89819428872202,4.094044021052045,625.0,33.03333435058594,1.6666667175292968,170617.0,35472.96364957772,2.3034432460194694,-0.7622828108421373
78.760174797,28.8398388039,91438,24.63174419594898,77.56828375140661,0.6014973144826722,2.0020142263019207,1.2908473149331474,0.3041287643672,0.1974786498576599,8.892147026365892,2.887654915118464,0.7057724285318525,193.73560758567623,2.341087988133869,439.0,34.833334350585936,1.3333333587646483,738612.0,4234.857707429612,1.683686815128972,3.262614858971858
121.162346981,28.8661523846,91444,25.910733515921404,70.17611018863029,4.878938048706899,2.7601530452907044,2.305410029938985,29.838242455447062,6.194039894826871,13.799432420730591,5.199552106151327,4.182761213213801,42.772222626462174,4.185202916955111,462.5,31.566665649414062,2.35,195160.0,46103.01419860629,1.727999199679804,-31.308193047494115
-96.98660965,28.8252691676,91446,16.295715050267358,73.39264624261044,12.294996366989457,1.8527864232892068,1.936434712214529,18.98300769114546,1.83573757927812,10.02582820392016,2.0402502087719934,0.8498017111807988,28.6551003759198,2.0502531790714205,270.0,35.0,3.833333282470704,44281.0,55124.924008039576,1.1791111111110126,2.7472135303904786
115.832047842,28.7152095039,91694,23.10786259263168,69.87780875573662,6.852736491102559,3.008866336345727,1.7406575405232076,3.71943608399671,16.07292050653657,18.45120624558289,10.440947483481848,1.7614542239275546,32.30530665101875,3.981481050812948,515.0,33.011111450195315,1.9944444529215497,417623.0,28178.34730845763,2.2294358974357884,-1.5902584376458542
-100.548256999,28.6883896101,91706,18.39446589801228,77.40386283229786,14.66669878482679,1.8831758246878505,1.422147778205391,65.2981679189989,0.66702754752558,7.810397998220945,2.387645910830293,0.7759807669860661,252.3487265713496,1.9346007879770195,39.66666666666666,37.45555521647136,3.4,153747.0,22379.742850267005,-0.9040497737556166,-10.270993515946714
115.76678898,28.6297572625,91781,22.75004763275553,70.98903488623831,8.449970680171205,2.133555261712793,1.7555917508741177,1.47998725046382,16.12267631647466,22.064899842487428,13.668412234625633,1.4997164640554583,36.58517351556614,3.642553385204877,489.5,33.28333282470703,2.0333333587646485,92409.0,12488.47578699044,1.6459848484848294,-0.8531061780163967
-106.088560104,28.6605658102,91804,22.36302974876347,84.16657592657702,17.197815304221017,2.1506047536743407,1.445829124040758,58.69521134658361,0.22394090348199,7.382560712209502,2.345259330204377,3.305086890367553,1520.1071418264644,3.4069340041766867,42.0,35.553332824707034,2.8366667480468744,873252.0,21579.51549037392,-1.245514492753614,-49.60760638813099
112.35888023,28.5758583455,91883,24.82654744911921,74.1052030165084,3.1682280407941765,2.348688878302223,1.164648764008856,14.14424962388699,5.18578478073424,16.450611676484975,9.382084312518709,2.439174858039032,50.6668130912461,4.376167910050118,455.6666666666667,32.2,1.6888888549804688,324617.0,23254.276079194868,1.5408412698412803,-1.1885567473389642
115.922911254,28.6287851131,91907,27.35170597223589,75.72259923391609,6.194119293367807,3.259611859900522,1.7753031247158737,0.15319675245182,21.43878876944574,17.078340767152916,8.7446278384483,0.7382939180108093,18.97662298963311,3.305483047467256,518.8,33.057777913411456,1.9888888854980469,2064773.0,19617.1117774206,3.431446370683773,5.386623979417372
77.4836857677,28.524005591,91934,18.083773154767822,70.93405940547468,3.274409052117472,2.3504124784330083,1.471195853039613,0.09491123087207,0.11128124133441,9.533238217314867,4.372365336886535,0.6727331996311371,201.37710712935987,1.9476800523775115,432.0,35.56666717529297,1.5166666412353516,60809.0,7744.99330691181,0.2977897252091566,1.205194533857224
77.3634771883,28.6393192268,91950,22.169008455876018,82.73050456270708,8.394539052953865,3.068124370671456,1.19378011699501,0.14579637467563,2.34477513309603,11.507511302659404,6.095109920438735,0.6002710751171401,208.1158005608952,2.454538029043597,407.88000000000005,35.78266662597656,1.510666656494141,7964955.0,12734.733780667946,1.229128692834422,-0.8064074146211055
121.361330615,28.6178536831,91953,24.85656145896409,74.30959189552698,4.20988361202564,4.641950092529492,1.0854185112275558,16.91828063962795,6.162513259262091,14.47615606906898,6.469476741137544,2.385863581339301,22.36493982189544,3.367799199220276,449.5,31.19999969482421,2.859999984741211,946829.0,36491.378173883546,1.6494070048310618,-15.136985613305406
-82.5465369636,28.4879962006,92039,16.23134763626197,63.9384714207127,11.011194738204134,3.1991104374881845,2.267459242941184,60.69366046877963,0.74434019423554,20.878379568512933,7.817018719874159,1.5172932887463169,18.33916924342308,2.815640841542589,691.0,33.666665649414064,2.6666665649414063,52057.0,35213.06248919455,0.5568194217129872,-0.2577041803374307
77.5308392707,28.4623953295,92068,16.44976234745894,69.90881549890624,12.743410348360698,2.1194532886318016,1.0482964155635404,0.20820159405335,0.01346358575239,9.461627580487418,5.56221946307763,0.6093446411427247,200.6557848150972,1.970821870913688,424.5,35.56666717529297,1.533333282470703,76037.0,9336.15510869708,0.2407883326764022,0.1637949669966474
117.93589063,28.4495881927,92097,23.35609484698376,73.28200725596734,3.9860671346445367,3.2080179910876705,1.8188057258336627,20.97461055662686,5.640315406751959,18.67961116695051,10.556562816614129,3.29081139838816,93.95319683376825,4.334342998633543,627.0,34.15333374023438,2.0066666564941404,319612.0,11609.601820332156,2.3995828135828106,-9.671722289559357
70.3093905639,28.4219469935,92129,16.66057137497603,78.14583284326409,0.5330369501207702,1.857244002323844,1.2507829984433954,6.675596022823781,0.0,7.433244456726013,2.263285105386623,0.4567188163030362,81.79808244976309,1.6827822757122028,148.5,40.8,2.0166667175292967,347237.0,8157.837304204333,2.223148148148028,1.6680471630244256
121.354576214,28.3995722887,92177,23.56985040593396,71.08421218944062,4.57430674200563,2.921461026043929,1.1664945208436626,42.719371305708734,1.5465832685686,14.850718487208631,6.778210608297089,5.558349841346513,49.8844240837553,5.1124119800998775,464.6666666666666,30.633333333333333,3.3444444783528646,212282.0,43610.97738385733,2.0627094017093555,-39.545440579036175
36.5552129579,28.3984238016,92222,25.41849550391469,73.56366718541578,0.2560007805600789,3.0617798732630326,1.162509867016595,51.732873084979424,0.0,11.362775663886543,2.9594633490010005,0.4828137245433829,751.4642168267577,2.3041766550914686,0.0,39.77222239176433,3.4444444783528643,392847.0,56830.27855882824,-1.7489862327910828,8.210274658823323
79.4279757765,28.3695316577,92254,22.92518817156167,78.17944588505459,1.141474071651933,1.7843088351616296,1.4263070935696596,2.00631125347198,0.0086752858863917,5.781305693196724,1.955245903348393,0.9185179665437786,170.20112449272523,2.204857604084536,519.5,34.46666717529297,1.1833333206176757,991013.0,2787.562778692105,1.6565718050065923,2.643774914646542
77.1445326965,28.5660408158,92279,22.48913982433296,79.76980323964494,7.908233794356541,5.863877428362259,1.4551475483230023,0.42321653606868,1.05015759711535,10.719780197807134,4.456559100300088,0.7058431198536868,220.27512305327625,2.6854085613496514,348.6603773584905,35.970440385926445,1.5163522079755674,13323229.025000058,19758.60811764903,0.7498264057203983,-0.2050504204649428
-80.7405777367,28.3465751892,92291,14.39119679263235,70.37499127288461,9.353761917267253,2.44741317317872,3.4847641331325208,30.37221539669437,35.74535288296666,14.36322841766863,8.661803814361813,0.7185734204319292,5.742834537283987,2.065331595296034,764.0,32.66666666666667,3.6111111450195312,36000.0,50899.127138888885,1.12211926211927,3.3710115313786835
-81.3795354476,28.5268232385,92312,18.15792343900975,67.97338765828711,9.623193199884906,7.692639326719798,1.9424549000407323,40.23039653699821,14.81740791366255,13.070402980614148,7.151825682055017,1.231454913456531,25.208112580450194,2.628494224865402,736.4193548387099,33.41935474026588,2.290322585567351,942591.0,41633.95582601572,2.729341408767312,5.040134045343766
112.558800645,28.270295357,92419,26.40010547718068,74.28449223880612,5.006040151503757,2.07109099103844,1.8101151551907109,7.235534366321859,5.53236308736011,17.61643924176604,9.263371784667974,1.9941340849417013,65.64523711169981,4.459699756160934,430.0,32.63333435058594,1.7,197758.0,13658.066328542967,2.649263565891488,2.96941339757187
112.894695353,28.2236888103,92504,21.63966691231971,69.74505096707475,5.830745520076546,2.151237931441171,1.5381580048004362,15.45654058822256,25.92626705968076,22.84971645045602,13.086256092731263,3.007355343103101,60.1647296211688,5.302640529971528,453.3333333333333,32.76666666666667,1.7555555216471357,306930.0,27930.94981917701,2.641903875968921,-2.2043992078745878
-82.7110238377,28.2685412969,92527,18.40095438302293,73.54720761388349,12.11397796099812,3.075538299542857,3.784591870266069,34.73146329283729,13.1013090185413,12.596041448759976,5.371177657657,1.226267978606959,5.74321760076735,2.5194384341983604,611.5714285714286,33.46190490722656,3.023809509277344,116357.0,54705.073042446944,1.4607296729673749,0.8350211289792746
113.041071909,28.1702152302,92797,22.94470160665179,71.88356402066573,5.902003033150534,3.933648336563525,1.4218971324873482,9.48146414353278,14.48048483839731,20.915912150320462,11.631292033033109,1.969768587135576,51.13077454399235,4.555195447146775,481.65,32.925000305175786,1.7583333129882812,2387061.0,19143.80970364815,2.718732732732633,4.108688225204951
120.884863626,28.0393778848,92818,27.337682871789188,67.87602301781254,3.2951121362936,2.491455177985913,1.0429398677059671,10.846918073933889,2.34060077778159,15.70492017878589,5.062847174370315,3.137495237372361,21.841528336326103,4.714660266192459,511.0,31.07777811686198,3.566666666666667,278479.0,30753.851838020106,1.2086481481481428,-12.691867447113111
-80.6501266805,28.0912482261,92845,14.685955642484949,65.40707051154368,9.276175350438445,4.356894214866005,2.15165511680888,32.34265531287909,37.23434507072399,17.653706886621055,9.0337001478681,0.694174969746192,6.02774576838948,1.946338839401006,657.4,32.830000000000005,3.46333334350586,160951.0,48699.07913588606,1.7665534765534403,2.8240393797022056
-81.9660036898,28.0449385244,92854,16.598490216113472,65.43188329140412,12.279056084080777,3.0378049908657947,1.8521485481662991,35.454432265026256,21.96964874848557,11.557431513063309,2.941039707692399,1.431021632462476,45.12954022308417,3.403553357396375,783.3333333333334,33.46666564941406,2.233333282470704,86702.0,36232.57552305599,1.667057623661382,11.88417650744602
73.3184722804,28.0178922646,92873,16.713693803284873,77.88572039054279,1.0864031356511852,2.1095896257191686,1.2476419419449136,65.67381408414586,0.01971242162841,8.481570776752093,2.846512012802416,0.6732156650167958,218.6841931180817,2.0135817080033926,163.0,40.07777811686199,1.8000000508626304,470686.0,7942.894698376413,-2.265823337913561,7.807314996552805
120.653086448,27.985766838,92939,26.2566325635465,77.17034430016339,6.406005791648722,2.9859952051446017,1.4029905167919705,28.32133565089191,17.51028650943543,18.032454206986635,7.628489225642454,4.437595367009016,48.27840154585727,4.592857707377816,547.1666666666666,31.76111094156901,2.827777811686198,1476849.0,23011.797692925964,2.12755555555566,-39.00916288838585
116.352966124,27.9596669027,92964,24.78679846422949,74.55594194125571,4.834323732408952,2.6581682049430486,1.0875492634195878,1.25766577105779,10.39349854695273,17.391641160085438,7.4719246082891075,0.917158137892325,42.77923337495488,3.1171824930329755,560.3333333333334,33.588888549804686,1.933333384195964,286671.0,20076.567961181976,2.453617305126727,3.50067385602069
-82.4674144402,27.988124669,93061,18.59892147487131,71.04752613598345,11.30994186643817,4.871877774888543,1.2799439259540466,33.62359517116977,27.62893371659969,22.850185381641253,9.590718379897982,1.2313776692185907,10.132740858918432,2.904834510032792,695.6666666666669,33.424074469672306,3.001851857503256,688162.0,40816.12025802064,3.4129575923391826,1.1949481795971977
78.0758252591,27.8960582542,93066,17.96653986440049,83.34659875892865,0.894888936982283,1.7341327273552614,1.1111305319209093,0.21437545958277,0.0040307441109937,6.789231646257853,2.6057601615492336,0.4722854872029442,185.30986670856643,1.8962244809252748,407.5,35.9,1.533333282470703,1075257.0,4235.430042306166,1.1328451178451928,2.2530625432315787
120.811005057,27.8995245795,93120,28.50483503655628,74.14636867423296,4.433279032541036,2.4688494199059554,1.8112257408129728,12.7110035418674,10.59697897291591,14.843594812118754,6.073268436737107,3.0519621132257764,40.702663649938,3.42219059285313,496.0,30.89333374023437,3.68,444133.0,27315.65792904378,1.4580952380950976,-33.48445563206782
112.94173713,27.8390900933,93145,21.50823872298112,70.23258593771189,3.84948174160721,2.259172042610483,1.3844802092966495,4.299898928547511,30.88378288536612,16.849108408109814,8.146133631176925,1.8955572515123875,46.864366624725776,4.473472459381994,540.0,33.0,1.7666666412353516,215363.0,20090.29616972275,1.9246859903381013,13.614552918065025
113.122634757,27.8510136333,93161,20.8191836368775,70.6317576292673,2.749942163189169,2.7324692417024408,1.0326485680107145,18.769055453339305,13.69579557414064,18.99683988356494,11.51187618362485,3.637651921425076,63.473810506975774,5.839409306126515,547.0,33.07333312988282,1.8133333129882807,840909.0,12029.475373673013,2.8607742500197446,-5.601172720221911
114.935904681,27.8170972964,93190,22.394134915773385,72.76147815431369,3.055205237955772,2.319501181663141,1.8398092770305456,18.05325857859901,4.55979127864981,15.814345252783196,6.969686892032299,2.427442109919445,73.5522971241153,3.7828412909732223,426.5,33.575,1.8749999618530275,291931.0,42399.388619228506,2.850480480480428,-10.25229050570951
114.390877283,27.8351264741,93201,23.24933555935092,69.87132915440097,4.235442777873097,2.9355292016697425,2.110487297148356,21.29295776360051,2.33100804715434,14.796368675736504,8.817066883266149,3.253055856121138,112.79519131086263,5.109192144260841,453.0,33.23999938964844,1.940000030517578,256893.0,28168.84293071434,2.5451070707072176,-1.850316367987716
120.680369842,27.8107761834,93248,30.21942765350228,79.02464100679973,3.7185634005372448,2.89880549910006,1.272837899556102,21.13471661314866,5.7444088998664,16.36525290208897,6.039743968306918,4.508463149211425,57.75891208615669,4.528602388810956,485.25,31.383333587646487,3.075,729281.0,30116.591360531813,2.480616673727869,-48.69616704761219
-82.7266579482,27.888152085,93296,18.36089908929083,74.73835112451648,12.130542288780353,4.507471587460715,2.2025491912709416,4.48909564427281,58.69694056860453,21.07937704442068,11.111417369204014,0.3225571990168679,1.1128052891318074,2.558157364377492,616.4666666666668,33.13222208658854,3.132222239176432,779507.0,63081.45553664047,3.119285892633801,9.56498853147367
111.990570964,27.7377301854,93339,24.4214975742651,76.09451111476083,3.2960460822201045,1.7420251246694007,1.1197927022792675,16.95478686383147,1.95192948041853,14.20388017350795,9.55107513466473,4.580065631044128,136.15340493613016,6.267840197075697,496.5,32.81666717529297,1.6833332824707032,300164.0,28627.857281352848,2.277796690307412,-10.756297895713884
-97.401776984,27.7349381244,93391,18.97069827000822,80.07398175988504,11.45716808881934,2.2258414993438103,2.133079063784101,7.573773627620441,39.274182365963874,22.850185381641253,7.289858274031546,0.3276010470551669,4.082880856267482,1.7339846611050695,259.66666666666663,34.305554707845054,5.166666615804037,235997.0,42887.41897142758,2.817463067418771,5.230847663994926
85.3341555994,27.6986986372,93417,24.44165532459101,75.00488528406444,9.408339520684642,2.4539831752192947,1.0666538328650124,47.67649602898042,0.03467011319316,14.376147367631338,2.6798361087411373,6.800155911262481,1472.7679286157345,5.224222044642413,1343.6666666666667,28.118519083658857,1.3074073706732856,2225429.0,6261.983240534744,3.3054882154883103,-147.5828158222073
106.912047944,27.6727205267,93461,18.54051217829479,70.73518212078332,5.1872423040494064,3.2582302705673447,2.0334824513571936,14.8498863300215,0.54821329204392,20.855966685741794,11.574100641163508,7.709284159496357,928.44997186663,9.87433143207782,471.0,29.8,2.1333333587646486,398152.0,16645.002019329302,1.030223443223406,-60.69207199154903
113.86385777,27.6419098884,93474,23.32776549515123,73.60306609768172,3.112274363164013,2.3870528703888527,1.2286066292709172,37.29335263099961,1.78395733394366,14.872123148468924,8.853353970909655,4.851033199484301,138.48442907794688,6.318368400429312,524.0,33.050000000000004,2.0166667175292967,402768.0,14967.105368351016,2.135164473684199,-23.106184889865347
-80.3978968768,27.6229307763,93487,14.45863130583644,66.8622695233086,10.736600750126245,1.6581147773700184,1.3428064977360712,16.489062251422578,30.79280842290288,21.682977836062094,6.063266213472221,0.729721489892665,4.069208560049276,2.101483127305673,620.0,33.166665649414064,3.566666564941406,33848.0,46492.12325691326,0.8290909090908372,2.494939722458076
120.547423296,27.5885599418,93540,29.342755159748464,76.57161830859712,3.5400293684724726,2.3354039821786694,1.2115066526266949,10.34743694011325,4.48967808721631,15.485047013349035,5.353928584260785,2.28964622226254,22.338510270351566,3.2389158358778904,421.0,31.66666717529297,3.433333282470703,282455.0,41191.936952788936,1.5630476190476656,-16.18317436537422
76.6196745701,27.5617313093,93578,17.989031237321278,76.77902308596454,0.584238842670864,1.950551397239333,1.052488764437881,5.2208511398649,0.03246143049712,10.163973134545344,2.166116417551613,3.654246959675905,303.667841334973,2.097675850567447,369.0,35.95,1.5833333587646483,341823.0,5576.513376806125,0.6046616541353274,-33.39178725768613
109.979542481,27.5444426801,93606,25.833262017102733,74.75706151816996,1.7932890833683863,2.2784762561246144,1.7155591404526491,26.01544141759569,0.88039312219567,16.11068170596672,10.969667962794608,4.828461810988104,268.72986881386475,6.496619675950209,587.0,31.83333435058594,2.066666717529297,405458.0,22200.043718461584,2.484102771051824,-29.16397966446067
52.5910516585,27.5209095418,93641,14.631281429652027,69.77650167649415,0.3809568627701712,2.887546390264644,3.637770429132997,25.77741176261388,34.81794926509066,17.552391953459136,9.324492691670065,2.9368468543046986,51.13683156143603,3.5037527542905487,6.5,39.0,4.2,24147.135,121138.42136074456,-0.0826111908178859,-19.585162843209844
-109.937812545,27.4786545848,93683,19.49638453674333,81.1525564922972,15.984252672254769,1.8881418104454328,1.0209776735231133,24.74592812249741,0.13312443925571,20.90028688177376,3.1521364645158725,0.332785164530401,38.03679347295732,1.2405442136783331,46.0,39.38333282470703,2.65,271471.0,31059.51936302588,-0.6464129979034965,0.6898583370460827
41.6911832001,27.5108231619,93687,28.39022803854045,71.95299308200764,0.2254017029113056,3.164952963523659,1.0384636833574317,56.4411187439648,0.0,20.263685963867488,4.602090552322554,5.801588724094711,1066.609724478282,2.2029075969226417,0.0,41.9999995640346,4.138095267159598,213620.0,48164.5916299972,1.680835623969081,-71.1171173347094
77.6705852532,27.4841432667,93715,17.91627639962502,76.61104853472713,0.9125366860474292,2.062537885592817,2.243297399789934,0.3304950897630699,2.94065081710992,6.6496655224575685,2.545198798538784,0.6774339071440466,173.61940277944518,2.0557798470447217,297.5,36.38333282470703,1.65,329005.0,1610.6211385678555,0.7469035947711404,3.3702165396500163
-99.5053037694,27.5146580324,93719,22.20146343297121,79.9870194549105,12.37021215754805,3.190144812561348,1.4841046348342284,72.11192084669264,1.7261440829985202,4.936729954184895,2.587794108765054,0.7107814312383094,148.39925135586105,1.9436204391607728,104.64285714285714,37.435713849748886,3.2904762050083707,625474.0,33257.61075600263,1.416234002907515,-8.539928929643025
103.720191901,27.3383344821,93857,19.2960617824921,68.07088117689074,3.549617239167708,2.148070835749097,1.177866242047262,2.06371622018185,0.16075348007927,11.491233515206352,9.013590209068829,1.4925826751240374,1940.5191869873288,3.8120131620535744,502.0,25.46666717529297,1.9333332824707032,191354.0,17898.204787984567,0.9976626626627194,-12.23575357605273
-82.5354507315,27.3780756363,93954,18.01924103305885,72.61021629240709,12.423332853806173,3.913668562415917,2.9130807110739423,22.54292799271378,40.03308316949732,21.43082222512073,6.830444442434349,0.8082490583170381,4.901539502802006,2.465774912618461,687.1666666666667,33.79444427490235,3.166666717529297,341924.0,39316.40834512936,1.4809841779409112,3.7317813824729313
-80.3767600466,27.2807783372,93957,15.33542819346852,67.56267758934334,11.579915593126112,2.32862973224436,1.2569878899076554,31.85277450902652,4.84012938086548,22.31597442435289,6.102309281416151,0.7235600967969752,6.886871722097374,1.8471403329321168,625.8571428571429,33.58571428571428,3.3904761178152905,117046.0,74771.6336824838,2.385879514887165,0.7068815415698806
111.468332731,27.2368313444,93980,24.92952992998846,71.28937958389801,3.1722210379491416,2.068324868573149,1.2723807921845696,4.71974088705474,6.385390570075559,14.348934775012545,9.326945034688936,3.2388747387432955,234.60973276977165,6.4721758289658,425.0,32.511111450195315,1.8333333333333333,421569.0,10296.726652102028,2.2662365591398803,2.688926173001022
56.3041562204,27.1980500032,94021,24.00700240189901,79.11812202468916,0.3762698015754174,1.9173675834090385,2.8100379250818253,2.3513433758315503,46.229435378622966,22.850185381641253,8.378273138541118,0.3760947131802819,6.332217880212516,2.914806699916773,1.0,38.688889567057295,4.099999898274739,431712.0,12735.51606858276,-2.147102564102568,12.750376342930464
-80.2191057142,27.1623592459,94068,15.523278656684008,68.07855985077562,9.054956165033976,1.9544890321607724,1.7459774801431351,16.181299175517662,45.498735173464674,17.20115875479785,4.511149340503942,0.5500221906164854,2.395270001291569,1.986252446799299,650.0,33.416665649414064,3.683333435058594,49543.0,40561.68685788103,1.9657692307692969,2.7858500248574614
78.0036894172,27.180110462,94100,19.50424399560039,80.03977874723167,1.0074275536457484,2.9664783364938088,1.0221348940091717,0.47325071602096,0.3559068258271199,6.776367194696408,2.5831163725859465,0.7516834945705233,164.50710913190977,2.117399387985778,350.0,36.261110941569015,1.6277777608235675,2059980.0,3248.382466334624,0.6944490431687242,3.241961697270199
-82.4116891602,27.0704044268,94193,17.81460324555212,69.18557300186116,12.203068292158935,2.2984980921990394,1.6714159174210608,31.10515579011243,27.59885559155302,15.043928231479,2.524667994854503,0.777010871370912,3.966261562107668,2.034585167434643,613.0,33.67777709960938,3.166666666666667,46980.0,41250.91553852704,1.4068439108062307,1.6604092728046536
-82.099832914,26.9953507174,94266,15.816153078440252,66.77096520710637,14.467571897735926,2.492954348617568,1.4812981167927577,39.9056609734954,17.02762409992096,13.953625025358214,4.590614370782435,0.8396514602902381,4.6058480694108495,1.9003163029011647,685.0,34.14,3.006666687011719,64914.0,29623.30395600333,2.157121989121947,0.4484228886046928
49.579938808,27.0533262283,94283,28.60619617666576,81.52514935516247,0.2669493864097704,3.039280020087393,2.152744532450388,1.30291924756013,58.69694056860453,14.645930782084458,4.893697723953091,0.3085343343300658,1.0285108839588664,1.9393357831029343,0.0,41.65666595458984,4.426666656494141,431690.0,37733.31376913988,4.875133689839572,4.474947603157412
100.223624611,26.8820848773,94413,6.41630138479944,75.52178249466994,9.93918877126136,1.6188765266364291,1.351431187221923,18.84685934942939,0.85182421477946,3.0807727558647886,3.222073832073149,2.432260626969243,2444.356944620244,3.1650523929463192,332.5,24.15,1.95,121179.0,12231.762120499428,1.5076754850088,-34.67021229700276
112.587998266,26.9030115401,94421,21.27811947700841,68.3079254013721,5.108933223803261,2.8416139042560657,1.0048655943647682,2.41145456663829,9.86595507729062,17.940890299606654,11.012022103864574,2.218373201327713,67.69179046039996,4.922135866210514,409.2,33.68,1.819999969482422,675664.0,12847.03872486916,1.8204469507101064,1.350940311716343
-101.429630581,26.8929266135,94480,11.23283154498126,78.84211250830677,12.056184918971956,2.42632605259066,2.03569924629214,77.89858479356354,1.31690886570437,7.218844133750455,3.197078676802394,2.91619651789673,704.5517812773674,2.697591538234241,114.0,36.64166603088379,2.8083333206176766,308836.0,37187.65941470554,1.0087017543860952,-68.26481617410536
75.7823731917,26.8895222278,94513,9.68510965743724,81.36413824856125,3.3370486751796324,2.7204841945727267,1.8910479644790323,8.29056952230656,0.40323490169231,13.039586014007968,2.202999379465186,2.358496821941312,418.3928271819331,2.472614076621968,443.75,35.69166641235352,1.88958333015442,3501537.0,5052.142965503432,0.1696739561993467,0.9875377381652584
80.9422874749,26.8479552226,94558,22.819406691295928,80.95648915234058,8.839043077997589,2.99195354582981,1.5151996502857985,4.53103731883013,0.19494292707986,4.450530200414847,2.41608368748935,0.9113568713830172,119.49332129744576,2.249619073699091,697.6666666666666,34.26,1.306666656494141,3205162.0,6749.98629835247,1.0887335402483735,0.8434942863692783
83.3861162484,26.7649830635,94605,21.181278372287853,80.41184791292847,0.4764288489235598,2.3930047658110807,1.2823866339696526,6.455190088772681,10.22245409617047,9.81773631727388,1.968711361605901,0.8973219634187464,77.66403562877728,2.1656615910268098,992.6,32.85999938964844,1.32,1038851.0,3433.653968663454,-0.5106932648627129,1.966305825880468
88.4325993559,26.7162905476,94659,24.41446326109144,74.76156527666552,0.1301858317598267,1.6625672779987837,1.4749816545292749,46.62282808629391,0.97643064863384,7.211145717483992,2.152650674770665,0.9190790447956526,121.99748890120657,2.188470867957564,1764.585000000006,32.22222188313802,1.3666666666666667,622393.0,2691.436046035222,1.9350031106133585,0.0338239807272344
104.858279418,26.5868547731,94788,24.506345254209087,70.4671991138406,3.778580283021169,2.869445963204219,2.6404725171914065,46.67627513522149,0.12529224621154,14.967952261629302,10.152439580622922,7.709284159496357,1902.5623145575305,8.831413659846605,517.5,24.66666641235352,2.2166666412353515,401774.0,16463.194218640325,2.2875555555556275,-75.1516685000654
106.638424501,26.6503743929,94792,24.89238786980353,70.06340391510608,3.542812283193622,3.3833593434135936,2.1501941172091805,38.7334028050159,1.0038878314998,20.05599363343372,12.670542212385596,6.190868954293224,1282.180532667631,7.167932509256311,536.75,27.59166717529297,2.524999961853027,562112.0,22395.78960420699,1.242988608776784,-7.69846337324293
-81.9627211918,26.6216700379,94827,16.04332199039131,76.50992605705743,12.454074752032358,2.716810046786024,1.85101465337994,13.81106352587117,43.42178369304135,8.68106607735281,3.309791756495163,0.5299078249525483,2.431506286163828,1.4755314870446197,715.5,34.1666665649414,2.833333312988281,154579.0,65083.0547357662,2.222198198198108,0.897337896618283
106.700899778,26.5363096213,94969,27.45506068133598,72.20999089246901,3.706404893224404,3.266814601632241,1.4388904864129997,45.47456302577468,0.30189499888612,20.235705042026964,11.168460300389487,7.139644850181374,1180.8842703385994,9.612160947137273,543.2857142857143,28.300000435965405,2.457142878941128,1383473.0,33313.68612542491,1.9672881207995367,-64.4742760146446
-81.8571040373,26.5433404176,95001,16.06696606564725,70.80453516793916,9.861881517278636,3.2855407848408507,2.1725456199921083,21.4443420747695,30.767844037843712,10.651392390177143,4.000505925110625,0.8108750541851539,3.907014993038494,2.235342340558519,744.2857142857142,34.16666652134487,2.7952380807059147,184883.0,47879.10778708699,2.076020145431926,1.4280059149894115
111.594870961,26.4556215161,95016,24.01081640707985,70.6233675618081,3.4201206687269,2.3512782032502075,1.5260530560880103,10.91963335162128,10.94188908423776,15.398691582546684,9.9260578109531,2.829358425050922,121.83564804447776,5.246165099019318,243.0,33.4,2.2,172455.0,19992.1884259662,1.6455607331470787,-1.7462960730489243
74.6351550696,26.4492187158,95028,15.378046245182947,73.47623417702074,0.5986831904252355,2.6330963717817752,1.8901984154117604,8.86044914952948,0.0075642864230402,8.415965964615607,2.607013533901611,4.940632409630695,542.8514021959899,3.1912704651016672,375.75,34.84166717529297,1.8749999618530275,524289.0,3609.603998939516,-0.1042842132911801,-53.43449818158348
80.3126735316,26.448534836,95046,24.36071754322895,80.19875588452375,1.5793095976839755,2.3366006098012337,1.6988466464161252,1.48506534317881,2.26424222132295,6.023065942858799,1.8981286874524672,0.6435852004884516,120.80437543787656,2.4370824772571886,628.1,34.796667175292974,1.4266666717529295,2248055.0,8055.734832110426,0.7268247287693157,7.214342276783043
-81.7960981955,26.3483358793,95193,14.98036101674836,64.53451595941011,9.574993655354582,2.544502706290614,1.8837667634765127,32.07305916888622,7.64317983109139,8.011408481676966,3.1382760645521173,1.2955648361858498,6.039729611769218,2.439481180114842,681.4,33.999999389648444,3.046666564941406,48581.0,47720.83367983369,1.338504708097901,-0.6023785026306667
127.81424274,26.3365259383,95224,27.88247025558191,73.28298954071929,0.8176922727217708,3.0022075290501578,1.84260498488265,16.08381481359597,20.42064093565414,12.169740506603985,3.284139096472038,1.72957545563165,32.24654521866952,4.305313119012049,1068.3333333333333,31.61111043294271,4.622222188313802,224489.0,25663.19653969681,0.7577392977394197,14.767934530196015
105.912312095,26.2459523098,95294,23.14662039439948,71.8687500513048,2.947905102891337,2.324253935696203,1.4418893987594956,17.86128635363528,0.66035128988146,15.411290045361818,9.748276859929147,4.052947421301963,1433.9224067417788,6.787928860666948,562.0,26.866665649414063,2.333333282470704,267354.0,17252.6343013383,1.0271007751938406,-29.762096825568733
50.6400394404,26.254219833,95316,34.53452133719369,82.28267610942666,0.8331652617375215,2.0580130437792663,1.1889611465491057,1.73168898136792,58.69694056860453,9.577422598116764,2.9203206607401846,0.3085343343300658,0.7962872763563619,1.7494964097349472,0.0,39.6,4.366666564941406,221008.0,56607.82932292044,1.8533333333334097,2.708939589656787
73.0199685281,26.2745157514,95337,20.29870064643009,74.79580911130135,2.2890905429801247,3.134714340763506,1.4450047610185872,3.4313223401424,0.07097639050934,7.931654133977156,2.707764232343988,0.8277006527543427,230.39467181458903,2.8766551165779566,360.7142857142857,37.51428484235491,1.9571428571428573,1364483.0,4006.6159812910814,-1.3917707118883982,8.924218891907657
50.0947653404,26.4081739974,95360,33.64646731499875,84.47551347332657,0.2411304774528722,3.5262572842439988,2.2125770252192964,0.5083170889316501,58.69694056860453,12.990193635993846,4.161895566774159,0.3085343343300658,0.5162507469216134,2.173143414903961,0.0,41.21720423544607,4.360215040637601,1891888.0,31625.39338956639,1.7769625603866075,13.033645266816176
78.1783375513,26.2200148464,95364,24.44903195157758,77.37500402696418,1.8771296285191443,2.34643740783706,1.9248067184689013,19.91276754138494,0.0014140408713264,8.780060033980103,2.163130206594184,1.788143245498717,224.3597110233056,3.1745170079806986,480.25,35.43333358764649,1.508333320617676,768263.0,9588.394321996506,0.468752405141231,-7.482087058438793
-98.2309201768,26.2301829102,95371,17.988669740541592,73.30640855861354,10.034212073261337,3.574777128993564,1.3202023033712913,10.77252526559805,0.7086745267575,7.593320273821162,2.5428855171750846,0.5680004636580934,35.02231983951847,1.5589254570356397,358.69230769230774,35.62564133864183,3.6769230769230767,402057.0,24199.224612430586,1.909363017934368,1.28758330576278
-97.6915625692,26.1919541603,95373,15.73589727723595,73.71475812471989,10.389611403272207,1.715142933513209,1.0808452476327588,9.44155357335031,0.0956897913868699,7.87028688184399,3.324343776692571,0.5020417392766525,11.795391874138916,1.596154314006602,347.6666666666667,34.28888854980469,4.233333333333333,57739.0,24840.38428098859,1.4541666666666515,1.013535156908553
127.710620186,26.21214666,95435,29.15468318465978,75.6227157532998,1.064828300959251,2.646078617903845,1.8003059070087313,7.18265266547257,56.0794487318968,12.957688528537211,4.1338002550799775,0.9782242307407985,21.145480851944807,4.932629922895401,1117.428571428571,31.390475899832587,4.20952379499163,660524.0,29727.78676929226,1.0832686598812415,16.014468823663602
91.7700292778,26.1459200389,95475,25.291057808018103,78.52779108138913,0.314650797956816,2.603243284197524,1.263357726182738,36.40551151024213,10.94962013650466,9.330974333169262,2.2995889811277705,4.673963271753542,102.67177226857852,4.919084474766202,766.8333333333333,32.44444478352865,1.172222226460775,734331.0,9955.438258768863,4.074883338472716,-38.11398496510944
85.3823724353,26.1243060287,95487,24.10894035595264,75.01824493850539,1.840559185584644,1.8865948126222127,1.3389443103452232,0.17260874927042,1.0762806593212,8.239446628894758,1.7517428279088478,1.020630849554575,53.54002710912377,2.1555965932511745,820.0,33.06666564941406,1.45,548040.0,3193.456599883221,1.1232222222222354,1.6962982800775777
-81.7568457233,26.1973635805,95498,16.28717169110592,69.0420695890341,8.996656013491261,4.310354514180711,1.749330163575869,32.10182855168888,26.3775076951758,7.648200260149728,4.212174110506502,1.2789974152101862,5.4197997774607725,2.4211744289160144,651.9,33.976666870117185,3.056666687011719,186637.0,45807.27969266545,0.8948834154351744,-0.4667110195266
50.5392668836,26.1641186362,95531,31.97976414378027,82.53984818880922,1.0728476488546814,2.8804741989179545,1.153100474570676,2.95104532369211,58.69694056860453,9.951760010306304,3.612548415995902,0.3085343343300658,1.520693105758959,2.0785375868863283,0.0,40.09285736083984,4.4190476335798,1114389.0,44967.11443759765,1.097200945626405,8.469938120061572
-98.2993958035,26.048356495,95607,21.593928401645503,82.52068824344364,14.9958754274697,2.9146984422268845,1.6670887408390451,23.41162114988544,2.69846775987763,8.108016904886433,2.38047754549242,0.6082403033911439,48.34488864432027,1.7029641414179284,399.125,35.45000038146973,3.5625000381469727,610329.0,16024.884860460505,1.6796428136790311,-0.6282840305715496
119.198030893,26.0533314434,95612,26.15990857809858,65.83177986612365,2.328952304070669,2.125439979909247,2.521880977625661,28.45748770012722,24.56570132415905,15.433615337607064,8.27562081264501,3.502782220877063,33.41350138336106,3.662312978709149,362.0,33.73333435058594,2.4666666412353515,105925.0,42096.8481661553,2.1841025641024885,-24.475965005230982
119.311329723,26.0583209547,95628,28.10004697392284,72.22883347381945,5.664576572482868,3.050261098212139,1.5645061501186583,39.06098008969894,24.60321000829331,16.827588016575408,7.080139846489905,5.016082504623645,145.945669084852,5.125201406424587,356.2,33.42333312988281,2.696666625976563,2450140.0,26605.058648485392,4.498582162373339,-132.14368022208745
-97.4980041631,25.8926476671,95896,19.37323043436942,77.61178561250043,12.891368767809007,3.253864760435628,1.7003714951404172,28.46147911478897,2.58230157100074,8.674157754528371,2.911352304495495,0.5228332073716434,8.24007624240229,1.4208052933921291,399.375,34.33333320617677,4.295833320617676,534367.0,32767.55820812289,1.6762902794175716,1.158105794594439
114.916313763,25.8423327186,95907,25.76850209151867,69.06755576332957,6.624671694971847,2.716538557369508,1.3430408958456197,10.984884519548013,10.08199955373139,21.14685337811784,11.670318455763066,3.370157231339957,127.01494656915366,4.75622436162684,285.0,34.6,2.1916666793823243,400682.0,29297.676563958463,2.036004378763039,-4.817574666673465
55.9989331864,25.8066925955,95935,23.27246116075682,74.45476924005787,2.0202828992224835,2.528981817473124,2.0144383413011817,14.09437286590551,23.76803498597726,9.156395438246632,3.7904419252477575,1.4701912197955596,19.38497138100229,1.4751282064877984,0.0,39.76000061035157,3.94,121069.0,27149.74298953489,1.7880423280423088,-5.558489324741128
-108.997459297,25.789508913,95946,34.090142765647805,82.09885588053027,17.436320792312976,1.471567831441133,1.3427488648275046,11.91508114413568,0.0,10.928471198009111,1.913935699686128,0.3977299225346251,13.809162154584108,1.3406197358421792,48.0,38.31666717529297,3.25,203106.0,18926.43310389649,0.384542483660141,0.3889206349681409
119.352324605,25.7157123124,96079,29.47809460029144,72.75288279660387,3.59266236789984,2.344301171610158,1.09473934367411,35.230454943735054,0.21286168568418,16.595027327537537,7.853570853147136,3.867053032926593,54.47739987690567,4.32534392090416,333.0,32.7,3.2,186838.0,45389.51135208041,2.189131531531644,-31.98706818641432
114.786061586,25.6923161899,96102,25.62277106492611,69.45999057527732,2.295108619186759,2.2010882611135187,2.482873275930923,4.33905334148257,3.9415340397531904,15.612405402431513,7.667470180188813,2.294713452515672,131.66719172572502,4.41891944943225,297.3333333333333,34.46666666666667,2.2555555216471355,164641.0,26442.878201663018,1.5784065460808847,1.7263564965005855
100.252716895,25.600627679,96202,27.84305165228231,76.83479845819639,7.590465998074667,2.685490757654498,1.7870728871757349,38.22552385730852,16.66446043664673,14.49476234888397,7.252745469221397,5.645064340891093,2060.4062404122933,5.003739371887789,397.5,25.01666641235352,1.9,290271.0,7205.365334463314,1.908066322136108,-65.1131159057486
85.1190245958,25.6013716409,96214,26.3252230223482,79.43912435267399,4.3870339829019,2.5911315383265165,2.3060540008585897,0.13184280341124,15.497881636708971,9.831808072019928,2.156179792352073,0.4860297025955771,48.73034676708924,2.2591673626854365,822.1428571428572,33.466666085379465,1.4714285714285713,2837902.0,2177.032751307129,0.9068520566121414,5.087717491315566
-100.290001601,25.7246541193,96223,28.15019858726541,81.0560615977417,13.106530545183835,4.524220660778076,1.5095257798827484,79.10132567485714,0.02491328060014,9.868165671162672,3.507142542872528,6.004809483270565,714.2359650558843,3.039718904315601,344.63414634146346,33.87317080614044,2.85121950475181,4183430.0,31322.073176317044,4.23664789864489,-155.85360384679757
-103.429888315,25.5542625979,96330,28.92573140462448,82.27682629867637,14.977781296651296,3.0900253178195087,1.3042902873094908,48.18203277972268,0.5082802177733701,10.157907353499208,2.9822188903412528,2.741178942531308,1156.1584981069136,1.851453249097732,109.76923076923076,36.74871826171875,2.3282051438551683,1077692.0,26898.699316687867,0.6738338265422001,-28.68030588460101
-80.2288012087,26.157555359,96387,18.01384661055442,77.92592427954825,11.179548326642728,7.142568252047737,5.034964796021672,10.58777149966646,44.392430856872735,9.29736344757234,4.616003945690923,0.390487627809369,2.4629259358023767,1.9853061632073463,700.2500000000002,33.33785705566407,3.1828571493966225,5338171.0,57333.63886657058,4.470207333576749,2.1521817622158124
103.794873573,25.5138444472,96405,26.00144293668113,77.12261439200466,3.760533952281058,2.663387913925844,1.181886069417732,16.25854104310884,1.2662620042271902,15.118652056429363,8.024549050649293,2.838980908851013,1905.593699578421,4.211724329447482,452.8,24.82,2.4666666564941404,462294.0,12830.462151790858,1.9399239920686533,-27.310128230906457
78.5639098968,25.4560093637,96415,23.04910684364374,71.45429305151212,0.8374970448116626,1.9572794333190904,1.5017334491945007,11.74083743229568,0.01071669922301,8.955178360643798,1.9143265249335013,0.9924583784011166,242.03637948241155,2.725207637628528,535.0,35.166665649414064,1.533333282470703,329087.0,3648.681889591507,0.3571851851851875,6.185786284797899
81.8240743001,25.4523519372,96432,24.30774959221866,80.51790091075918,4.840311909919638,2.154447457957945,1.906138185024686,1.87786982010455,7.330855810036,6.661891832175078,1.384193859564245,0.8581272087941294,86.21572189010473,2.7493035102451007,651.0,34.541666412353514,1.2250000190734864,1136488.0,4537.071474577822,0.8231005291005999,9.404539862734822
119.295371416,25.4411871615,96439,31.08000394079099,71.02373552414967,1.1507683869863488,1.8278653162980745,1.0742086875557475,1.23827294666136,56.77085326379241,12.646379268687705,3.2354249024012134,0.4394161681022421,2.765276416116232,1.707231922162879,333.5,32.2,3.65,33477.0,23056.188935687194,0.9627619047619262,1.6443335973630155
68.3625857526,25.3871825604,96527,31.93418044893882,71.38497874657784,14.790505793261069,2.191563826100112,1.1974177640296744,10.80037135846505,3.24651191441742,9.777140044038507,1.8981736439644696,0.7275027817520575,20.943511048543883,2.442716631865137,135.33333333333334,39.42222290039063,1.888888905843099,865123.0,7641.005598047906,0.9557993287405112,2.97798295708542
-100.9721212,25.4504627891,96537,27.7901885794274,79.74484419001688,12.7538089000309,2.774438751681358,1.826437145181195,77.89259996478616,0.03011455996164,8.655470204778279,3.004731968595732,3.69565491900532,1624.0917534051507,3.251918898927869,169.0,30.433333333333334,3.366666632758246,892199.0,22378.82042347053,0.499907627256448,-51.8723246801369
119.083593588,25.4307217885,96550,28.81690852314357,67.3148111224873,1.950566736069032,3.796641568317331,1.4059069874614654,34.01995921170955,3.8725941474238494,13.905105290481936,6.703685029899539,3.48704503899618,59.45027460331615,3.156620738473981,349.2857142857143,32.633333042689735,3.0666666085379464,654223.0,57281.76087052886,2.5744068231369965,-49.42219247193958
74.6304485424,25.3430594273,96579,21.639828548915748,76.05578422280067,0.6851437740347095,1.6253304842091416,1.1093455122102325,9.76089562655165,0.04225620382563,7.450709688345841,2.076626368841309,0.5758987984242656,424.964427591866,1.7427700467343112,482.0,34.266665649414065,2.5,339126.0,4911.988844854123,-1.0345588235294905,-1.7151076120052269
49.5935054758,25.3806419678,96596,32.48409720724152,76.11685041545513,0.2479032104490259,2.9301455092224646,1.0242985803572993,5.10197855795753,0.0,11.762114345398258,3.672495239862516,0.9363529530499484,141.40778178349714,2.298945581524416,0.0,43.27222290039063,3.394444478352865,569695.0,52991.03229447334,3.552065727699528,10.265037558778149
82.9873231682,25.3175436349,96704,23.91133863321511,78.59669450276108,6.286155021813169,2.3788575948768536,1.369322673048788,0.8271054039674999,3.98164099800548,8.986787830879454,1.8191998064749764,0.9072735156804328,76.91513282861402,2.542472833138129,850.4,34.42,1.3133333129882812,1803653.0,7027.042645675191,0.9416687242796796,2.9660372115456823
110.299469408,25.2908575538,96792,26.03582371747032,73.11165264124375,4.373385309073711,3.3321054696942607,3.1154336779461147,17.210509709675183,1.98569491905237,14.3694154807108,7.404916036028839,3.309002784328325,168.63389713379473,4.684888065483524,811.5,32.36666641235352,1.8833333587646488,708041.0,8827.649277372355,2.2349564500942165,-7.991162153944259
51.4692520331,25.2831762814,96861,31.21914901434348,82.57501449647793,10.77946911157967,2.923185162009573,1.6691761920029071,22.35688551977414,39.7033585672029,11.346441685294597,3.761478851650754,0.3182518956521507,8.9950875043527,1.977653611581772,0.0,42.0933334350586,4.30000001525879,1655766.0,95121.51456184026,0.0048033854664595,8.183292424418156
118.916775559,25.1548535682,96946,26.574376080912423,68.08616305917032,1.797186537066161,2.607543212852273,1.4460802162006066,8.72557095152392,10.170265643728769,12.95370951921627,6.37025708777208,1.649919260483894,15.533579793684924,3.6067157459617394,317.0,32.43333358764649,3.258333282470703,126352.0,25402.51523521591,0.7490579710145084,-1.4659582711173442
75.8572830101,25.1646117382,96950,22.65567026398288,75.53768635067765,0.4518260646279157,2.735970191194545,1.7447914907270312,17.23010978571637,4.00151668380316,7.785086778221213,2.8419392104163057,0.8370091389834234,269.6334693145046,2.3147653592456616,419.0,35.21111145019531,2.211111094156901,706470.0,5954.539507693179,-0.2060374832664138,1.6041781535815858
-77.3309504709,25.0447046447,97087,17.19646196425832,72.92638079250489,0.3019023408155024,1.7359556039313195,1.6656829457040974,15.98850230998225,52.91795509491352,8.61212244292986,2.9947602249714875,0.4674826730277534,1.93119441532332,2.068060317440985,600.0,32.583334350585936,3.7666665649414064,190559.0,29788.60678844873,1.0997575757575078,2.9953110424902807
117.020946003,25.0823238164,97116,25.15898965850642,70.7953007937479,3.8900642576894886,2.5566873408361346,2.134057071828237,66.3509929397311,0.18168131677682,18.52290543594605,11.576812918309466,7.709284159496357,449.0636562180929,5.959628101865617,372.0,31.92500076293945,2.1750000000000003,301873.0,22724.317272495387,2.728322440087144,-93.84984018582075
101.553644554,25.0359471556,97148,25.0473712552942,71.01818700870727,3.8295178123455376,2.230596513307363,2.1768008544606303,27.40916913850232,2.10252155227918,16.296497083764883,7.3479049388461375,4.282126654057781,1837.302069935865,4.853734795586817,380.6666666666667,27.1,2.055555572509766,276388.0,12361.51265973921,0.9989235880399896,-39.19205808344009
121.502457209,25.040313966,97212,34.53452133719369,79.83333277211294,11.605902999377816,3.7812755042202526,1.169486490851241,69.0004383384382,1.54098919010677,16.12269836593838,4.905660626103357,7.108741019055161,120.22204126192216,5.354556681260513,354.90909090909093,32.85757585005327,2.9,4369233.0,62657.06164628894,5.116415103037923,-104.84639786241505
118.378783084,24.9934317677,97243,28.510628014867013,65.31044681607503,2.15042688036454,2.8205852086236174,2.0819583884572426,27.925449821723703,1.20496599865905,14.580182504243828,6.767444315240662,4.525202659957238,70.65140248099998,5.458368834336243,336.0,32.38888854980469,2.422222239176432,87137.0,27671.041314252263,1.4154598290597278,-37.16025815364996
55.32115154,25.1949769882,97264,34.53452133719369,80.42568426654246,6.293962555904253,5.62130566088599,3.691550902738735,9.08498351677119,58.69694056860453,14.94735788667488,6.402432500342012,0.3484213239369795,7.560351375303888,2.309361627971927,0.0434782608695652,41.80072479248047,3.886956528373387,4587762.0,39880.282490460486,-1.757075471698499,5.204312142381252
121.278795854,24.9751495486,97318,29.98790066220091,74.23491162992167,6.201175974326872,3.353248617335002,1.5254423884752122,37.13653937856784,2.136295424912,15.516404554168746,4.560373209141027,3.225541844502541,110.59335677448588,4.276863764722482,287.00000000000006,32.6047620500837,2.8904762050083708,1078986.0,44412.58593531336,2.90605947410819,6.144218962042643
118.769741063,24.8992712219,97393,30.35612319687957,67.58494106687546,1.7022059614752134,3.52125996363549,1.0528516553167429,3.69712579724334,17.39945982405863,12.21051792976395,5.1833771455212485,2.197728393648422,24.925398891558107,3.9892016703095865,271.5,32.300000000000004,3.316666717529297,81082.0,31040.0683258923,0.6288680718188289,-7.381785967602664
102.746336468,25.0046489151,97405,24.65392031877833,77.285401732208,4.619985806192151,3.479697970289886,1.7693007918145458,38.22766232329437,18.56788783208215,18.785817880007283,10.69282002614558,4.925652987231391,2022.3852520080425,4.593854189106382,432.5,25.01,2.2333333358764653,3204030.0,22285.37609229628,4.545191808319487,-109.22852577871936
67.1714102014,24.832544006,97482,34.53452133719369,79.55716495921529,8.047990946382102,2.3942244319761,1.931334603860982,10.76826852109045,5.01774468568216,12.197221991002918,1.9359316400864008,0.7305440100056192,11.844119338035112,2.505419731563797,77.33333333333333,33.74444478352864,2.622222188313802,2773666.0,4311.01771410112,0.5519784719786003,6.877948753504812
67.0622266102,24.9103836371,97499,34.53452133719369,81.62488992168717,6.341139432558981,3.0941076565549825,1.0149784930301442,21.87752719862977,11.7545590077618,12.08544020727726,2.72072405591621,0.6756584605057898,34.06335850606245,3.0164992188981885,85.57894736842105,34.38947384482936,3.0526315468236014,13323229.025000058,5492.642226538517,-0.405876412239138,-0.437912466658112
-107.403335482,24.7948838652,97557,29.51878308574385,79.88915760788076,15.782568877574306,2.35839775501826,1.1772829781045402,43.64643299441436,0.84067012662156,10.918135067286723,1.9414309241804264,1.869724169681136,70.56775517769455,2.948940131037398,207.42857142857144,36.44761875697545,2.538095223563058,644734.0,22051.398092856907,0.9166177934654912,-12.211220664045731
113.56394024,24.79457982,97570,24.8740682567607,67.573872170857,1.985627876932672,3.015469220354813,1.3715062976271912,46.39560602593798,5.37672560334082,16.32104452918357,7.598731925513274,5.6335836364650005,115.9119245235258,6.427126908557081,399.5,33.86666717529297,2.1166666412353514,224578.0,22660.78411064307,1.199777777777797,-40.38968939791407
93.9367336949,24.7861433016,97655,22.98361764859296,75.29745269515243,0.6885437819990596,2.3486189586184385,2.005673654142455,7.74902054680528,0.46206870064457,8.021394319645688,2.690958682295621,1.1494173278854964,780.6108282249871,2.0155435688014887,1248.0,29.460000610351564,1.2066666870117186,406161.0,6327.147938871529,2.199211209133466,-1.172226733612888
118.179844626,24.6810994356,97789,31.56161255129112,71.73398499076428,4.83200981624479,3.861812512272103,1.313148010938915,10.67385362899866,7.04078311677854,13.249651874790846,5.486651681027552,2.2427022724489416,36.495761132464025,3.5173709741876604,292.25,31.970833587646485,2.9875000381469725,422816.0,42169.772222432446,1.4709838969404814,-16.960378393760106
118.547093728,24.7716920228,97802,31.9552718127768,73.84863150092377,2.647642955753808,7.722208300615403,1.1305752969821865,15.37215442945217,31.1990110530536,13.589733397293106,6.743605637924333,2.249274553563222,39.00872219398668,4.25370835656744,285.4473684210526,31.76929827238385,3.0122806990774054,3294357.0,24891.46384833216,2.643337548190509,-15.975968805556503
118.082208764,24.6117750876,97832,28.116009913966888,72.29286282554838,6.08633480314636,2.0601348963555983,1.4742209288233972,10.19431168656124,38.93865717340695,15.033079277856958,8.217408749066967,2.1733889997516025,25.9379579517246,3.893926445854415,297.0,31.88333435058594,3.066666564941406,139173.0,31983.42407650909,2.230784313725394,-12.301118366319558
118.011255141,24.5884995141,97856,31.30870886007791,75.6562979908206,4.314870785071975,2.2069401636252004,1.4370227681801775,4.45610720233253,18.2270420546696,15.579411284292556,8.281044321235024,1.4229213661231523,16.580205314250247,4.004840551613483,302.2,31.65333312988281,2.986666687011719,331775.0,33183.632410519174,1.5409939393940135,2.407085847555539
73.710919506,24.586263917,97891,19.89280135247373,73.14750784495845,0.7373031459144455,2.1932973626865,1.536856274328672,16.912453812796528,5.96854310774758,7.760549982794146,2.480605125517989,3.978267155678455,621.4206850157158,3.416804256127668,585.8333333333334,32.61111094156901,2.3444444274902345,792859.0,3059.357221145248,0.1576034188034931,-37.6306443390996
46.7246877198,24.6998894041,97906,30.493771965582923,86.67108085580556,12.005560336380125,4.141359392235036,1.249682072914234,0.9512676073657,0.0049909361465174,13.265252929097786,4.317685582921905,1.3805272261855726,594.5249974803071,2.780175549887286,0.0,43.84555305276268,3.723497284435835,4996391.0,64372.589924207394,-0.503839701771085,31.1116922518238
117.944498415,24.496140164,98031,30.01869517559372,73.24895221738953,2.993332374663068,3.282140063483091,1.7181211779203267,13.29391987346516,23.63658591980481,14.21406705576032,7.223437579381647,2.5031646505740053,28.62673823031881,3.717378949538844,304.0,31.826666870117187,3.019999938964844,224404.0,12951.175402399243,2.108874184886816,-16.46268174050335
118.130456118,24.5028802118,98033,28.41021654035977,75.30266550432442,9.015544384053172,2.2840550490915894,1.1197669142570632,8.091778924325629,58.69694056860453,17.675091048797732,8.862656084623609,1.3064887017602558,19.7662604143912,5.432671209299071,272.5,31.783333587646485,2.991666717529297,1607819.0,30845.14365982738,2.822150537634404,0.9330156751684556
117.671172838,24.5112006956,98065,28.91878941169218,70.96328226396507,3.050366261191246,3.102474537096289,1.0719509768011748,19.04063873859437,8.15708635073598,14.509837341806396,8.68224555604409,2.5468193436896858,28.66282183182041,3.614438476897788,330.4,32.160000000000004,2.2933333435058594,509166.0,24467.662304631504,2.0821895424836043,-13.322984619980245
39.5941303162,24.449348061,98152,27.25873013853164,77.64009604552955,0.1857351909484539,3.1387433798304136,1.042771662663916,67.1856057403225,0.0023798551144206,11.15724237471043,4.184413346664049,3.732747854695232,708.3407106820222,3.30768418090414,1.6153846153846154,43.84555305276268,3.3897436053936296,859905.0,68338.28919706243,-1.4493659498616012,-72.87659786994448
109.559173705,24.3850250489,98171,28.02900127845705,64.71284557004046,1.4753129372744822,2.454553502548116,1.7950280435225638,8.60522107894146,4.23179246568589,15.438562749339155,11.526126643599763,3.5412762956901296,112.02390781227314,3.709521886290347,756.5,32.43333282470703,2.166666641235352,79401.0,6902.423974509137,1.0908571428571427,-15.249881966675131
102.535732142,24.3636315572,98224,25.74764817421184,72.98912381963446,3.5661515665721244,2.2086027131729464,1.822249171401992,13.45456789897679,2.6133630819030502,15.580436317136757,7.840669400184101,2.21717722531219,1663.876498451774,3.67397762172444,371.0,26.74444478352865,2.088888905843099,276754.0,32722.510095608388,1.1464007421149596,-25.230751243885152
109.387011478,24.3250568421,98316,25.50102593156489,77.06541491452164,3.2835305646028186,3.257083195028108,1.541960782029557,23.99159651684326,5.7414503239218,16.46907147810004,9.113399352896302,3.7404839145792073,127.35542645024002,4.693812870796698,746.6999999999999,32.59666625976563,2.093333343505859,1112466.0,12674.411987422534,3.6132686529156217,-26.948445039940296
116.100695199,24.2906880705,98320,27.17789744933768,72.23560477871064,4.216308696921615,2.228860944991077,1.098068027378678,47.19525451929001,1.6646398582749098,17.54774420231852,10.60302363418901,6.309985086804453,140.52392403307505,4.619060155711164,337.5,33.958333587646486,1.891666641235352,364414.0,10087.405516802315,3.0065820105821786,-53.29080785501705
54.5185135818,24.379597597,98324,34.53452133719369,79.52586282398825,5.738130137424185,4.578501576395076,1.38128500114905,17.58246792982699,20.22240856558848,15.4760285566476,6.143149503080329,0.3575658029502748,2.124853044811655,2.120352901178904,0.4736842105263157,42.07017549213612,4.035087713944285,1125691.0,102934.64640207656,3.18890129682984,6.183285945747203
120.543703001,24.2457745135,98378,30.19580872666576,69.71645931018058,10.255914823393312,2.420563710509548,1.3425469892475406,13.05293115086926,14.66463015796762,14.774370582846633,2.883699583440367,1.9682537712852504,52.79483027260152,3.33327414695044,346.25,32.03333358764649,3.0750000762939456,200656.0,48688.329210190575,1.8376739926741263,-36.99144183606495
55.7259266027,24.2115661203,98522,24.78898085159335,72.4170808199394,4.878748889334771,3.951632068642649,1.5875233814213712,0.50906663120078,0.01693595667981,10.451260256127512,3.8129961829755694,0.67249104441459,254.9371356595997,1.8953179372720528,10.555555555555555,43.59629652235243,3.137037048339844,525269.0,121138.42136074456,-0.8044753991529277,14.985750957076078
-110.30754114,24.1241020731,98585,26.25869366096912,77.26650517370811,14.77552758184034,2.28053562860134,2.0408817840985525,61.789699350890295,15.32716269420617,8.491525943957123,2.575695841107152,2.540480607337273,75.63778087765888,2.996189057006237,61.5,35.53333282470703,3.35,196127.0,35151.94200696486,-1.5605288152996764,-33.27573832051755
120.670972839,24.1694846343,98593,30.474327590571832,75.28664840250376,8.937085587872042,2.9076076660548256,1.6616380248444873,42.75888758270322,0.90083958842388,16.613700870490998,4.610946906266691,4.566272511096678,178.3971390330974,3.761000194288617,451.3333333333333,31.93333312988282,2.731111114501953,1814884.0,59060.4366383746,3.89815813977242,-61.598221564476646
32.9060588418,24.0892226589,98608,21.112930452173607,76.23842292956314,0.4241751671544615,2.305835153954144,3.0236422367105487,39.00304205995913,12.925725571850949,7.881333989461759,4.33488527148953,2.1544966058654205,134.60515238605194,6.249852226957286,0.0,42.87777811686198,2.7111110432942707,316779.0,15995.107286152172,0.3416761904761003,-6.102938247286232
120.500930943,24.0770954026,98646,32.119809496925974,67.9298463248107,7.405124920681432,3.3157985119944504,1.6924865364586714,1.99845559236428,2.55409300421655,13.727583446769914,2.330036927734598,0.9900304305410068,11.414568117694529,3.00750969444058,396.6666666666667,32.48888854980469,2.8666666666666667,274058.0,65368.89891190917,1.057463871120774,1.9262880268103029
90.2923641527,24.0162024594,98676,24.63514780042425,73.69150724676844,1.953851063991166,2.3858900832980123,1.8639381034758733,3.01038518972025,2.15014680508058,13.289706133740951,2.1319591780466185,1.6742623452072978,11.218095006265203,3.159653666877304,924.3333333333334,32.14444478352865,1.611111094156901,145413.0,34173.29974624002,0.9856666666667024,0.9908774245748652
-104.65022717,24.0263405891,98682,21.31848606024439,83.34929710351628,17.835608077207027,1.8136679514781056,1.0374587089902845,17.21884271526673,0.33223325828043,6.244211442965077,1.9643197147345792,1.355030826986015,1902.898827736652,1.913209696660128,253.8,29.24,2.5,556416.0,18134.93429556303,0.7160857142856685,-11.312514733258467
97.8788710702,24.0059136806,98689,26.10270157139271,76.70411465813011,7.75883749905049,2.034362324859873,1.3362397532380057,25.681954270591216,1.8632661966360105,10.700468917005416,3.465839009880102,3.458026468549681,803.8847866693286,3.615256851819874,702.5,29.23333282470704,1.1,160280.0,7283.2414462191155,0.997556818181689,-24.58829092460178
120.567884922,23.9518303269,98763,28.60475215588368,68.50476294173671,7.301145371171615,2.645001027117213,1.513786325264206,11.23978689578378,0.0,14.542000611389383,1.9542868381928475,1.7163299267412369,50.1736483340208,2.958095542183134,483.3333333333333,32.36666666666667,2.4333333333333336,126484.0,51019.66136428324,1.4541481481480218,-19.54056881727585
90.2939736343,23.9236332082,98793,22.970480099420552,73.07241012428521,2.942534778842176,2.142683620142474,1.6644724623982778,8.411085749970159,3.55657378361556,13.131526604006368,2.064398827422765,1.2565736853258782,9.83199953831225,2.870051613021563,939.0,32.15555623372396,1.6666666666666663,353498.0,16599.610521134484,1.628173076923133,2.4918218800645207
91.2820937112,23.8263157191,98912,23.68153522988475,72.46541545025093,0.994247561948114,1.8844289934888825,1.7316863063272558,16.83962097405643,0.13343086814066,12.35708427528629,1.53927566668739,1.8617073900736687,18.284197992342367,3.54612430998776,1190.5,32.083334350585936,1.4666666412353515,418514.0,8686.12727650688,2.0839024390243104,0.9653493293068536
114.701926042,23.7676257872,99008,27.36306815093486,78.27979289241625,3.1041146005211937,2.216837469941285,2.208087043765567,19.19030090024865,8.33460451239299,20.302148471791387,11.029065551171898,4.133774739360812,69.95876646161341,4.146134240671717,532.0,33.2,1.7833333587646485,303536.0,11754.401306599546,2.4772467320260034,-16.275651090985633
-99.1467681291,23.7423280697,99015,19.95505700129348,83.27072544426312,16.83631468082636,1.6348588824931147,1.051802786240536,73.24109344852698,0.0,6.367418378230262,1.7858760361049415,4.868247687365954,414.3560686886636,2.4254651765671817,233.0,36.57777709960938,2.088888905843099,307391.0,27213.384002784725,3.798709677419424,-92.63959352009118
86.3892233004,23.7793820003,99028,18.14595449118047,68.1908922070572,0.9846355222567844,3.474632264353114,1.1003807350652877,5.318939473965649,0.20393404519816,6.1045777562663295,2.322142419910338,1.3627383676602856,210.54281710779364,5.321951066275156,890.6666666666666,33.411110941569014,1.7388888549804689,582083.0,19192.704420160004,1.1369519500651109,-2.4754382403327497
109.216935844,23.7393997754,99033,24.21206555526094,68.82935463462458,1.5954617513555536,1.7382179883382496,1.0812820230684816,3.59203797367013,1.27874606547775,16.935488793211924,10.210915784722488,2.030758282676302,88.75339702137298,4.074647722883099,603.0,32.71666717529297,2.2,126636.0,14337.331603967272,1.2804928989139022,-3.290515058079322
86.9561526483,23.6801386426,99108,18.47714524064926,72.60065517856287,1.605189749267207,1.97934315847584,1.3734498899236407,0.15576961374046,0.32034231962212,5.962927343607863,3.4393342731584258,1.0971291439214008,114.01079113662765,3.020778520661472,890.0,33.81666564941406,1.7666666412353516,330530.0,17013.30116177049,1.3110780259167427,7.202090514841828
58.1213443884,23.6459040662,99201,28.879109655774048,75.76019521909197,5.007724941684486,2.1053598684202024,1.5760058328337292,54.91334397746299,0.0057395920095425,10.677429594116887,2.5560564167730107,0.6312492713957754,26.63680850127848,1.7518841579361255,0.0,37.13333333333333,4.044444376627604,94509.0,67886.34218963272,0.9213353489543152,9.561001609208091
90.4243438874,23.7652627824,99230,27.07696238984863,79.58100810341945,3.967397609706071,3.654513153092827,2.800578555652475,1.6009088186286595,5.62740990241923,13.586804682148754,2.94033673687629,0.9490529189313058,5.4098881158021,2.952854922306484,1045.782608695652,32.14782582158628,1.6463768138056218,12647110.0,11640.92916152386,1.7278494566982658,3.250294303672784
58.2149073803,23.6198183724,99252,32.95603665203708,76.17285013484944,10.400274210663662,2.1394372801869466,1.32442833795378,31.100416745312792,31.54972495352522,11.882968871545009,3.048424452600465,0.4048847467030379,15.319119266790269,1.9930104019867136,0.0,36.67777811686198,4.166666666666667,154359.0,76505.5334836323,0.4624571078431856,6.319329403143046
116.586637137,23.6391667016,99268,33.61592268779834,79.71325553947094,2.468465758260341,2.3417134247797304,1.2948228323303246,18.088772825758028,12.69931925170864,12.269050788511972,5.125370220928784,2.6764389332552314,26.720697713163496,3.5374701600569822,456.7142857142857,32.50952410016741,2.033333326067244,746426.0,23310.629029535427,2.972062618595828,-16.299675251265597
58.4098321996,23.5877631048,99295,31.63381064785753,72.07364174833096,11.138438680819071,2.232555822800024,2.373837665526836,29.10692419442334,47.20918282763992,13.134935583877986,3.6442667133545377,3.5732479019591983,51.41853875869441,3.967647092276135,0.0,35.84166564941406,4.125,401303.0,32884.74406122059,-0.8474626865672121,-26.90166463755715
87.2904410695,23.5445793864,99380,16.25830495735586,66.54257090859858,7.634989101286346,3.118828852965649,1.5646144662189103,0.54413143461602,3.7258599694882,7.131370856734409,4.386459889011847,1.180769347774229,84.3423211826779,2.727539555844363,861.0,33.7,1.733333282470703,289992.0,2341.922290959751,0.3945896877269774,3.3866082768501684
116.355860496,23.5532430984,99393,31.411543839024493,75.68113166126176,2.0575751719495643,3.738096932347125,1.358368189436164,16.64890433503563,6.23562466372178,12.95381712537803,5.989071367357924,2.1005542072101497,21.29394305342764,2.8943203200350665,443.0,32.737037150065106,1.9851851738823785,908883.0,32004.2510961257,2.3860275889645663,-14.285917817640192
116.781042387,23.5030885715,99444,31.86172238402582,80.13326609610402,2.7678842769030667,2.907062248438001,1.7989450110300162,8.712970786643549,12.607127789277513,12.11989938914489,5.242287305218389,1.2782258946366964,8.863190857016047,3.03837704538624,520.0,32.09166641235352,2.575,448388.0,26477.823978340188,1.907159907966616,-2.1007136278059546
120.444694902,23.4819615269,99446,31.38146482864439,74.47692025477237,9.405868080699896,2.023051585181482,1.735993456346921,6.30906550448216,2.0659339780958503,14.57522034137807,2.131209483989256,1.376694067663395,42.02368528748855,3.440920447164717,609.0,32.36666564941407,2.033333282470703,236674.0,58873.35156375436,2.19047017543852,-5.0617392841912405
104.239607254,23.3778852847,99602,26.13441120956432,75.2088364024141,5.234254398729843,1.6196579810723553,1.921051261959441,27.89527872727848,0.12622277231483,15.728756062407118,7.3618246391944355,6.719871041456525,1383.959697665412,6.636946496929724,526.0,27.4,2.333333282470704,154470.0,9763.906888068885,2.018683982684081,-100.87853600415178
116.685380523,23.4390873883,99623,30.796317570788712,78.5467356476938,2.942860306611044,3.2426067052002576,2.1619661905191623,9.47614452235346,23.90954862641205,13.36491538233539,7.102925968601752,1.590511604277977,14.568813614695246,2.971644881748788,519.4545454545455,32.18181790438566,2.436363650235263,1469682.0,22551.99862963552,2.5981889623543,-8.597697909577798
85.3245523008,23.3574806947,99728,22.94795259765116,73.60318641275005,0.6130830979145881,2.420860768459732,1.8652294608099829,6.9911532154151,1.6136176529475,7.809349577187214,2.555173737166054,1.173453089202502,644.4674641479294,2.7847362655253605,972.6666666666666,30.83333333333334,1.8,718072.0,5695.295246159162,0.3831139944392703,-1.0050538209202386
116.183607272,23.3005456597,99734,29.34609228994227,74.22119041761947,2.767197093366413,2.7592374809773266,1.7475060972916947,21.75257626624194,1.41806506803062,13.962512868199514,6.524575120757995,2.464475133123757,30.232529185234288,3.228439137529597,457.0,32.35555521647136,1.9222221883138024,601854.0,25313.319652274466,2.0079958847736634,-14.517261732307988
-106.412114714,23.2496245284,99840,30.56752826411176,78.25411318768829,16.739391273408533,2.200560521378126,1.3028106135156976,25.27848726506373,45.68395973323366,9.659487670345598,3.1829618363578787,1.4495884805250934,17.631043804767575,2.145761709689704,310.6666666666667,33.555556233723955,2.966666666666667,403530.0,21522.000785567365,0.9811348684210656,-3.759246572423661
116.41849774,23.2346717772,99896,31.621756011783468,72.38880167696472,1.9768829071323564,3.7114799951212887,1.5806202159400569,12.29950863331414,5.601386887471859,11.169099337861589,4.649090077426577,1.5763267921023558,16.79260302381397,2.572269091689067,489.0,32.157142857142865,2.438095201764788,882819.0,21651.675517858137,2.542631673881658,-10.372477843860413
77.4320160034,23.2348582819,99918,23.20966875730617,73.01826615843707,5.944081662218079,3.137525486264056,1.4609118695462229,10.77691351201766,7.64292061982227,10.658284023603136,2.309302652588188,0.8566237734217742,487.0753033235344,2.852658540383937,882.2857142857143,31.80952410016741,2.4,1588933.0,11620.742636096047,1.0491168091168106,9.230363717636294
79.9278788092,23.1709371351,99987,25.60951858362639,77.72764154839943,2.4665306355029464,1.8422122423036065,1.41000625929348,24.5835450515997,2.76869048855455,10.224523517409468,2.217690213413322,1.3805786473682884,397.456127530487,3.0034178371711664,912.0,32.15,1.733333282470703,854205.0,6441.440395455425,1.025401709401763,3.418947884747979
114.412578689,23.1516060811,99997,29.21597951253964,70.41244542110968,3.569575619492952,2.088146190482325,2.367220903299634,3.43406336562784,25.11221163546288,17.297327088765773,8.504941400337861,1.629536158669842,18.646051282788704,3.7325022618387793,573.0,32.63333435058594,1.966666717529297,146578.0,23848.637871986244,1.4435196078432,1.407160374231104
109.592218874,23.1006587715,100058,26.13575348506117,74.85491414721544,3.698924258688393,1.975568510789547,1.4189448865864382,1.60372761315575,1.3995754348068898,15.97364128690339,8.997356878264604,1.241886175313527,50.1515721626478,3.5571388548369227,418.0,32.56666666666667,1.977777760823568,241390.0,15056.104780645432,1.2581848515181342,-0.9636075071258148
112.468595744,23.0739925963,100086,29.3132450889379,76.16230283975658,4.695626299176504,2.2083478634062206,1.5871303642362975,23.313979573451853,39.11205279390102,16.522610810641375,7.684905840713206,3.872430681195166,48.19139302086647,4.007224158985862,524.3333333333334,32.99999898274739,1.9333333333333336,406200.0,14506.704766125064,2.206536020903343,-34.61096294663666
-82.3799490148,23.0975258776,100097,25.00105761266877,78.25864998101481,13.35171199102956,2.909219213417224,1.737923984235951,15.93144089930783,43.81677415307354,10.785307223928728,3.046339728002238,0.9490123586338278,26.304650262368543,3.390488775111822,558.4444444444443,32.907406955295144,2.403703698052301,1060015.0,33022.33452828498,2.5025658522268337,6.871924835596975
70.1128341891,23.0649186562,100119,24.76236172838219,75.17957472757466,0.3933969876508237,2.3425484438995525,1.2270422638462737,3.5001146636391702,1.16819598705574,9.700168252966945,2.6797554208131165,0.5320952269762039,18.8426613330082,1.3965894152364615,509.0,34.7,2.933333282470703,151631.0,9108.900396356945,-0.2022377622377611,2.813982862845581
114.432259127,23.0783613028,100161,27.54225340019369,70.11221495057652,5.283729154684636,2.724814173055291,1.9827005869283831,10.37776918592714,17.421338360565013,21.897968697488423,11.141606366587638,2.6255265025563395,28.30607978587891,4.497804283922604,588.0,32.54444478352865,1.933333384195964,259071.0,39396.22968993057,0.9889750957854596,-7.501682294221684
114.330297287,23.0214680015,100195,27.80851124298993,75.80998359812003,3.1440742504123405,1.636267272152078,1.2008160283618368,17.3781650162803,1.32931469753862,18.95009682762184,9.84190395258522,3.574767846238816,37.77077129599464,4.330001207309172,616.5,32.56666717529297,1.8,269885.0,21554.738218129947,1.7448739495799828,-15.943326326779545
72.5856888627,23.0311339397,100252,28.8958269610893,81.81915586912815,4.929862925678298,2.534331221532591,1.1482143995156644,1.88894127623664,0.67808559771132,11.652914619585346,2.393410965878647,0.7725755123281505,49.91372301932231,2.256380071283512,796.5555555555557,35.022221713595926,2.605555555555556,5654356.0,21582.29412580319,0.1679136259473921,2.2509583996052527
112.936946116,22.9586928739,100300,30.85233748301815,72.30721392462144,3.403018275724494,2.340700058244324,1.4749227064921584,6.29944999849658,27.11869227663748,14.332714756669343,6.293709772187607,1.7908859633315477,14.551876009149028,3.4081269538657906,544.0,33.0,2.0,145899.0,14630.058026442948,2.1002898550724467,-7.399570079535188
120.231118411,23.0057113825,100317,33.26951881927139,77.26365378418069,8.420564310358875,2.6858000741250474,1.217285476292129,6.141088364063281,16.52169014442672,15.215689992126888,3.669976226051465,0.8788770570604519,10.157899139256635,3.1642816291839417,807.875,32.91666603088379,2.3875000190734865,835544.0,58044.67523792886,2.7409279065162195,3.493150289445083
112.83896096,22.8889520454,100413,27.9055757261939,72.5231851462389,4.709108034822832,2.386530215224841,2.1161583131680293,6.659843488598851,17.69237739714995,17.040675295757342,8.540617605638962,1.9933978060738395,11.513328567475591,3.7454815324951927,573.0,33.0,1.9333333587646484,86499.0,60983.25180637925,1.1729350403034573,-3.560784610628639
89.550355728,22.8252930542,100563,22.38895905328601,76.44036967750627,0.7559056564911601,2.0412870600282207,2.7712130871189795,1.81384903559668,12.10281906583265,12.16390265906998,2.363984793526978,1.0351658055667303,4.701590417479986,2.239138503264217,1025.0,32.833334350585936,2.7666665649414064,611380.0,7020.816853675293,0.8497338217337074,1.2211724301200473
113.371335999,22.8110833397,100566,32.05700502689356,68.9214297483347,3.194287115693397,2.240698331461489,1.550125068840419,2.3148180411831,17.904652706992948,13.11948474864319,4.100105896642815,1.0137692725684295,5.405572992733274,3.035090541945477,589.0,32.7,2.2666667175292967,45652.0,69785.07311837377,1.6512749112749283,0.2535571175083779
86.1945837136,22.7944323468,100624,22.65722189280903,75.57065539179814,2.53038179592534,2.895450472698833,1.196629536616606,7.655960976009831,2.3421952914684003,8.61644141620795,4.7731074632961255,1.931691934680052,156.20368518445906,3.502033583343647,876.75,33.44166641235352,1.5416666412353517,1013794.0,4526.728238675708,1.8066879783007792,-3.879516307054189
108.307662045,22.8238094729,100625,25.29816246139496,76.46920364132073,3.898614611949992,4.120127309372904,1.0984914802466272,16.21984816519976,5.92487354846691,18.8645080310798,10.083346801904298,4.094566178165756,109.3285052513628,4.84226996441008,437.3,32.89999969482422,2.116666687011719,1769611.0,19110.89093422228,2.51172801499132,-18.35109393638324
-102.54952469,22.7584271513,100635,7.59643805183052,76.27548884918598,19.07097777356416,2.290829901494861,2.4477055047506755,26.98333557679367,0.0,5.888652704393065,2.4986466752964707,3.494750446109354,2376.2281327964906,5.667108488525055,263.25,26.6,2.741666717529297,276753.0,17505.22282685283,-0.0766737363026663,-20.146993034518346
114.426941123,22.7697106802,100705,29.235910495015773,72.9823518380407,2.941686342905796,3.4600575796312487,1.0659188045538428,24.61813637147989,2.40897571032131,18.11770368445564,9.126573997506698,4.281909428833584,61.108413671793606,4.0520163129638185,693.6,32.06,2.44,421695.0,25102.89762743214,1.967653679653779,-26.793815122804794
75.8673730975,22.7219504485,100795,23.30134685701441,76.25582459222797,6.962010644213138,2.587613441137853,1.7109196672976223,1.58641337431772,0.6191803152398,8.848154748512673,2.6776059053462133,0.6414586501369269,560.5613510424073,2.174920459636112,821.25,31.650000381469727,2.6625,2128559.0,13737.550236098688,0.7783689709460759,-3.8827334222046375
114.017928317,22.6745011683,100838,25.3887073903225,75.62573021230247,6.173853571199098,2.8238101702036102,1.0430073883151427,45.82779334189432,4.8256803538938,19.25015060136272,9.121122015924684,6.41402556735556,110.67278413987786,6.584293721563542,683.0,32.27619105747768,2.347619018554688,1155604.0,50467.41833880811,3.169035998129914,-38.63831324925268
120.481924512,22.6529621924,100840,31.89393897278887,69.69815067876685,7.682859784511876,2.287221136821837,1.9214044566012167,2.61790949070457,0.44325510110241,13.914291423706588,2.2358030017425263,0.8375139944750645,20.133981024145747,2.712628279494361,952.5,32.9,2.2,145160.0,41644.621961973,0.9656125356125926,5.1737191903409006
110.151719577,22.6272644404,100884,26.14936356046682,75.27747052724109,3.799607222650813,2.4459096217205185,1.1569855448030195,5.5114510975155895,1.96750264702805,14.834237631947952,9.152559634756606,1.7933381005029352,87.14518549957475,3.442935738378976,406.0,32.4,2.093333312988281,412303.0,12367.909901213428,2.1377926356588013,-4.803789799465392
120.345712369,22.6319181663,100949,32.94738106746293,76.70723145493645,8.357634030386917,3.40151650631044,1.882732333333324,12.431604617898891,27.2702950725136,15.84382170412714,3.96280836279934,1.7170828210976097,26.75808443597685,3.895591899714685,847.6363636363636,32.85151533647018,2.5575757806951347,1828887.0,65217.93945498001,2.0924208654414542,-11.465637288062805
114.16524403,22.7070534167,100955,27.87722934918008,74.64764569945932,6.507227774953981,6.647486771463017,1.0048655943647682,40.38273382802426,5.54301563572242,17.69148957887432,8.570924195523252,5.737485480773347,90.52572699177465,5.75787962914796,709.3846153846156,32.296154080904444,2.2089743570181035,4381721.0,43502.23671292627,2.5814416467230217,-44.68799750669178
113.836027271,22.9124699458,100984,31.511340721862428,76.90394689948593,5.239549821623654,7.722208300615403,1.5309468322038404,19.487688741594138,27.459925325832568,16.320512796611837,6.782571543368124,2.899665318944783,36.33555355246282,4.231543013238229,594.5873015873015,32.63121706039186,2.148677249484592,9179907.0,28714.8666662963,3.1394004112900085,-21.541634628218727
113.066705571,22.5695154405,101029,31.05606600081564,75.76392873684874,7.547748372132691,4.062004843696411,1.089730459310503,11.01480561727009,16.51530186968694,16.218709091548206,7.087887889701199,2.2156577248946814,18.728314540047,4.758292464107611,662.375,32.47916679382325,2.06666669845581,793952.0,20526.844163123213,1.919777777777881,-6.201732598918122
113.249596728,23.0008449083,101032,32.5607630918903,74.6546715924501,5.221284548670512,7.722208300615403,1.75843461485088,13.57074625714784,15.80353073161232,16.056604527954665,7.562067614427573,2.325558471046981,24.56901808107441,3.943933069381637,554.4916666666666,32.80916666666666,1.9877777773539231,13323229.025000058,22865.726007069115,2.7246458068144648,-13.862704847926675
70.0600173336,22.4708123987,101037,33.59299728698818,75.43100350526561,0.8793650465361853,2.0631000040588328,1.012157285391626,0.77809692835403,0.6397876072473601,10.471536678726618,2.5395763542670924,0.5412456356528617,13.171558461638794,1.9338661505914403,1022.0,33.7,3.1,259874.0,9460.383043320991,-0.0232323232323814,4.04524250062787
88.3706133076,22.6377771192,101040,26.54029780719893,81.4423813462308,7.724709876220212,4.860703738621445,2.4780909783897065,0.94587999386411,6.86998994861768,11.142578859550332,2.899901538113429,1.0098894711877993,6.371659397648742,2.3924642765396658,939.6764705882352,33.43235285141889,2.185294117647059,10375296.0,10717.473359892572,1.9259105997333563,1.6494844753141802
114.003695515,22.4340631371,101128,28.093732788413178,74.57846870155784,8.559820804917363,2.320378466378336,1.5307717580089852,31.06259664686431,7.862517412126039,20.96805650231633,13.668412234625633,5.028956443600889,57.74191953788821,4.510683844161312,710.0,31.83333435058594,2.7333334350585936,565187.0,68345.01895478842,1.4638043478260556,-44.98237757520332
114.173065376,22.3313693671,101228,28.233350320743188,75.93399403900237,17.08835497515151,2.3489165036338355,2.2606352448174727,34.12587817497732,31.9449186801459,22.850185381641253,13.668412234625633,4.8880523421379545,86.40562907038574,8.701443504138112,803.5,31.36666717529297,2.383333282470703,2660444.0,46960.43375617002,1.6656182795698555,-56.9347001962053
91.8144658271,22.3495228218,101247,24.93836812198549,78.49961003814752,4.245416901056765,2.427760081325092,1.5080771568753504,9.66806431405068,17.88111926345298,12.550371654235397,2.606741335350724,1.2889469795611967,7.862208581161643,3.431361616865561,1764.585000000006,31.333333129882813,2.2266666564941406,2310708.0,8340.562392998156,1.637005942112296,3.3834847110343764
73.1868936802,22.3028407534,101287,29.81702894653422,77.29028745383727,7.6229530888724435,2.443658682031675,1.0182987844698124,2.23809753337622,0.15752205234733,11.788374446211447,2.27734706073196,0.7428652970630856,35.03907182626463,2.3086875341058337,777.875,33.7625,2.754166641235351,1611144.0,12354.88343437955,0.0377111450641756,1.165143935670919
70.7943290401,22.2870632843,101295,30.58186173984452,80.68029226903617,1.9674840653833183,1.917740321642259,1.37733985830377,2.71927731866356,3.5268084048069603,11.389381127754636,3.415238603978505,0.6568071973720839,135.543515995135,2.043112395399277,935.25,34.358333587646484,2.4499999618530275,1067953.0,13821.345948744933,0.3796920266215124,0.5714792782180211
-97.8544177913,22.2721265118,101311,26.50202682002799,81.98951874529175,15.22572441906406,2.729019513022091,1.81435231106768,2.53593224844864,29.37525606131659,9.314062718771444,3.103676794963717,0.6725621567311229,4.833537103242361,2.4461364411224698,439.6666666666667,33.70555572509766,3.1111111450195312,507027.0,24055.24174846704,2.7615631519819885,7.695664682357573
113.514413124,22.2490737058,101337,28.76358656683744,76.16855806413034,9.06816660292417,2.6941533530050195,1.1386123850027714,18.4956628162459,29.02724485249088,19.617933576763868,9.565311878990531,2.9028626600638656,30.133690739648987,4.749987891491729,746.1666666666666,32.39444427490235,2.811111094156901,940766.0,26837.92238133606,2.5108476042206576,-18.59850735586788
82.1469139538,22.0815352787,101483,20.7972975320108,72.34560102058076,0.717765823902852,2.087969147850224,1.2801073151316942,4.09303480947686,0.16881316235719,9.10414867093908,2.2546882137853093,0.5706819020737757,269.3978567717547,2.036146852380583,1050.0,33.300000000000004,1.566666717529297,280711.0,8204.566978137658,0.6314364035087081,-0.6747619621743297
-100.955873072,22.1407003553,101511,26.05226196515925,83.59180109833189,13.171928570900793,2.553014170590868,1.4587945680736851,60.51111570762958,0.68277914124424,9.525956931258447,3.049897791455275,1.844116642064331,1919.2587366766857,2.0530251120185787,187.75,28.744444529215485,2.363888880411784,1140892.0,22020.349977035497,-0.0614388120840203,-42.48723392064676
108.63241177,21.9670169656,101590,26.082050519099408,71.96630718394724,4.341462778201571,1.828899653398517,1.2284506762869205,20.30880958415899,2.51219763035977,17.237515257960847,8.28805517980828,3.36788851982447,20.19965570742655,3.866750305593374,522.0,32.6,3.033333435058594,176745.0,8565.855226456197,2.372857142857068,-7.583660652717899
96.1012508363,21.9414371911,101656,24.018288268696512,82.8364813545088,11.191361351867188,2.147622682200359,2.593955665189004,3.1984841195543496,10.77535874706876,10.79487559987737,2.148266705696997,0.6434255187571865,72.50411199524889,1.7338344716722796,223.3333333333333,34.688889567057295,1.5,1202538.0,10709.488425313795,2.753448409020677,3.399767929495084
111.982818836,21.8744762324,101682,30.72275020961977,75.3846710577164,4.654146055014415,2.8650603929621763,1.5712000366381609,9.02609694005795,4.45615037664334,14.726860921115508,7.708247022475002,1.709233984298817,14.10403066906448,3.6686142612366814,766.0,31.73333312988281,2.72,452732.0,12698.84065186468,0.8383536632143809,-0.42976818896725
-102.289212228,21.8897118102,101705,23.503505779188743,78.97754586609653,12.846182420122249,2.9878553557298693,1.832566177839,17.136710369741433,0.0368443243908,9.492056210877749,3.2463536459626194,1.3985410894346644,1910.3388713414363,2.5564544169166004,298.6666666666667,28.31111077202691,1.9851851399739584,900445.0,20917.02415805518,0.7810792103044832,-15.691788044583973
72.1363506153,21.7590336445,101748,31.51706011025565,78.93643505018323,1.2111519101167778,2.0346231637440617,1.2634597739388678,0.8780754782501901,5.71843474903445,12.062797311167497,2.044763154609578,0.5672423165595434,18.503537259979787,2.0430841102287487,595.0,34.13333435058594,3.6,303655.0,12943.543383115706,0.5699083861874215,3.777936947053583
110.90459717,21.6650183071,101847,27.00114565634877,74.28871105962835,1.5803184464422253,2.155425694944616,1.3364823379322113,5.03796539698152,4.86552452484149,14.183782802206393,7.130483443213301,1.3212295004657035,18.19606529271953,3.211189124073719,522.5,32.39166717529297,2.766666641235352,450130.0,14203.321624863926,2.0825787728026626,2.5867764068363712
-104.884330045,21.4986916236,101967,23.70179034196887,79.74014552103135,16.11708711285758,1.580762855643396,1.5895689244420506,33.65608161959184,0.0,7.43898152995459,2.59713884050867,4.448105364386493,1002.4950220054526,3.395388580772292,766.0,30.63333435058594,1.6666667175292968,399896.0,14485.03328365375,2.123257978723359,-62.08332041594258
39.9399958472,21.4716602518,101994,34.53452133719369,76.25536366611458,14.083402523156952,2.01262563397308,1.043075844862885,60.06047442215839,0.0,14.060949059224962,3.049610056753495,4.913770772103941,435.8520524195888,4.73730598448245,1.5,42.48333435058594,3.0,127941.0,74833.29819995156,-0.6951843137254059,-29.42966492916122
40.4855726631,21.4491201064,102017,23.2634289486202,68.30651962374311,0.284518751299029,2.3664372236080347,1.1587638531210858,53.9188662426507,0.0,7.474457672290423,2.7083801252788207,1.3498373133349764,1507.1857889763,2.265059785851165,26.5,35.88333435058594,2.966666564941406,146790.0,33375.872716125064,-0.6600491400490682,9.693689859062715
109.123348202,21.4588806474,102031,24.97759677345857,72.05709796159023,5.241963857254986,1.7702433592599818,1.130036038075143,1.3565351188885,48.27830407030949,16.54992152986288,8.920274281477656,0.5964035818737683,4.759275638962766,2.991035328438932,586.25,32.833333587646486,2.8083333587646484,358709.0,12449.069552199691,0.0577582417582789,8.403098161188462
-77.9153761681,21.3825458658,102072,13.82033920041029,76.4626062924398,13.944961684787224,1.643784498187715,1.3550226367485938,17.106910800210702,0.0,6.163242027624694,3.3754197691500654,0.7251973506883429,101.05997021338574,1.6334267148050523,351.0,33.766665649414065,2.333333282470704,253008.0,8306.440021659393,1.9448739495798577,-2.0281516984393733
39.8307303431,21.4038799235,102074,33.30572329960053,75.27694619674986,11.380966043338256,3.1757188038048785,1.0271904707711457,61.58839879402832,0.0,16.846685667109107,5.852874826297263,7.028504022172297,366.0784692106966,8.594347546808313,1.0,43.14166641235352,2.916666603088379,1250024.0,50937.62579198479,-1.6610741036800007,-68.44549396027378
39.2179482927,21.5076320149,102136,34.53452133719369,81.0645536327595,10.617309014690056,4.38575210924584,2.059421780355954,27.77123614775971,45.30635879583534,11.362218102279682,3.290393253206761,1.4162893093522189,42.80012206311696,3.252593492455844,0.0,40.04938275372542,3.5703703477647566,3674771.0,59015.89242404488,-2.265823337913561,-10.125047463837582
40.4218996238,21.2674448581,102222,28.8446271889447,75.08211463558068,0.438336865317144,1.9029546116862388,1.2489800505604731,66.08237485764047,0.01194216340017,10.311886649552113,3.156951378576281,3.266372400577111,1685.3084836698836,5.63301712203479,42.5,34.88333282470703,2.683333282470703,488777.0,30043.4553098857,-0.4179964061095873,-5.772763274717136
81.6294021245,21.2600372574,102242,20.91218683699431,78.9201015053642,0.4928642107039601,2.116091942045192,1.3224836571808096,2.68461244729995,0.52991603623013,8.991029385514434,3.053540407312081,0.5591251951064882,278.06099263369634,1.7978430886068009,1058.6666666666663,32.68888854980469,1.777777786254883,1109888.0,5294.045463145829,0.1297983481379105,8.675939530645792
81.3538449602,21.1983475614,102332,20.82864657926812,75.09650778389617,2.259722397969157,3.182716051749685,1.5848912288852095,3.45838562883782,5.79444095039689,8.990938832466725,4.4930770052297015,0.5533892430250159,293.59901664718296,2.047682422941345,891.4,32.48666687011719,1.8,967481.0,4991.015596171913,0.7383263305321179,5.709021310832782
110.37133463,21.2330637637,102339,26.26034647444316,75.30165139918964,4.263686809670815,2.962006286752061,1.9407333655275043,2.81700505451737,34.12890630841432,17.410975438852088,10.593471366157864,0.7107158748551498,13.280244833896628,3.310690534452468,563.25,32.58333282470704,3.025,785308.0,17229.447973279275,0.7821545952525639,5.203468594904511
-86.8669858931,21.1622664682,102358,25.968102852403668,82.16337718008192,16.874979128991242,1.959192761230928,1.140149799486783,39.11423358110787,6.70299154366235,9.972814245309149,2.7347850377659104,0.5655494792486612,7.563120094532372,1.4192818372301228,485.6666666666667,33.788889567057296,2.888888956705729,688437.0,13955.26440618387,2.091893461871223,0.767350503282688
72.8350215992,21.1759039938,102414,34.53452133719369,78.70274143953947,4.118998927508402,2.879001048675167,1.4719686745368823,0.65529445674803,6.46359545798391,12.619677198059582,2.49096920050242,0.6345584824204628,10.547972974113089,2.749558613737141,1577.142857142857,32.452381243024554,3.133333304268973,2786108.0,31904.39500945409,1.501209511327545,3.1709099094439708
79.0936410063,21.1418502118,102418,23.18155197915146,78.55736856341174,7.897738744255738,2.399273852491676,1.1503578726855253,9.32864256535324,1.80141900870783,10.268317740124676,2.696369795513623,0.7043941144921884,306.17992058810086,2.1097143536151566,1016.1818181818182,32.733333518288354,1.9545454684170809,2630623.0,8740.459625343503,0.7194208151227599,-3.3087495857068348
-101.66500829,21.1261638941,102439,24.80781447323778,80.86232745129878,14.179119741460376,2.317462216762907,1.4221075972535675,20.86708057425813,1.17294091430762,9.48378367557866,2.8410917760527483,2.5460318253192384,1909.400548518192,2.749112494183673,367.1,29.2933334350586,1.7733333282470705,1649753.0,17258.912108661116,1.536629404214921,-67.34221113383956
75.5661533694,20.9994030738,102579,22.83296757386056,78.29499149010454,0.935726700329256,1.8120204052491589,1.1553235584080876,2.20338976864559,1.52045512916362,7.891660967562448,1.931771733132324,0.978484918506388,223.8236956653772,2.53353037992758,656.0,33.7,2.2,308414.0,14607.979598850896,0.306661375661406,2.560285899256286
105.806486883,21.0074295792,102635,30.94514192096516,77.5719837120392,7.004707963837183,3.290767653220581,1.1356887038501973,0.38135783198691,18.35947222478485,15.40194680972599,6.84327099221796,0.6932472356548954,8.02862614228118,3.245600778023743,652.1111111111111,33.829629516601564,1.7740740797254773,3168265.0,16577.948732823792,2.731795197740041,3.76033050586166
-89.625519806,20.9729065474,102704,24.07084398046052,84.39842679057149,15.021235205958932,2.560894097894648,1.2054898213949945,45.17993380104235,0.46938969580698,10.993367340149153,2.7362572788219235,0.6523635238382429,9.63984457925239,1.413461059206608,541.9166666666666,33.18888854980469,2.6000000000000005,1052389.0,16115.731668613034,2.933141094420421,0.1445458739399612
77.7580829233,20.9285443668,102716,27.338143564363133,76.56280855443849,1.1988530913057054,1.747908699729131,1.717841027873915,6.52232258255051,0.50866472152803,10.80247186626054,1.810876201125257,1.0773597797420964,350.7021003050814,2.088692591617443,553.5,32.266665649414065,2.183333282470703,492281.0,7893.491871512406,0.5508898944192957,-2.972028283280736
74.769423201,20.904853503,102727,22.96315222226878,79.74628200546505,1.1829888267206374,1.4699222864372448,1.649697843507956,3.51642478066293,0.5853019816593099,6.9414371619416215,1.6248724654789826,0.9393937143405644,274.1190562778055,2.0069286370228685,567.0,33.63333435058594,2.2666667175292967,362811.0,9752.166080962268,0.0415805109923326,-6.03755750284239
106.699847822,20.8459506015,102794,30.473325664295693,79.22076130303596,8.06619069022644,1.9735001028760333,2.077513969719478,0.15667227058608,24.40039282920254,12.3602398678438,2.269136188188236,0.534287241384399,2.294808028969495,2.137088040018324,752.0,33.025000762939456,3.475,634768.0,12521.093276598696,0.6887540229885758,2.7473459560609044
77.0070208896,20.7019399329,102950,24.3080989097002,75.55951473757234,1.0285469311271318,1.730898239858634,1.2389296793347535,0.7189545750263999,0.20436551061085,10.354721311078016,2.1574951713831347,0.5652376027936036,283.3495749000736,1.9176920361817915,390.5,33.1,2.25,324152.0,13385.957809916335,0.4144369747899077,2.4875601966484737
-101.35308735,20.6775542936,102979,24.12256570564525,78.2087509103835,14.932015997890648,1.800748782296226,1.3543294840904625,12.58779647247777,0.18836823674222,8.208410241575022,2.8616812867083192,1.1229369794789654,1742.9814966073716,1.6141534756943854,397.0,29.666665649414064,1.6666667175292968,470624.0,12985.964457826203,1.186197530864149,-19.755250530910644
-101.193881423,20.5705702486,103058,20.96300060811936,75.97272231387632,12.322591866865803,1.575920652724178,1.0849700035182448,5.60564818964016,0.2650621977923,7.561041293302512,3.483233476408742,0.7488511593071795,1717.6460506750625,1.565941179423578,387.0,29.5,1.7,200822.0,12996.067243628688,1.4639039039038266,-3.224347560876822
-100.413732365,20.6000163762,103088,23.74514445896743,81.7243792825151,12.06203725933262,2.602391463166317,1.1432548271423129,47.72139168175867,0.04682074744997,8.830577157128346,3.251496436332696,2.257428934312653,1931.9159126055183,3.606004125998985,334.5,28.694444783528645,1.8722222391764325,1144774.0,18589.550638816043,2.2883729050278703,-65.61527634909703
-97.4485614794,20.5329013358,103111,22.74884731275336,76.46790049838106,15.903031145709145,1.6899000293075512,1.3642926883181896,12.90588722494142,0.40843627128125,9.838857552190586,1.716163744088241,3.2318337869101543,87.66420053727266,4.7209458887638105,372.5,34.13333282470703,2.066666641235352,168680.0,18752.593893763336,2.2308712121211443,-17.737075446437544
-103.359802614,20.6480757195,103115,24.75251618816846,83.76971190008119,15.133043898525967,3.2095126928493034,1.2340052005079405,36.2004819881352,0.20869993743767,7.799153988662711,2.66580234408704,4.0096097454764585,1576.654957764723,2.990882324700383,550.0,30.18571417672293,1.5583333369663783,4355496.0,24013.809898114927,3.267301756228342,7.0423194415334365
-100.819965962,20.5307236018,103138,22.96542891608613,80.67162634885851,13.51238397694882,2.0031999215071736,1.2749206330149443,2.0948419529406697,0.01482170707005,7.884039004654882,2.450168336194449,0.5389381543258864,1755.4514173900131,1.532374307534817,387.3333333333333,29.166667683919272,1.766666717529297,416617.0,12822.472995581076,1.881515151515316,1.0592945708831394
85.8778843203,20.4673211175,103193,23.78177516846563,77.6108430108866,0.9163480822231646,1.6890558110004106,2.181472970080068,7.40920790591065,25.57926472859967,11.287607239028532,2.259780669376908,0.8522270743926966,20.59581590724441,2.528280403314683,1072.5,33.43333282470703,1.9166667175292968,458876.0,4179.845134633321,2.3656862745099296,5.189052055812756
-99.9779995461,20.3917569495,103257,21.09425672468295,73.78224415533768,11.277866352056549,1.7625414925736205,1.3523043110189852,39.31149228480636,0.0,7.7606849711064125,2.945653082302917,1.3984614691187762,1984.8616602396853,2.594247490603926,365.6666666666667,27.988888549804688,1.9333332824707032,162601.0,18871.784343269723,0.7922136422136532,-28.193093726177267
85.8246040422,20.2815490012,103388,21.98282871359217,72.76691771853935,0.2691997784413954,2.7621767487642765,1.7755489211053472,26.16821951653235,0.55941340514788,10.456062628277955,2.3768651491139665,0.8420807862525923,32.88391966969453,2.524550595269784,1094.5,33.45,2.1583333587646485,872238.0,2918.5396944411955,1.2012781954886125,4.689180537326699
-98.7562907597,20.0858592068,103582,7.57333920532459,78.3769038838821,13.370443332454022,2.5732668393402336,1.2438029794145276,54.354264883001576,0.0052037396726174,4.265038474347011,2.358595122060862,3.3719877429939857,2470.9311144670955,3.735699479259068,204.75,23.93333320617676,2.25,423573.0,16178.92674934428,1.416770927092557,-75.81126046638656
110.315891099,20.009444533,103675,25.19049293944306,75.96001922563993,5.592813524488596,2.4582664620510046,1.0246214716950266,9.81624673490914,39.827894697234825,18.29189659236433,9.406338241491556,0.756597420607613,14.298930791251037,3.5986780102702807,541.2857142857143,33.619047328404015,3.214285757882255,1021734.0,19210.116850373965,2.2270023310023817,6.535582612878804
73.7823580703,19.9903942873,103689,24.3595862164177,72.83520565895326,3.039810086174633,2.8464487024669576,1.0248231246086223,5.96671150144836,0.18614064570919,10.104320249271256,2.4322335478929524,1.2057591674672803,605.0974457917694,2.7010045974673305,884.1666666666667,30.39444478352865,2.1666666666666665,1341806.0,7166.191716984424,0.3837493290391727,-3.355691894871711
75.3471277701,19.8776756119,103801,23.99787535177084,77.93051806251093,0.7624035148255965,1.725213980705521,1.2452923175680373,2.7397957991513,0.0241277199147099,8.383185000969288,2.268186737911293,1.392400689088103,596.1091568007389,2.491386663276183,549.0,30.91111145019532,2.377777760823568,1047213.0,7776.484569996742,0.6929061102831611,-9.432523932724507
-98.962903275,19.8491745179,103845,6.01081106732116,69.05997111926037,9.584095576707362,2.4639259502170465,1.9873705682090663,45.99739013438583,0.08224260675461,3.3742150849044696,2.589697790881675,0.7196732369230295,2304.8101066111203,1.3912720990351046,223.5,26.083332824707032,2.2166666412353515,134447.0,12656.32567480122,-0.6038119658120422,-15.477679259191518
-90.5185092671,19.83675934,103850,23.69851829746309,83.69993955583358,14.849354900661144,1.6360102777178618,1.4830873478608837,28.69008754808247,29.13895065167977,11.583400677833447,3.134551546837128,1.1293478138797457,18.86586381888138,4.020356627973957,747.0,33.27777811686198,3.8777778116861983,208967.0,59151.34355663811,0.4445376845376891,4.225672180630003
105.780367685,19.7998669901,103897,25.00684103932087,70.25604918126966,1.46469999813366,1.912761007723148,1.1096708182363322,2.49177989629713,6.24871758345866,12.038324022028297,2.7257191482241847,0.8595006740325243,5.879898342582294,2.219654859287874,402.0,34.66666717529297,2.549999923706055,200439.0,10030.631902972971,2.3619713261648485,0.1981327992887145
-101.202646747,19.7020271162,104032,24.08581008574027,79.75782031018129,17.479432291659556,2.314351647606084,1.1370394886419242,43.2382872072948,0.01818244551039,9.805137504293478,2.74953080572208,3.965647540040586,2037.845498069664,3.968363655812992,511.75,26.208332824707032,1.958333320617676,765789.0,13252.14719589862,2.584004429678771,-106.4923410775816
-96.9070679148,19.5369691242,104160,28.89585463733491,75.5521299297829,16.5195314365393,1.974378056803144,1.5444926338889038,74.38471170713797,0.04909382125953,10.013627720976215,2.4610048481889626,4.844905564150446,1324.3102652672446,6.718430432092836,586.0,26.4,1.733333282470703,438820.0,22078.90077936283,3.793148148148134,29.952522001277657
-98.8879284994,19.5276467474,104174,6.8605308689499,70.67543964793917,8.840181242891054,2.336706868404732,1.961183538467067,5.66090596760689,0.0019632185235441,3.6988637816385657,2.2756582486741563,0.8217748414233706,2262.157570844355,1.5439532172929944,275.0,26.6,2.133333282470703,197164.0,7713.783606540748,0.8327472937662606,-8.137671276289893
-70.6975752063,19.4603771691,104222,26.21541709618948,77.52493061986821,11.27569031293125,2.312516009331677,1.056422479603434,20.219245172192927,0.07540291518695,9.462696784317895,2.53573324609717,1.5782896068495345,186.86917609224147,3.4052521332711585,222.66666666666663,34.15555521647136,2.633333435058594,610530.0,15177.79354495274,0.844438067910005,2.8882030582766447
72.8374244458,19.4301104379,104229,32.16127395945778,68.58092085766636,5.386783032711114,1.8947709671562247,1.1099271826516226,24.64573293307191,0.27279166021115,13.60858242097881,3.3595925128543715,3.053155852198705,32.962901872968445,3.726181417861424,1764.585000000006,31.18333282470704,3.633333282470703,255179.0,39100.12342708451,1.8357235772357967,-17.065509639274
-102.045758,19.4087142011,104253,25.980275216134206,75.57047864607928,12.929769355760133,2.234045902993479,1.0048655943647682,81.91765412749618,0.003069795225397,9.26468465914685,2.2191106859316205,3.918295287414381,1704.297456499551,3.5295964165482023,618.0,27.62222188313802,1.6222222391764325,308054.0,15306.803109195142,3.26921428571427,-74.72040234208748
-98.2072490134,19.3206229155,104349,6.08296668630986,73.5227232329663,11.284230297083266,1.7325175882648471,1.5766775267717772,22.2030242076177,0.12018721635045,4.364183402607266,2.394509108960723,2.463129430787926,2321.0461848316827,3.638827615826891,365.0,24.4,2.066666717529297,150361.0,11729.6513457612,1.1191269841269786,-35.55084142110627
73.0494136423,19.2796954698,104429,34.53452133719369,76.28708008208781,3.2038911749019983,2.163576308523661,2.152036645297828,9.59074642091798,3.21234175565192,12.470000531685274,2.308381210482694,1.4866974090503435,16.001268881685803,2.912667567530384,1764.585000000006,31.61666717529297,2.9833334350585936,1124153.0,5756.219119639409,0.9959236326109284,-1.4402204501949232
-99.6068217098,19.2961897463,104437,6.696262466981979,76.64609102325176,10.62066449891292,3.1435961703245594,1.3993163686800214,12.30668064855649,0.5955050694863999,4.093153987344684,2.3732634787505544,1.0945449301976398,2607.178197466865,2.0923974815754587,496.54545454545456,22.27272727272728,2.3969697015935725,1313531.0,6598.649101543859,2.031223404255286,-15.342051821598034
-103.726540896,19.2533027403,104453,23.79890801113484,77.52277514760989,17.087600800726356,1.9227467908620384,1.0810931544900966,12.49153742985865,0.0034613820728506,9.165360383089974,1.9607034617278607,1.196470069667031,524.7165600810879,2.4377235450379704,606.0,34.43333435058594,1.6333332824707032,281909.0,17099.11306130701,1.7018271604937922,-8.338531197033035
-99.1113705543,19.4707337169,104470,10.35296172529736,84.48832644287081,15.476585361181064,5.715247172327062,1.6500785996145375,38.41348279508157,1.5773437405135,5.20801194109696,2.973463338817093,3.23423452372049,2444.6098992706247,4.035783857074775,338.42352941176466,26.18666678035961,2.211372555003447,13323229.025000058,22990.86314495553,3.405111229946499,-155.85360384679757
73.1426890164,19.2211592051,104497,30.681293050706383,74.25571404075687,4.84445475932191,2.385461449108373,1.4996663258620704,8.246545464139821,4.72710375993632,14.14101193212004,2.977178472678044,1.9406298776896995,30.42044481943792,3.458917084828643,1764.585000000006,31.83333435058594,3.0,1768355.0,14746.527564883749,1.1478507915854266,-8.573527417057367
77.3126882775,19.169639838,104559,29.15679673511316,76.57220481947294,1.009873952282558,1.6032471786640592,1.6006666103377916,0.1937669864942,2.68298044880579,11.71882392327554,2.1790049940801635,0.6449044292217233,360.683670246572,1.929617661329892,828.5,32.86666564941407,2.2333333587646487,351985.0,8879.16955552083,-0.2482828282828144,4.116127970013395
72.9564619152,19.1818118156,104590,26.4565748782965,65.77454941055059,7.878714922591715,2.316705845223543,3.919716191708779,23.25685087042709,7.37074808449664,16.335280930047475,7.20073620948613,3.238840727542866,51.80278502255167,4.149286353834861,1764.585000000006,31.27777811686198,3.555555521647136,2092294.0,17976.09054176899,0.6756421356420788,-30.27342892748893
-96.1683334484,19.1768057601,104615,33.4882912914449,82.13311016456576,15.463697754727448,2.9338673812613987,1.5387364734588016,3.42505481006933,28.98177790542535,11.713792425016,2.644735337463408,0.8011351847108276,14.888713275973949,2.417312679816535,564.8333333333334,33.550000000000004,3.4111111450195315,696059.0,18977.889490689733,1.894180588082179,1.8858873599723616
73.0099092981,19.1053361917,104696,30.352816289681577,75.14412801350775,9.610528954588291,2.575646455103344,5.034964796021672,8.61955735518488,5.83597076632006,13.924111799387337,4.252125504567565,3.51422800759325,47.39512844894947,3.4138585195016,1764.585000000006,31.18888956705729,3.8888889567057294,837268.0,10281.815839133948,-0.1573803071362967,-33.81062808036193
-98.2126244105,19.0461524201,104760,14.092463499835109,82.32741689544557,12.346312411589585,3.171614346627633,1.076663536047822,19.37029887498174,0.0064483015070381,7.263730061073117,3.484325883611323,1.9091419041532844,2237.1182375847816,2.764788332238609,486.2105263157896,26.21578955399362,1.8438596384148849,2119424.0,12088.459483331311,2.507964764853398,-70.43717378135443
72.8587403207,19.0890277697,104786,29.01250912696856,76.85922864171212,7.8673195737573876,2.984031415407536,3.042645111683531,15.16793048108848,38.45358650594299,15.744327266407472,5.846199061106432,1.4051306498634883,22.283646207518643,4.0978285224910085,1764.585000000006,31.03636391379617,3.754545426802202,11000292.0,17742.55116082373,-1.2595154185023034,-7.699088760283615
-99.2116175549,18.9020146931,104911,19.98537064811142,75.33140801990574,11.39978659411477,2.8119414235388045,1.7305404682432903,60.57725819312106,0.0020408638024072,6.421999466006051,2.274198660377334,4.181391061381523,1555.0355436613784,5.644070213905973,874.25,30.1625,1.5333333206176756,748901.0,14611.89862077898,3.2227349241585443,-86.34596334889352
-98.9402208141,18.8277900399,104941,16.544819707671753,74.95302931258601,13.418025465358314,2.074891692310709,1.969238559758805,5.3681870415842905,0.01349769416199,5.478719279047199,2.18119840470312,1.148528332306718,1364.4119515683349,2.6012834285581112,641.5,31.766665649414065,1.45,180405.0,10639.783897342091,0.4975000000000023,-17.518346514549876
98.9983249962,18.7742146866,105095,21.85937606989682,70.07933838123046,6.483584264101312,3.271633793739132,1.529623592892482,30.5779564190018,0.7664058988496301,10.4016582825339,3.195388070039978,2.07591821874806,348.9164867799602,2.2532853810035176,398.75,32.479166412353514,1.2000000190734863,389416.0,21670.810259465463,2.065587206396856,-38.08835444993053
105.678932918,18.6860808038,105123,24.84217950294496,81.72453407481231,2.605147863275986,1.9195842394437697,1.4050176360229063,0.25728619179114,6.27428079514773,11.356765540813988,2.445506286932559,0.5811270388727238,3.923498892593934,2.090404477828029,413.0,35.63333435058594,2.066666717529297,284324.0,9662.982723934663,1.9537701804368908,3.7997159971295145
73.796093477,18.624973631,105215,25.52960849393793,71.6210683008926,6.791476208448214,3.336049039454284,1.410064496738033,6.46693355652878,0.86030394132167,12.293394004608825,4.478166228376004,1.4726067592067378,586.3033663328134,3.0817174255198734,1020.8571428571428,29.638095528738845,2.157142857142857,886328.0,14531.037533509036,1.2358905982906094,-5.569106579915683
-72.2852944704,18.570380655,105281,16.11444554228162,83.57321100821638,7.78512237759439,2.626666204488267,1.5119861946413515,18.96123055223143,19.93479783205829,8.103682389582252,3.890489874615417,3.69829941555446,188.0140265977292,5.158011597956673,287.71428571428567,35.02619062151228,1.873809531075614,2745991.0,3362.914998264744,1.9197885031054511,-88.68333442940205
73.9324233309,18.5213000477,105361,23.152932728008626,66.63751077397141,5.936661960271192,3.785416631608332,2.526438988134949,2.07817850983721,0.48565142004941,12.557790617745203,5.772266152872248,1.2480082024567165,587.9473414278277,3.1288675284122083,688.25,29.81666641235352,2.025,437373.0,35470.077018928925,0.0414193548387515,-7.800722294697152
73.8417432019,18.48038702,105379,26.92030945623531,70.88945389970708,8.228534456003855,2.1703464318531966,1.0135765237976937,13.490216727419,0.69021771047464,11.98569549753508,3.5517383236002686,2.768236917129197,631.4176897572735,4.743463747370858,969.4,29.20666687011719,2.126666687011719,1743199.0,15900.87835295913,0.6510024154589473,-26.711954333028075
-97.3974990609,18.4625350453,105397,18.82148812418454,77.76322261359965,13.618230965792176,1.8926248383068471,1.6911420414513572,47.11277498218514,0.0,6.478360841166501,2.3347995343285697,2.8759118852255483,1621.4420692148435,2.6249901714689967,329.0,29.466665649414065,1.566666717529297,294952.0,8954.318482329325,1.070895238095261,0.0942672283765659
-69.9210922578,18.4973082234,105433,25.49735981721228,81.82981489110624,5.472356263206614,3.172538875984996,1.3878980241346566,24.72987095488007,34.12186540221412,11.531353323703168,3.044003562666731,1.40159824794459,18.558455517292533,3.820732467412796,588.7500000000001,33.933333587646494,3.6729166221618654,3422703.0,23201.054198976657,1.9893023633294435,16.599622018235298
-66.0920313531,18.3933381517,105493,25.993746499586013,76.04851165768899,20.216310518714607,3.095756216794259,1.592032024280455,29.66009469801363,32.9762278812412,11.585723510417465,3.566447972002677,2.238677826343902,35.9977346760114,4.122438591570187,545.5,32.86944427490234,3.8388888804117833,703943.0,39084.90045784957,3.3932612706097984,0.1000070671590407
99.4891663123,18.2894496527,105588,22.53548108815771,70.54708292392088,1.7843011706377894,2.060661898665955,1.1173807207031496,12.006863675969209,0.16943658312853,9.4667247448427,2.765331221305204,1.0344386794178912,242.70141631467968,2.5550168347666284,357.0,33.1,1.1333333587646484,110268.0,12655.02542895491,1.1318578255675789,-4.3127891867519565
-94.4616863977,18.1366569344,105711,28.85760096473371,84.87283118996852,15.623029959490047,1.7130439821395995,2.066507952279797,5.57369888851409,39.28210610907899,11.0729922247647,2.4760944888666514,0.4546260221180679,2.048588563914219,2.2207645471625104,857.5,33.550000000000004,3.683333282470703,259234.0,16803.121762577444,1.8184126984126576,7.637022028921903
-66.6193256807,18.0043519768,105865,27.31944420696098,79.22994963393741,20.216310518714607,2.0119006293237467,1.2643438859877727,34.92859109324538,7.48785869761399,11.433350542503083,2.610146042283928,3.26272085357478,47.79422281003867,3.326478530467024,526.0,33.5,3.7333334350585936,74843.0,35400.144061568884,1.8790039215685328,-26.67945644114379
-94.5565384757,17.9954367637,105869,22.06671746254161,78.39825939988508,13.528664861642062,1.513963244796915,1.0589284222658462,5.88739064309679,4.63978276446353,11.14587528334686,2.958388889196942,0.9875090163382758,9.762327574103477,2.802392223038561,755.0,33.86666564941407,3.066666564941406,164369.0,11171.5309821195,1.692190476190433,7.9982814704723
-76.7977140091,18.0122579642,105872,22.07169744065689,84.59608901085817,2.049517248033799,1.6923947449346433,1.165707712728378,44.60017570547405,28.7164566871374,10.475301366726884,2.717970803013112,5.487025217395712,200.57880629804305,3.624377911836194,163.0,32.75333312988281,3.18,583847.0,14235.999287484565,4.879818847818736,-121.55441265279708
-92.949221437,17.9858889556,105883,28.11439833665153,73.89088165776286,11.097609454984468,2.051409785747286,1.1912945086439932,1.44457599713801,5.27732667148557,10.637199854267385,3.0463046286868574,0.946311148054904,6.702471942898471,2.7415309143085307,684.0,35.44166641235352,2.666666641235352,296259.0,26561.56074583389,1.7195878787878769,5.020718340655019
79.5777585078,17.9915915941,105905,20.7263230261283,81.06267611493674,0.685517258142147,2.267909352446653,1.3718718151353642,2.54411066591972,2.74240228045656,8.151176637954743,2.3459715414107243,0.6736729510047466,268.3758100241829,2.23712478065085,827.5,32.96666717529297,2.083333282470704,399259.0,10576.49200393729,0.7528589993503374,1.8173325154311897
102.619662972,17.9748484846,105946,20.957380002129288,70.1831447533451,6.903078114610397,3.2115724449825005,1.3041440590708555,4.1402867383268696,9.56533537104921,10.139639195040337,3.2567217387880385,0.7672455741400909,169.95984215183805,2.2732636521887275,842.5,32.95,1.1833333587646484,382200.0,8903.099939822088,1.4811779448622815,4.464899029409793
83.2795574699,17.7338278821,106031,24.320098433983368,71.26394487412621,5.28079444739379,2.2861385503127214,1.7111466099494317,39.91416092768675,26.443699494387552,11.84478069781312,2.959099481624384,4.1744205659402125,76.12697387500415,4.530075314311975,490.5,32.46666641235352,2.8583333587646487,1223459.0,2595.123346184874,1.459623243933489,-46.23832751056065
83.2135988813,17.6912987079,106049,22.44474532593003,73.01465612172238,1.2124885369698024,2.232044615952684,1.6150702207896035,35.51837832286626,6.25706044937616,12.19224620860699,3.630023922576481,3.2424904123228844,54.7625191767517,3.728934658856209,505.6666666666667,32.7,2.7444443766276043,256859.0,35580.80274391786,2.0317829457364915,-34.53896442282024
75.9166246609,17.6585552566,106070,21.60169487278021,76.84968401770571,0.7196106436006381,1.5886268403281592,1.2614592034252223,1.32512919936296,0.0,10.654030078787205,2.93422821423314,0.5625464778987173,464.1007880106346,1.9094666764179844,592.3333333333334,32.13333333333333,2.0,851215.0,6328.5671904278015,-0.3680961663417292,8.679990687377028
102.797327515,17.4060103161,106211,21.95964057130853,71.30008991353006,4.72101603624108,1.8784233105342407,1.6264438927748768,11.036024753373953,2.78433328048079,11.683001450761536,2.923542526253071,0.9609290206363778,177.59017634135787,2.295528510645218,560.0,33.166665649414064,1.2333333587646484,127585.0,7168.785429321631,1.6411965811965388,0.9300250335023748
76.8334779059,17.3334833972,106253,19.716746718475388,77.92902178492571,0.9278572720993028,1.7030113133872726,1.5384315920213991,0.35162252267258,0.001835603891365,9.168295917483425,2.705304578506605,0.6296581915935994,453.336096263968,1.94552691852823,679.75,31.75000076293945,2.208333320617676,473389.0,10303.09139418111,-0.1159047619048543,9.964028516491055
78.4672497464,17.4253273852,106255,19.28373281244562,78.45292640443895,0.913936530197477,4.986189781129279,1.0556247198243238,18.91138107191432,1.35374717325669,8.407962157627487,4.0813618259567175,1.0312365980100888,546.6857837233791,3.084443824537368,676.5000000000001,31.580208301544182,2.0666666650772094,7143831.0,24002.28146312533,0.6679656167069652,-6.567838373141285
-96.7293474431,17.0656012619,106446,20.50534348621218,78.55754125637434,15.762197670104085,2.849637848357013,1.6136136108637904,43.10881655811099,0.0,7.335311344788948,2.258072376438313,4.842590055042952,1653.4659333618602,4.65198229821827,384.0,30.3,1.9888889058430992,476597.0,16082.290003923648,1.5358814814813968,-84.69420806478729
54.0498340149,17.0140914812,106462,21.61443662314699,78.84609655139306,0.3743093024950975,1.96145647452416,1.5219607371080413,23.18823227108526,56.99983222604994,11.27297649525981,3.841516595882605,0.518361469381296,2.5173636143264315,1.8955634020996024,128.66666666666666,30.53333231608073,3.3777778116861983,190165.0,37199.020645229146,1.1736000000000215,17.952559798129993
82.2436837858,16.977934291,106509,21.70285300284039,75.40294565556091,0.9335372839091568,2.155858443139835,2.1134528714819587,1.95699110030172,5.63613048663482,9.229384043003728,2.3040493587763287,0.7089243624944893,3.772238491192402,1.8078304270358043,624.6666666666666,33.055555216471355,2.2666666666666666,276367.0,13899.076246440423,0.5164122807017861,1.7506439242553862
74.5962373017,16.860697341,106565,24.34694482994735,66.29099301963238,1.0539038287030893,1.896402869603821,1.184108706707205,0.33879603477577,0.2973245366750899,8.4940137266156,2.101388600816481,0.6243284651974322,561.851042803961,2.1615742895634207,523.0,29.200000000000003,2.433333282470703,256071.0,12234.8776979822,0.2784027777778419,-0.0157157638589069
-99.8465888531,16.8693343897,106582,24.29633482407783,77.18811900511342,17.643321276380675,3.201740667871711,1.222166035336944,31.50580537412777,15.90401027355551,10.970731070526933,3.702570547605277,5.44037919069659,144.02616626228996,8.342597062087092,757.0,33.56666666666667,3.0444444783528644,566778.0,16006.65220244964,1.8686091686092248,-74.03635920835082
75.7140545644,16.8294876903,106600,18.13536383765399,72.13358305967846,0.9395049412542624,1.696214165944922,1.05715124694142,3.58775989036598,1.3962737919653,6.353117324598824,2.829777435333989,0.7657425274895435,605.0159556200443,2.065274428293976,880.0,30.85,1.966666717529297,341984.0,6895.531747099278,0.1628333333332534,-4.103363604060405
100.263920468,16.8232636487,106606,21.00957073487684,70.22281865983642,5.498546777923159,1.9257453027829103,1.2887385373964535,1.439637489182,2.24105363249816,10.813743374071272,2.3513974255017813,0.7911723757186125,43.59676204348208,2.1842626370526155,468.0,33.76666666666667,1.1777777862548828,109478.0,15011.230320246988,2.2317050298380536,3.272253128569723
96.1483724458,16.8702831472,106630,26.03925141523616,78.87826846400385,8.371536627389148,3.620950332145432,1.23221493769273,7.69031383304324,7.133834057046649,12.03345029584132,3.0238997833408563,0.4306489804516676,5.437027265194459,1.9593180902327552,1504.6,30.46000040690105,1.948888875325521,4638069.0,8658.232628708201,2.52629982757804,2.93471183494618
-93.1182882792,16.7552399792,106672,18.11079712097413,84.12685303094493,15.182071377621416,1.8535825245561224,1.719961090340575,63.36123911945006,1.74491288513892,7.114830278439127,3.4962487050180004,6.1784344378309575,716.5232235346131,5.175105364818278,514.75,33.12499923706055,2.0,541401.0,9371.777355416783,3.342930333079209,-136.1696926678029
80.6489886349,16.5146151642,106891,24.4691945177863,77.60089507452076,14.088895796035375,2.2003113802211662,2.082364760838384,4.25036881985258,10.68352482255946,11.200704139188504,2.725995998052331,0.5575601806958423,16.652780397113144,3.3391537744891227,753.0,34.46666717529297,1.6833333206176757,881586.0,10432.438821623757,1.992668067226816,6.601615159794655
107.585075211,16.4673011517,106918,24.90609130326549,71.56816636240362,2.85808618002798,2.2822834943535883,1.2530648735721408,8.236505592961429,1.30295575575416,12.969885021179856,3.316657816824759,1.325166959816403,10.783770805598468,2.5127654052532686,219.5,34.81666717529297,2.366666717529297,267487.0,7240.227199826533,2.017103174603108,-3.7233405184366895
102.829628297,16.4317533755,106951,21.62743795679349,71.54790973086249,10.055384490844071,2.2587657355828434,1.0471272928226918,10.6865740972857,7.79563430080807,11.361129272101763,3.2884789284766365,1.0241560944884809,164.1612532594965,2.3705650512166447,474.3333333333333,33.333333333333336,1.1555555725097657,139872.0,22625.65419097461,1.113535851122041,-2.0325945819237745
80.4372320023,16.3036555523,107031,23.51145222778488,81.01657266805306,0.6382811811684656,1.6185028303689244,1.4291200185972612,0.7895283018772501,0.11795713368208,10.221305758001344,2.4261243954552376,0.3890765350559892,29.025072922177262,1.7650369362328018,752.0,34.9,1.7,484153.0,13115.961367584216,0.346720867208603,3.060617383823722
108.202323539,16.0431682728,107226,26.95903315707458,74.07730858676877,1.89626863938124,3.8042408542819066,1.3082178629002463,11.37859718935828,36.66707602302563,12.574441216463876,3.0218962005425287,1.816921343921509,23.75495396033392,2.1116019584261854,170.33333333333334,34.477777608235684,2.6499999491373694,897558.0,15430.688131574776,1.9578729187903647,-16.01363022623517
32.4521680596,15.6657778857,107436,20.97746386066585,80.87125789993817,20.216310518714607,2.2943441527785224,1.612053208760349,44.24084999963593,7.91255483047437,9.32616030318064,2.5771544183201924,0.51042031650951,395.2923538521641,1.2405442136783331,55.22222222222222,38.9629635281033,2.788888888888889,2045863.0,8341.847335329876,-0.4717686670627472,-1.152091835689248
32.5939951119,15.6631811241,107444,19.756180091812688,83.51338427217273,5.776759936035077,2.8900401400140234,1.7989539092348763,2.38093594288591,3.142525388877869,8.97751547574929,3.2046477030296066,0.3993485208774427,382.2873966484227,1.2405442136783331,65.6,39.01000030517579,2.823333312988282,1380005.0,9863.149965398674,0.7421436588105053,1.6666253477667965
-88.0022368744,15.4988775838,107505,23.40115079749706,80.4267226970431,12.585165434656416,2.076349854645762,1.5357217825248988,38.1658501673375,0.0,10.303565731632778,2.677044411214403,4.98187918676042,140.8587146601814,3.1641544099172085,343.0,34.65,1.8833332824707032,614643.0,6299.474390825242,1.5926764798987278,-74.55776710125937
32.5401565595,15.5120791127,107572,19.45542887661826,83.39303184223178,11.040854579634278,2.6325686046296184,1.7558379187266973,4.721939881542999,27.76688953735846,9.729921041853016,3.5150628849727985,0.4121735944855751,378.7635598033092,1.4275134299506178,73.66666666666667,38.44722264607748,2.8138888804117843,1988156.0,6945.699289693564,3.641600882777425,5.2585445526054855
75.1298061562,15.3543218886,107617,20.6347729220989,73.96503215434085,7.867031139378403,1.5596289214944623,1.116658564563889,50.44317794566886,1.6851751792828,6.8257175147192335,2.8470556381413337,0.8681724352020027,638.1704745966194,2.94118288607974,491.0,27.566665649414062,3.066666564941406,511340.0,2536.555168772245,-0.4721671826626483,-5.739282052808335
44.2095501903,15.3476590449,107691,5.36578383325649,80.37290896602775,13.71611803124804,3.1916167301670733,3.035882015469812,37.01238999290577,0.0012186173185592,4.477986483167323,3.3052389839620653,2.4918030719432043,2309.0593320165426,3.0533905957105887,232.28571428571428,29.60000043596541,2.680952388218471,993270.0,8204.672774774224,-0.0341225548227086,-31.5760319751048
76.9187595258,15.1431574059,107761,11.47727354902072,70.51450215917498,0.9769707354362878,1.4529494116097277,1.4090479039351076,2.271105842214,0.05413905089795,6.391807610709229,4.226362272464103,0.4521875733646224,449.5839966904308,2.57842105882089,327.5,31.466665649414065,2.35,330632.0,13074.028242880302,-0.5066666666666038,7.055158410578542
120.589325481,15.1478414785,107794,22.10077979164056,73.01405073397642,2.475308569502209,2.2455660181706,2.075783611754645,1.35879527560743,0.02004586608503,11.404614041894346,4.353018015446364,0.9101035559096444,89.55710727029208,2.226512659502859,1069.0,32.16666717529297,1.3666666412353516,401908.0,4132.440297281965,1.278319347319325,4.881160241822727
120.673900385,15.0494759549,107857,25.066212175148863,66.73946427012449,1.9090122742423088,2.4490255731362254,2.325043918128683,3.45358290431634,1.49343497020293,11.788905279394765,3.330110492560334,0.6086811446802717,18.22979743385624,1.7927839790823217,1214.0,32.43333435058594,1.3,285969.0,2740.053194577035,1.9316943187531024,-1.7014795937857627
102.087998939,14.9797979346,107917,19.44709521794852,72.30896227223084,3.282301478410084,2.4379349830609867,2.075104798979868,10.0018311275245,0.8828235941196101,10.525677224716606,3.711410754696906,0.8419121611771189,190.40508180157173,2.0179486212120232,414.0,33.7,1.036233341064453,223339.0,17207.18206851468,1.3208482523442626,-3.159140357917522
-92.2678877932,14.8967623566,107975,25.24791447226118,76.36693742251876,13.791732688986665,1.949771826354244,1.438674499883585,53.44282447304769,0.08471195186968,8.91519411680252,2.627814507247312,2.6927216976884,155.25764311070438,3.448482741625769,1504.0,34.6,2.0,164714.0,10852.069811916414,2.210196078431359,-5.05341312119171
-15.8857546423,14.8512124874,108052,14.75126015472662,86.67108085580556,0.8902617359570048,1.7264967543470418,1.3763134424076575,1.8138388032462296,0.0,9.084719132522943,2.962669129920903,0.4424337908508127,42.543919378017534,1.2459472925304784,304.0,35.41666717529297,2.5416666793823244,759757.0,4746.592840868855,0.1827581699345764,0.9984998811788586
-17.3818109447,14.7457546499,108158,25.17890492682816,83.86136987200032,16.171160467818826,3.0557990945960536,1.84359532375568,6.328418099599049,58.69694056860453,11.859187021511104,4.295686814433806,0.3085343343300658,2.9911146319561333,2.071519479021687,267.55555555555554,30.37037014431424,3.418518507215712,3149077.0,5646.386008344669,0.0944202898550656,10.220764332118929
-90.5399450276,14.5978393081,108317,25.57787727625581,77.76809179155129,14.793653924317582,3.5408266012335274,1.7277767261093424,76.98166339292641,3.06208431933744,8.756766820416296,3.648204421242317,7.669466133020756,1496.543468216851,7.241766857087059,839.25,26.0875,1.6791666793823243,2122710.0,17266.86966283666,4.765553137052677,-23.2732978896554
-16.9720339929,14.4287128719,108407,17.40059710968374,82.62480854173876,1.3771241591775154,1.5591032337018709,1.8586737673181664,18.52326256808082,40.97008918726517,10.73156753122787,3.386005967323113,0.3211490780438688,4.649865937246687,1.3043653216408853,306.0,32.300000000000004,3.3666665649414065,205012.0,6583.790748834213,-0.284659498207926,6.246621448154129
79.9790060013,14.4374238079,108410,25.6422142565856,76.5007417612828,1.248658682329808,2.0612481087286687,2.2508788000251414,0.94953844896374,8.44053011146236,11.565396446923858,2.7650114243715844,0.6130911861713043,17.772867775061147,1.9558135265841887,327.0,35.9,1.9,295086.0,10649.437306412368,1.1144263775970558,3.4056661415782834
33.5311516888,14.3849855662,108462,15.57944504960084,79.31837300197496,0.2570363525189679,2.482681059876481,1.9227954326034489,3.46386238745016,1.16214858529173,7.737505419955534,3.391316692133596,0.6793833998667219,404.30544979318313,1.3005412578755076,355.5,37.15,3.166666717529297,381730.0,2468.233835433421,0.1296449275362761,4.103806332756619
100.597364295,14.3423127072,108483,21.68179872933439,66.47794241376609,5.380740217970061,2.3980152168399287,2.023482587134324,2.80355184289808,1.83545218662285,11.495644026318296,3.0886025541690145,0.7522855553442106,4.748393109828648,2.18962850745517,372.0,33.666665649414064,1.036233341064453,118227.0,45770.37153949603,0.6178849902534012,1.5562163171002767
121.034596182,14.5619066968,108531,30.091449638481688,83.05875950750891,15.026293922477864,3.9281409820750985,2.9893164020334835,12.24955067363883,42.67586596851409,14.141170230410705,4.121492341141769,1.462047337337797,46.232822922480544,2.8834224543946148,1073.3846153846152,32.510256488506606,1.5572649559607874,13323229.025000058,16579.95218271901,5.704512520068818,-20.330587162457576
100.613750106,14.1221579201,108612,25.770011515230777,68.26516898291275,5.045329783595779,1.7299256310167408,1.6498706346207708,1.3979593068524,1.2037333236761,12.445410120592031,2.524109606454211,0.6905217996950688,3.734739133687558,2.192700905251696,411.0,33.6,1.036233341064453,54651.0,33221.506029166885,1.455059907834027,1.506618999169686
-87.2036004375,14.0794911206,108646,25.34914789464508,82.7694711258024,10.192607331669652,1.9190837525879088,1.0084478374518344,44.98825519135513,0.10520437129697,10.00041056883903,4.119771876050581,6.985742494367267,1210.7438335075656,9.87433143207782,420.4,27.90000061035156,1.780000030517578,1086162.0,8078.748996926792,3.763800000000117,-155.85360384679757
35.382863302,14.0388921513,108674,16.65601746310674,69.94184517201475,0.7391828515399166,1.8315880385652643,1.1411104787572734,2.52779360016366,0.0052962443915627,5.7360326458201385,2.9187356882818745,0.705274358367912,605.9123984354259,1.2405442136783331,503.0,32.516665649414065,2.8000000000000003,205095.0,2624.625519881032,-0.1143625192011654,-5.2202240908659405
100.055695938,13.8191622536,108847,19.78479032464599,68.74817839802087,7.871768401726577,2.372556850405523,1.3238661123101598,1.89991972479183,2.1811369888575403,10.989577377318952,2.784598062559932,0.6822856996144273,4.882266395692521,1.9132083877060564,351.4,33.80666687011719,1.036233341064453,223367.0,14467.27909225624,1.361719986240132,1.8786080184745328
-89.1929644473,13.6997917911,108937,22.23053682505363,80.45174106241787,1.0263106568987537,2.8762284426509552,1.8354792731214848,76.59217434181305,0.8128159619768699,9.625741186317,4.267922718714115,6.695059428725841,832.1188279135379,6.454594120003812,1060.2857142857142,29.580952235630583,1.7809523446219309,1216345.0,9114.57464124077,5.094893655534577,-100.01538740719354
25.3584262438,13.6177352594,108994,10.51043994452683,86.333787662958,0.4191788252333167,1.685244999334061,2.350664086744599,10.945343989896353,0.003130383799785,4.445367398672429,2.630177798121088,0.7159393185789599,740.485651533015,1.6537716670135645,365.5,36.06666717529297,2.65,201655.0,6876.384964419429,-0.4975562072336856,1.52766804532871
100.537775699,13.761503595,109040,25.90824397497751,74.83672758449302,9.79694629987278,7.565458751988209,1.2460220680253529,1.0763927128102802,18.47139799790349,12.507646637335256,3.732246550859691,0.5886109736862635,2.4185229940861137,2.1692314844872995,455.3225806451612,33.42652328655284,1.293189961423156,12724959.0,41674.28125733055,1.9885088199741856,1.9467230501809705
2.11957491288,13.53222144,109079,16.28387646255463,82.22334161963505,12.269634887071511,2.1609649644643696,1.4314249557162937,8.45935131781294,0.70821191822911,6.127391037180364,2.2413446230828256,0.6797416461266347,206.9807504746062,1.5452494825449452,424.0,35.45238080705915,2.771428527832031,1026071.0,2667.4891630306297,0.8218245614034458,10.44356764607059
103.860835256,13.3550419607,109167,23.05855035602003,72.53405527841896,5.071204331343057,1.7800871516923595,1.287386471395631,2.6643146504246698,0.06907313700145,12.960938057539275,2.09310144976768,0.5538385873797396,14.180197538573362,1.9279428657978128,532.3333333333334,32.811110432942705,1.1444444274902343,148174.0,13197.91436419345,1.018811274509801,2.238461240281177
-16.6943890764,13.402019089,109168,19.27093480328961,82.08028056893765,1.192814353339208,2.405107630120499,1.9380438888479563,44.21593042138072,24.76863530055341,11.780272577162338,3.072210223964407,0.5237939265363115,12.242661596258896,1.578989763257436,854.25,32.03333282470703,3.216666717529297,631221.0,3954.593364289211,0.3975815181516964,6.907673552992952
101.009293419,13.3757051288,109209,22.38385748200789,70.83786352477468,3.30854563638021,3.3668653249280114,2.4544544187766344,5.04488166513091,28.52236058801053,12.08890616541303,3.016790639262129,1.0317984682704635,15.341406809092764,2.3141701767870426,545.0,32.67333312988281,1.6100000152587892,361447.0,40740.25189308529,1.0270193029126062,-3.511523789723771
30.2238177342,13.1833756713,109275,10.59258541231683,74.52363525453126,0.8105367642454296,1.621506783466076,1.1451269558418466,0.46766555004235,0.0,5.057819424365607,3.041032729045108,0.3914068220446172,574.9689104130847,1.2405442136783331,358.0,34.63333435058594,2.966666564941406,192919.0,7143.938653009813,0.3441693121692424,-0.5358903737724177
-59.5365108738,13.1156110915,109348,15.47408269513006,77.24989081422409,4.92805170218531,3.0288308872733296,1.2346697919443976,16.25255001311026,58.69694056860453,8.746229896833608,4.249250601971923,0.6850321828906986,46.46005004855945,2.841135974606092,443.1,32.029999999999994,4.413333343505859,213206.0,14077.107351575469,1.6869429265331028,14.23807290860023
100.950822157,13.1052971012,109356,22.37888532153969,70.55458664926344,3.094448740115453,3.230161036818328,1.174707485366038,14.52647739089014,34.226461173374986,12.427409644211476,4.221520186629763,1.5315665659333912,34.72025473289037,2.630578465724048,496.625,32.37083358764649,1.4958333206176757,158583.0,34725.25372202569,2.4610375330688044,-6.343566213767243
5.23529034241,13.0399576833,109376,21.49769733756391,75.13016916711398,0.5361077653016102,2.2122511351224032,1.05461878566009,2.65085859089828,0.2113246039049499,11.565875284220542,3.1892407148595687,0.7448389836339923,274.35007874285964,1.7994639410684137,745.0,33.65555521647136,2.8444444783528646,663580.0,6151.820377347118,1.38538785759129,12.778339447431335
7.61322203291,12.9839496782,109423,14.5306800335977,80.35895424631534,0.6211158482325796,1.674249225147156,1.0048655943647682,1.7699312765596598,0.0,7.248415519374484,3.7483365389145136,0.5358543217616042,512.2484170137778,1.5597030336724411,570.0,31.73333435058593,2.7333334350585936,365978.0,7121.4696238571705,1.8984444444443511,3.128543382493831
80.1886967703,13.0457426093,109491,29.5449674163626,78.49503439688705,7.769526285312673,4.68410625493219,1.533902397127104,2.70945065225231,28.9674165487948,11.42012095111677,2.4112735862844783,0.5062760675837055,14.787076699528551,2.482467803039264,434.4166666666666,36.127777862548825,3.1138889058430994,8713289.0,18089.25666943905,1.7512268458932,0.6924834136614972
100.913644821,12.9326458942,109512,21.20140757322766,70.37535017369333,10.475596804902592,2.561046990673101,2.0295434475344987,4.35447020601095,39.70358249272528,12.115291905705451,3.706676950264759,0.7503571707134299,20.69204987588453,2.544812283240625,456.2,32.52,1.46,145701.0,51276.01905271755,1.3270991432067945,2.851912354657223
77.6016416672,12.9653929438,109566,23.09825296186513,77.59559459019691,10.878860042604714,4.224681646450347,1.318455694652996,17.928810311266698,1.19287122302257,7.840318587991432,4.461167674213264,1.2841760844354917,870.8332442009086,3.5155480364732536,398.68000000000006,29.541333007812508,2.2999999877929684,8063759.0,23438.76373289432,1.1240131280662808,22.16523075631289
77.8211891717,12.7409690047,109629,17.028593565193738,72.4140349577056,1.530524221248284,2.1865430091520923,1.4891879805095842,4.3007882301643,0.0145079319130799,5.34152566224622,4.200722352694391,1.2374251009264303,865.0356647290052,3.268538013426647,362.0,29.766665649414065,2.2,179057.0,12740.373132577894,0.3828749999999523,7.067567050616503
101.205376274,12.6912700033,109679,21.1873181887185,67.79498672570476,1.2669614705173504,3.26931105476354,2.084269647879445,9.179154843641973,26.812692355106897,13.016581586391,4.18848431183271,1.0121739054716188,11.587593594389515,2.6686510590747554,592.25,32.71666717529297,1.3666666412353516,132901.0,76939.02464240296,1.2974105729661003,1.1054937196225847
108.040234331,12.6745042111,109690,18.93295687926116,72.20885725114161,2.5819003320069105,2.1582868744832577,1.8186352563437984,49.78734987184322,0.80994570858456,11.00783824467898,3.602692577279557,1.7205431304677536,460.2249723714469,3.3586049235762463,551.0,30.53333435058594,1.2333333587646484,172003.0,5680.167235455196,1.9765505376343528,-1.7669788105188786
-7.97453622137,12.6572623532,109730,19.925986131503272,79.29362202124325,15.055428663179171,3.211681664133255,2.1254131121776028,60.00291884746792,13.18783275113265,7.9715506196196335,3.411998935549804,2.247964040082535,385.1912027944528,3.6548404072821272,723.4,33.27333374023438,2.66,1220999.0,3552.139326076433,1.809026629935662,-36.773186211166944
-7.95757622516,12.582642297,109765,17.078703876972302,81.96563486840009,12.906517193916187,2.3796461441417835,1.745938503939098,49.61593350213003,14.03848914441069,7.3815084269574545,3.153922065160517,1.0537641383257963,346.1246140855851,2.326314531005938,722.5714285714286,33.31428571428572,2.476190468924386,1201309.0,4902.902759406615,1.2658716049382406,3.3005846570566177
-70.0197132415,12.5340522471,109772,16.57326226508453,71.15363958727791,9.72809594868865,2.2271343227925704,2.2850698212202216,38.58226561533981,42.67895593741996,9.578450174832392,4.40434974094862,0.976733655811113,16.806042996626044,1.7620009565354164,50.333333333333336,32.56666666666667,5.464682719538764,64871.0,27390.3327218634,0.4928769841269513,0.3657347592694862
-1.5235105508,12.3638498142,109900,13.601084266507648,78.14307046559553,7.988734725220283,4.012760688030586,1.1116008899411205,4.11694401637331,0.01792364840505,6.250486437729258,3.438099207791259,0.520925420093286,304.5533429913255,1.2405442136783331,586.4375,33.78541679382325,2.3979166603088378,2298962.0,4623.619709242693,1.1850858018862027,-0.0170776343275065
76.6367103701,12.316475938,109907,17.86181373573004,71.86465617053112,10.355286511516455,2.449233000016686,1.3210784864953218,9.87499597383404,0.82960085901527,6.079480607291027,3.505720448877683,1.5388661389254643,750.9160733290511,3.125467613574029,238.66666666666669,29.144444274902344,2.561111119588216,893007.0,12249.809587158894,0.8191621589133433,3.0722781265413914
109.180958908,12.249090346,109939,29.83409945732288,75.69632637617015,3.2967988693711328,2.4391067362864702,1.5801771010770922,4.64178413629849,41.28262737479767,12.62044967102054,4.0694157536003415,1.4617818708533097,11.500069842726452,2.9320326550597864,130.0,33.96666717529297,3.25,332110.0,9623.96960645569,-0.0182120051085803,-2.93465246067556
6.66830664343,12.1789094645,109955,14.53165638038367,78.00094223305135,0.411747097080311,1.8129327994547184,1.7431343132360884,1.01824816728316,0.44304334766415,9.952889314168058,3.728603136688107,0.681488569630881,446.86653817961417,1.692592601671372,1049.0,31.3,2.716666717529297,188886.0,4642.314088921361,2.517123655913906,2.154105394639771
-86.2482797479,12.1314671885,109997,21.93140072831897,84.27779290846654,14.874898712225734,2.0414043455706268,1.460327349544032,36.59054058987557,27.5152902768767,10.857331667250662,3.792423134485629,1.8720188763329355,127.61909604607098,2.998501897699654,837.4,31.226666259765626,1.4133332824707032,875958.0,8890.490852301136,4.429699921445547,-9.299859587968356
-68.9113562115,12.1325900826,110001,16.06527279533738,73.42249350140338,10.867315803552724,2.637776234901669,1.7590705364157475,48.86795863803389,29.79960014882257,9.468903301264936,4.3335408082537095,1.2134499887969412,16.82938960659651,3.1507433457191047,83.33333333333333,32.02222188313802,5.266666666666667,125153.0,23799.19144567049,0.6017682814514842,8.109954221290426
15.0843684117,12.1360030897,110015,12.81184943491381,84.2770536839058,8.771176740781113,2.0668650100554817,1.8016563299163664,0.66682663815937,0.29412434453575,6.076500818728997,2.740723947277398,0.3415147171638749,292.58232601608904,1.2405442136783331,365.4285714285714,34.823809378487724,2.238095223563058,1387020.0,2876.172319072544,0.5081276176398433,1.7861372081142122
24.8793946031,12.0554602141,110045,10.43223807113059,80.60249042598157,0.464586336090587,2.0010685492534543,1.423188815742446,1.9501819483573093,0.0,4.3448833657156,3.25280988027351,0.6686705667767476,670.6326169332101,1.3731573410485527,307.75,35.608333587646484,2.558333282470703,762657.0,3552.0468336355666,0.1190541310541561,0.0963940407948484
8.52378707091,11.9910242243,110086,13.121832408365233,81.6152619330405,5.830155470400166,2.7739947590940592,1.2351991830612108,0.4624343906844599,0.04816972671736,6.726531495666798,4.351617855448684,0.4798984333917722,470.2885450558882,1.4883886954847736,665.0,32.13809509277344,2.797619040352958,4338500.0,4747.127557220239,2.4152359910842733,6.519381885261055
79.8066753471,11.9394163063,110098,30.47051733954574,76.61240365165277,0.7607122746998124,1.7985518018314348,1.5512193003320378,2.84158523084609,24.94301240895036,10.896675022547704,1.8365815721865,0.9531010523288242,17.935230768748873,2.4849841271140414,465.0,35.166665649414064,3.433333435058594,845193.0,5284.341261699991,1.1825343738386709,-2.9438413285400173
-15.6120779842,11.8714503642,110121,22.09392556374542,77.01171607086663,1.1134169023782017,1.7556327379995194,1.1507777778859034,42.15145196257128,10.9666207301528,10.79546115785369,2.801765324471755,0.765113862631839,10.459353171287384,2.347939416542981,1764.585000000006,30.966665649414065,2.933333435058594,427261.0,3340.0646279440434,1.4232840722493734,9.800849335329358
13.1441569151,11.8345360774,110150,16.92637554373524,82.19391724161503,0.3931834680246772,2.030094141940576,1.089479187360947,1.39151053909859,0.0025844413858322,7.78103522318193,3.40037717598452,0.3856067849888193,322.9007991090037,1.5996496668175078,553.1428571428571,34.3952383858817,2.133333326067244,991686.0,6056.027703325448,1.4979625316980218,2.411500226388455
-70.1924313398,11.7141596357,110235,20.47893135920493,76.58166022038625,0.7626048429732704,2.1403714564011067,2.374804628329721,41.93967621877862,33.57734913448908,9.883270462564267,4.839872879566691,0.5110194554357765,13.630001937423888,1.9014080451371616,106.5,34.300000000000004,5.283333435058593,151315.0,3766.402326273007,-0.5201452432825633,7.6774633840172015
78.1479259557,11.6631056849,110268,22.81341413877838,76.29436159962518,0.7640806592063716,2.27826145828139,1.0109054617246669,3.91929227642153,0.15957287865403,7.641335154908044,3.709127118947098,2.986700848146055,316.4649390945728,2.3297569314317923,397.5,34.28333282470703,2.549999923706055,1108301.0,7647.574152689566,1.2984761345852576,-27.17614341287208
104.88777472,11.5585009553,110347,32.67329241519559,77.43884337359864,9.308346887824433,3.052166512782735,1.1256856982261294,0.87513577730245,19.7597411424982,12.651568662702791,2.8668934857804205,0.5212412988178783,8.308321298237331,2.0845801119188017,530.875,33.41666641235352,1.1666666603088378,1517417.0,10118.827487104729,2.4856180403484665,3.3499693555305345
77.7101015691,11.3419949857,110448,22.35201889627591,75.95396469560404,0.9212024776240773,1.75354240721523,1.5143470453377432,0.2637481130782,4.98765017629597,7.725103927364984,2.934889934778832,0.9652104288108512,179.80696119529108,2.11283435284881,249.3333333333333,34.67777709960938,2.988888854980469,627531.0,5425.96155727765,0.5336205673758627,-1.8178320196861648
106.1242289,11.2906180643,110495,24.65451681519585,74.34458289666411,4.774685402136863,2.264351086889313,1.0411625317368225,8.97376961660211,1.48395072914487,12.419473446039476,3.2112481753151485,0.9368291287711152,10.827836836423712,1.987759275159458,710.5,32.91666717529297,1.1833333587646484,156436.0,19448.84159656345,2.217379466817821,2.929088147589152
-74.1868393183,11.2310547345,110520,19.06406899007033,74.92393151583084,1.378405613276083,1.4529494116097277,1.027586491698485,42.4200816042285,19.48591414519611,10.1388227558818,4.685615798838705,4.960814448569684,70.02598546884084,6.106692359800064,211.0,33.56666564941406,3.8,400048.0,6945.933065532136,1.3602642796249145,-38.93425438411275
-4.28595555199,11.1859502486,110562,12.07538978597148,82.06122071030549,0.3014815047586266,1.9848633559679587,1.0277323999851156,46.48890985260446,0.0047453702554981,7.133730548983969,3.657892729100404,0.7827197899046623,437.3345944025792,1.5513984445378617,688.3333333333334,31.25555521647136,2.022222188313802,591153.0,3751.6834592736577,1.568629776021112,0.52724535468883
7.70940372109,11.0904765922,110655,18.583353016415728,75.53400397057658,0.3491225218429403,2.5387087765459424,2.110010737155044,4.48273470652885,0.41141916508809,8.872389847815095,4.314603085378723,0.713912964263633,641.1911364385331,1.9648826935464945,719.3333333333334,29.56666768391927,2.3222221883138023,671945.0,6028.483246396654,1.707571428571491,4.545920925350742
77.3416753973,11.1051392509,110665,19.88169635820388,74.55293050801545,0.6810553358777678,2.159577932581986,1.8218654773480976,0.7936798003117499,0.74118413914865,7.074944581886379,3.502655513807432,0.7798185710727733,322.707964578017,2.046457575612039,138.66666666666666,33.444444783528645,3.3111111450195314,637952.0,12090.745037244187,-0.0412103559872321,-11.277396578822447
76.9801800509,11.0377995216,110726,13.301817082315958,75.82374696624649,7.183509408281666,2.7517035844887547,1.187734869120218,3.06164154778731,1.52032721472422,7.674969710228452,4.452655723488371,1.0970881876825975,425.6281727733429,1.9953910492263385,360.1111111111111,30.93333299424913,2.992592586941189,1670980.0,5837.8231337299085,0.1427809605141305,-3.1380574335122446
-63.8708025587,10.9651097583,110758,16.75651904622357,70.6152251757435,0.4980734861799065,2.714048692038495,2.926508718617862,56.67378753235053,16.670218266199267,9.24412562533169,4.944584107237618,2.286063020789177,30.52633886465133,2.3600790522889734,391.5,31.98333282470704,3.5,162991.0,7112.538066519011,0.6273862433862973,-13.342653235610978
-74.8007031935,10.9577781664,110805,20.59568398317924,86.67108085580556,0.8170218176808188,1.694775371502821,2.2062664754168253,16.43085345570036,17.96079769126355,9.632848050904212,4.972636874394704,0.8254840712602828,20.657984338937727,2.4519701963110747,364.75,33.15833358764649,3.3583333587646487,1721287.0,11237.564496798035,3.7133890824623,20.38326072302006
78.6926141748,10.8028271493,110899,18.18174676427006,73.58104111292741,12.34040192881361,2.558839006951876,1.386459902635116,2.58235942231666,0.02403988405473,6.677730707407226,3.461441215850809,0.8524470320754866,73.81785415232547,2.361460532444462,344.6666666666667,36.044443766276046,2.211111145019532,769438.0,9179.084026263325,0.5199639249638608,4.1212283321797685
79.1272851514,10.7682141974,110920,15.826995487654822,69.67686367111516,1.1082489693082602,2.044044791809086,1.4970926329796188,1.71173112398245,0.09698138461066,6.359047824871128,3.586674319324966,0.7482249888739169,55.612447962955976,2.1775643330632284,363.5,35.71666717529297,2.133333282470703,256320.0,7725.553366885143,1.0416445287793366,8.340691521978506
106.729555589,10.8714148509,110960,28.7232243469704,78.67703337468525,1.809262383095738,5.435010285899239,1.4632169653072664,15.9748776966577,9.43240067528696,13.692592176718868,4.051670434191468,0.9576592733382152,16.99128381541871,2.564875483417722,855.8333333333331,32.76031733921595,2.0031746019635883,10248615.0,23827.05819761988,2.999421400116205,0.4242259946759645
122.553224083,10.7121290396,110966,26.8077530510441,68.96761027080042,3.381536892754517,2.046896654911103,1.2997308944794592,3.5322862474529897,31.31068248042866,11.784762481675202,2.9147008513240977,0.6243586586843215,5.09574837040081,2.055898027855466,1057.0,32.2,1.4333332824707032,325301.0,4767.047675844832,1.676944444444587,1.934969888176064
122.958747212,10.6617355676,111030,24.71856786386147,68.0863806063344,2.805065502469053,2.107677782094452,1.7914312148229368,2.92303204032775,15.95773450250678,12.591280741743784,3.466888923142365,0.7648340112309352,22.67999197844657,2.175262401923638,1163.6666666666667,32.46666564941406,1.1333333079020182,415209.0,6247.255584536944,1.484161508989132,-3.628728102815749
-61.4187428085,10.6514526546,111056,19.619286436459745,76.06666771046987,0.3392921794516683,3.799309144761455,3.362457575334905,58.56392436272117,9.20292583703202,10.81162870194951,4.104338578378935,5.909726485556396,109.21342884661466,5.8559394639551,479.0,31.44,3.2,377163.0,39891.84995877115,2.647277928334858,-67.7413580305109
107.047498044,10.6089821115,111092,24.85267324320678,65.5128564749883,1.7877716504665413,2.35102841834186,2.600358753507855,4.7758989130166,8.815294184275869,13.009520965435769,3.3879597891186948,1.214244890554808,10.34657524485388,2.3267745829246365,923.5,32.45,2.35,49243.0,41612.68218833134,0.8074220374219863,-0.1503502038281965
-71.6547005424,10.6306885306,111145,18.015932627541986,86.67108085580556,10.09503761556172,2.082329138365977,2.158950584585245,29.36524127722459,42.21571807197006,8.057086744586215,4.546964963786246,0.4032915540083188,24.239354372299346,1.831342427694464,231.54545454545453,33.760606245561085,4.5212121027166186,1848468.0,6121.328117662842,1.711654320987634,9.790850439498072
-61.394522451,10.5402674854,111159,18.249544811615152,71.00055324195041,0.2568130428077668,2.250036807114187,1.8578228486321648,19.67204838858245,0.03709572825575,11.04908691786479,3.612279171728172,0.5147904005427836,10.742046082572005,1.282698853247482,413.0,31.8,3.1666665649414063,68468.0,25698.598586200853,1.596099378882002,2.298045797269104
-73.2618463349,10.4624214526,111225,21.37161295082632,79.64111792273343,1.8997413392571,1.4529494116097277,1.3007889657972935,28.91945350168112,0.05098370920538,9.301849242653253,3.5298558027032323,1.1093457273444274,170.3920943934241,1.9065351483199395,341.0,35.1,2.633333435058594,332937.0,13798.642037382451,2.077805996472648,2.637803425193169
-66.8887988435,10.4809114865,111229,21.735214491679,79.14021328886462,10.422084718855157,2.924069322407018,1.537593640738833,81.15993863192217,0.0060958274317357,10.54500577064061,5.644659279812186,7.709284159496357,1126.2383993359351,9.87433143207782,363.4,26.306666259765628,2.2933333435058594,2171363.0,6123.038125361812,2.7549460798601366,-155.85360384679757
-64.1675590599,10.4447118085,111239,18.86107602783855,79.00763039301219,0.4638929217146054,1.9822805491502764,1.4866787778951287,39.97237186098096,35.12597679082141,7.614036788483454,4.084879823451836,2.780981908500334,29.975599139484093,2.74290444868628,414.6666666666667,31.11111043294271,3.5,284160.0,4755.083094031533,0.4522907268170684,-20.37122139868801
7.42843272039,10.5020379936,111246,17.62409317498399,76.42661982419601,0.1823940541836285,3.2082901566307536,1.76092106858881,12.65369292620174,0.2188188762678,7.622020235743319,3.73756799396782,1.0171820844902577,608.0883461947657,2.2731031932759143,723.5,29.375,2.35,1387669.0,5839.301787385899,2.482388225655537,-2.3191127272448284
-75.4982664001,10.3988014809,111276,24.22729220777384,83.30363255205629,1.3930685356719248,2.345064590654125,1.4622353794003036,14.13277378041147,50.58877650030531,11.198509405780312,4.275839353145524,0.5778019755782287,6.276745614799287,2.8923033955607766,440.0,32.61666564941407,3.316666564941406,854177.0,10641.249036206782,0.8109818181818582,5.7137877481865775
-71.4415961535,10.3946898311,111286,18.931281280572453,86.4316589762305,0.2441058528778261,1.501248008851464,1.6728188941429012,21.75744077877795,49.60866063587899,8.310413316226253,3.941956343213637,0.4014269927488841,5.732344859115524,1.3254413901313913,285.0,33.03333435058594,4.3,199410.0,7886.372243117197,1.4471620227038215,3.653938282200128
107.10663039,10.38028264,111314,28.74707742055036,74.55606479005391,2.6098427532989694,2.251518980028488,2.587042169602168,3.97951038477449,37.87040670828849,12.163732415372444,3.566190802391404,1.547389836271652,13.45481162342847,2.6041778567753813,785.0,32.300000000000004,2.066666717529297,301834.0,38455.2232154098,1.3911764705882206,-5.634162652522656
9.83885292464,10.3143027214,111365,16.47018127721225,74.13490969113444,0.3641431259061016,1.7542541821790285,1.3655763395318123,3.35576669603206,0.01231158051403,8.231422098016465,4.020366011515054,1.600780712259675,607.2850312257273,2.1445697824224723,528.3333333333334,30.9,2.3222222391764324,296635.0,3169.486918266557,1.5178579003182335,5.900330970970231
11.1742935384,10.2823413209,111405,13.39576408354868,83.77111232311893,0.4575867410953596,1.5499157988810188,1.1568873433882056,0.22905701854242,0.0,8.230674298089719,3.7926919918103033,1.327903108163042,464.6043045141746,2.666011728292944,565.0,31.75555521647136,2.1666666666666665,407826.0,2334.274840250499,1.3052525252525695,-10.25992327117524
-61.451951956,10.2791972174,111414,17.39291237058088,73.27066569549031,0.418148722689671,1.9560011942073663,2.40810119538547,22.2154309001629,32.842341651124904,12.283936954928128,4.612621922829612,1.4978738641107223,15.126559701724974,4.580833326890699,406.0,31.63333435058594,3.2,64610.0,37766.888933601615,1.0690922959573186,5.334870006963316
123.892128839,10.3102183876,111424,28.942393508517466,78.3617526068146,9.170398741150882,2.4968977892008084,3.59457791096,14.764728112401327,32.63074950204847,13.486587645090347,3.481263225677385,3.8598190138110944,52.47818799262016,3.5529458878731943,776.0,32.444444783528645,1.35,1762112.0,11543.092038417535,2.687486694263839,-29.80610845480439
-67.5526567436,10.2257071489,111490,14.55420706826149,79.31101570901174,12.120587833125432,2.825617897128109,2.671337565704061,52.07044604319081,11.06674260123018,8.316365450711066,4.846607497394422,4.305744714598228,492.45953945137614,2.668423738152049,448.1666666666666,30.57777760823568,2.15,724319.0,5305.727836768056,2.0678070904307333,-45.14382161874454
-67.9763303108,10.1827459608,111562,14.50929788982242,76.91986113815938,10.7256068071361,4.056511856363668,1.6191266097889947,64.85999097471682,0.08239784622863,8.241338456509993,4.8508480492597945,4.156357241018948,506.8214946820625,2.64303266671105,441.8333333333333,30.291666666666675,2.3472222264607745,1213400.0,6290.572455084881,1.972588689167651,-48.057918768799766
-64.6647765697,10.1641005716,111577,20.85926074126748,77.54054230635694,0.9678832987930516,2.963418846881683,2.860126295109686,34.92999289878191,28.01833083999431,9.531585049300492,5.207215104630633,3.203508263271647,54.70738788544153,3.91359915850554,371.3333333333333,31.188888549804688,3.5,507543.0,5180.452485799234,0.5834702093397937,-35.91615146686961
-12.8599117129,10.0376164585,111620,12.37987111538187,71.91442176430147,1.2050974930809204,1.5616613349539312,1.1396686035637862,83.3549033611417,0.0,8.948157924787024,3.571746428063261,2.5810962099014976,401.04557620596376,4.131948385026923,1451.0,29.266665649414065,2.166666717529297,169925.0,1972.1558864204792,0.8788235294118181,12.905947376353538
105.766701455,10.0282277735,111642,26.64819044239493,72.46812563497241,1.9232485574039035,2.329430834961041,1.7909560703581195,1.15627717555041,20.00353074937707,12.2476619179956,3.795423225744994,0.7356250761625157,3.1546725113311904,2.0297138058542736,709.5,32.916665649414064,1.036233341064453,278931.0,23202.972720852107,0.8086507936507701,1.6858791782344342
-69.3779259102,10.0535614624,111650,14.3494424393759,82.5347048331031,11.625667712193517,2.6046224399498024,2.2818023153811144,82.67358059176246,0.0021457821384309,6.651922260906795,5.040446043044103,4.568349689307016,671.5491582758775,4.2206244836484,448.8571428571428,31.03809552873884,2.5571427917480465,784387.0,4619.048729772423,0.5745531914893718,-49.98912151111517
76.3154865187,9.9981010383,111701,23.832906761146543,74.40456555190244,3.3489414543374068,2.353283042559516,2.3157978091541227,16.28727202390829,27.13861564188435,11.863201286656038,2.662901446461987,1.2911665941379484,4.599156046472578,3.3266603006913327,1764.585000000006,30.05000076293945,2.833333320617676,823867.0,6695.200152451793,1.1320707070706248,4.316340474550417
-69.625915653,9.95245914861,111728,8.97416581564236,72.3237406608255,0.8491308495346188,2.944838488814629,1.1221552186582162,76.1846122823296,0.08308405606243,3.437818772567675,3.941089884878093,3.86995372602366,717.9293199219059,1.396337107340289,485.0,30.78888905843099,2.516666641235352,64425.0,5219.114955374466,1.5243277310923986,-54.16325013648941
78.120265887,9.93001406772,111748,19.80476288655062,76.27621652037509,12.987412094506904,1.8550810305646808,1.7372213012981284,1.93796889943911,2.37281154327233,6.3972286677106895,3.656512184919493,0.7355391856602285,137.65056686792167,2.263095140138127,321.5,36.28333282470703,2.458333320617676,1496896.0,12948.295114690667,0.97458955223874,0.5395354781937272
-84.082666362,9.94052568459,111754,29.600207180797,77.64925100977482,12.290581470454256,2.635937060780171,1.1893453368209723,76.12006416870055,0.0091903241273454,13.592821023298576,4.298924474764673,6.483252728437906,1413.5908821567627,5.415713785135258,993.7142857142858,25.980952671595983,2.319047633579799,1326639.0,25823.63548938332,5.698474684119727,-155.85360384679757
-83.9248332021,9.85819359295,111771,24.211534694446048,72.89878425064519,11.734264624712354,1.4529494116097277,1.1200035896509613,66.87379739800767,0.04567384058054,9.56041099526273,3.203969768689527,4.802637790934169,1449.3793292708906,3.385736310748735,831.5,24.31666641235352,2.516666641235352,170599.0,14574.296232686003,3.423290043290024,-41.639140936888
8.87765384543,9.87683508192,111820,19.60942647913257,76.65522651724426,0.2207164923504232,2.926338853091195,2.843254665613405,38.59075887657958,1.28401191147683,8.409053501581631,4.07949851558402,2.40880755047085,1254.7937278679474,3.888452214627877,655.6666666666666,25.77777760823568,2.3444444274902345,634679.0,6433.674236897707,2.007482475023604,-15.967776395264082
-63.1682474717,9.7390209874,111851,14.98542234747056,74.29797992365262,0.7993531962763704,2.339795952403797,1.9105234883368456,57.62706504706052,0.0,7.156709908508588,4.5271335097698095,1.129099577648781,51.793553822876966,2.2387530756466183,564.0,31.5,2.2666667175292967,293458.0,4910.067420210047,1.182714285714269,9.425632108920231
6.5408241354,9.61292629871,111924,18.516257212588418,78.89794349687185,0.3110866998791405,1.6999096815920307,1.5938983977456929,6.13366584705104,0.0,10.673434717475043,3.546795687920452,1.3938574176395109,268.69663655214106,2.398690061094731,593.0,30.45555521647136,1.8333333333333333,305568.0,11142.506368467904,1.4343097643098304,-13.290433000413572
44.0627496783,9.56153955341,111954,24.584716289767663,80.19312687639851,1.2648208579065865,1.5974191561404454,1.1412630823789498,15.088249205209031,0.0,8.2898518905858,4.479142988303208,1.583628126053675,1303.5344916483148,3.016799756777036,198.0,30.266665649414065,3.5,479300.0,5232.321819319842,0.1812063492063202,-9.756186603435935
-13.5592662504,9.65581032224,111958,26.0232631769159,86.23291990964252,11.408190238961762,2.823536348939093,4.119577849530677,17.32233557794329,28.856103843666308,10.415540159937525,2.889465719637918,1.1202319152457518,26.30035777513432,4.022921155605928,1764.585000000006,30.107407633463545,3.277777811686198,1902389.0,6165.212101731031,2.635969402765511,28.025286844293053
-69.2100594112,9.55791420959,111962,21.69102005881525,75.34888654878627,0.3213853033697385,1.7593835120275054,1.5941451431693157,23.5196163230725,0.20294266356046,9.668520005890068,3.441508756373321,0.6572272873725558,204.6549185370162,1.9186379875005684,356.0,32.300000000000004,2.533333282470703,271330.0,3497.334787896658,1.272619047619063,-5.10447631750651
-5.62902942863,9.46328687236,112009,9.01055721161268,76.61695762146206,3.850880393575536,1.4529494116097277,1.0437475506662015,81.9036408469733,0.0016991974124221,6.550892614998827,4.077438532089505,1.131391440139373,376.7949263365032,2.370523916678754,434.0,30.55555623372396,2.3555555725097657,290433.0,3983.6410394135646,1.5439382940109,-3.937507364116868
-0.85001822081,9.41358717031,112041,13.31419437491853,76.28650385913251,0.5097945230403012,2.6013444295150423,1.4135694669006291,65.60048985526446,0.0041633996678096,6.508404071997936,2.5538642256593365,0.7135965588155208,156.00653784616716,1.6947912539348728,426.6666666666667,31.344444783528644,1.8555555725097657,339624.0,10206.740089039648,0.8502728711619021,11.577814307581605
2.62055411789,9.34879523418,112090,7.179274035939851,78.61389807757662,0.4173142212919772,2.187769863560112,1.4355704179159985,78.92833537791,0.0,6.08318107524369,3.7802194924608177,0.9169225147470068,361.00523153084686,2.0230291633938795,455.0,30.52222188313802,2.0,259225.0,8103.451634680295,0.9212719643325612,7.510455253060456
13.3925768802,9.32002107274,112116,15.313445766406849,68.25485330382644,0.5766977340165799,2.507675011877559,1.918771185963367,7.42018456423925,0.34638361953296,5.903179979967736,1.9232363418924217,0.771116714048174,199.29428346477528,2.3244817483834863,425.0,33.050000000000004,2.016666641235352,476816.0,3951.146035367941,0.1403085553995993,4.037414824862083
12.4371751086,9.26462496355,112151,16.60316218952855,72.7059017882495,0.3249710655811402,2.191645664164562,1.2767408749856592,4.50531497512639,1.40962668491566,8.255119248436726,3.085733911609996,0.6294950868453149,166.91232188828204,1.835792308406453,414.0,33.5,2.0,225048.0,5182.622191710213,1.0561743067345937,11.709458341981671
99.3377855802,9.13181306565,112237,25.32652030069339,71.66710042336949,1.2254526627380398,2.3942208467415376,2.0698110971255783,14.20233325232072,7.50995946269591,9.2063477766852,3.892043576699004,1.6349202786924344,12.697881749527538,2.399230100562553,507.0,33.14444478352865,1.036233341064453,130659.0,27848.606563650425,2.029075757575754,-6.237630828184396
-69.7386858732,9.04176791348,112289,19.42983405255445,72.65906145125003,0.3802042306314042,1.6981105834463286,1.093690010752361,24.70511873887072,0.0031064817899864,7.799182014901524,3.238382625050334,1.7011569237152229,173.99948851673085,3.2279366582363496,613.5,32.18333282470703,2.2666667175292967,138893.0,5249.277069398745,1.5022777777778664,-5.05853946013616
7.61790889526,9.01488680504,112310,16.18037836243863,81.4740390388335,0.2742551799127278,2.486173290835641,1.3014122248009872,28.90691288708405,0.0,9.84263456845616,3.6453356323777752,2.1040457208430072,422.2649095553993,3.0851349880209846,536.5,30.222222391764326,1.8611111450195312,397700.0,2615.098053809404,1.6085775335774883,-16.213632321199327
-79.4689116207,9.04490437824,112336,21.3736118625557,80.32710715063884,1.0056299375400708,3.004745494584366,2.0801400247515778,53.372259130061614,9.87035084760873,11.242022075300175,5.157859806913328,2.702539647559246,48.01342426186408,4.840425967974471,580.3333333333334,30.75,1.4055555725097657,1036840.0,42096.732089811325,3.0275680751173546,-12.170254799473833
7.4333938446,9.06142516558,112348,12.69947314747901,75.0098128973185,1.674590853691295,4.441197275339885,1.9276522896722657,74.6640302777562,0.11457044074165,8.750360311349446,4.534429404791797,3.411391594932418,514.6111418495065,3.7329241109198734,528.0,30.05555521647135,1.7805555470784509,1447526.0,5776.9826655963325,0.5437564766839955,-41.537170952987935
38.7481482999,8.9973710038,112395,5.29266070014202,75.11267928925605,14.422842965441047,2.9907079925596367,1.071820401943941,32.60704947264264,0.33306560337687,5.9465270972231465,3.917831452356746,3.714739852665519,2470.359953625755,4.9024872510205215,632.9375,22.189583206176763,1.387499985694885,5093327.0,5995.534460088669,3.947859700711266,-106.26428535049445
11.3615746611,8.90758867318,112402,17.978484889127518,74.8429021265896,0.3700009669385325,2.121776810445975,2.139703612572022,4.42681790853754,0.0,9.094407356903549,2.9020345419418767,0.8262552145040759,196.57902695500093,2.175910336757204,391.3333333333333,32.411110432942706,1.9333333333333336,160436.0,2283.070975342192,0.5507226890756591,11.72195039271736
-64.2203523582,8.88882973636,112406,16.880732620206253,80.92409247017383,0.6315662162611991,1.9394201264059363,1.749187572902855,55.63623464091329,0.0,6.8821662901751255,3.303254717428882,0.6355437062296123,269.13039185040503,1.65386834994485,742.75,31.225,1.908333320617676,199095.0,3424.771641678596,0.7653846153846224,7.631342860403492
76.6064024684,8.88831641334,112411,21.52024180521737,76.13559717793721,1.039657999877743,1.898799695127481,1.0932422330641085,14.743011153888087,57.11303377749682,10.875412270451845,2.223004549990657,0.8718471042647481,4.643889577691803,2.789254024542436,1224.6666666666667,30.25555521647136,2.677777760823568,208206.0,26563.66225757184,1.8006666666666398,8.351699474720043
-79.7868663434,8.87385781496,112414,14.41392494793233,74.06580153310233,0.851594202585116,1.730961316555491,1.14786324495998,64.80157512369004,0.06735248444,7.117961858854815,3.9117270608260655,3.207967785687898,67.79294773369654,4.881662347603018,672.6666666666666,30.433333333333334,1.2444444529215497,117316.0,34545.5930648846,1.844924242424213,4.206535031204396
-70.2216191254,8.61473911944,112546,25.12284394640331,82.27205055600689,0.6283974679132283,2.641153802561637,1.2017185318944803,39.3688551578148,0.28558810289588,9.037135295538192,2.953683256020723,1.2577741238782516,193.3496645645194,1.624348477709241,516.0,32.36666564941407,1.966666717529297,188924.0,3516.4092703944443,2.074783625730958,-2.2237515616645
39.2730609142,8.5399839677,112599,19.05166268350192,73.0249409024667,0.3376884823644259,1.7802880018095624,1.6816142190498025,7.017899273477241,0.0,8.07660643972153,3.2496489847763725,2.747774108970665,1663.841680134473,2.736572599588313,682.0,26.28333282470703,1.716666717529297,459699.0,2508.4377364318825,0.6954285714286321,-26.919258039157057
124.638438436,8.48907943493,112625,27.65541757322037,70.78366517647943,1.7238338532434831,1.9858552019857127,1.401538139618453,7.47399735645571,38.015153375399215,11.992699250038983,3.0703865784045705,1.934087727215592,19.22857794129144,3.7152895087488207,1488.0,32.766665649414065,1.6,421424.0,17107.53975093967,1.5289784946236296,-5.510362376730146
76.9510347106,8.50176813832,112630,21.62286708176809,70.04069939172628,3.0754621404400844,2.1357232901145293,1.3554320841698866,24.847771442405108,47.78662337130803,11.48918726103246,2.933422913055092,1.752791776948199,16.10156646227408,4.5056501047468345,678.3333333333334,30.58888854980469,2.488888854980469,662168.0,15189.297845863886,1.357579521927338,6.92783554023039
4.55790203241,8.48119422299,112654,19.94352572091749,82.85050237862028,3.438573294036672,2.516161496552645,1.1627963732620197,83.3549033611417,1.12375692312553,11.472817831397029,3.322803633580816,1.0880091325453918,318.63632173136915,2.276289723700387,341.875,29.5875,2.0208333587646483,1053869.0,10067.65569060291,1.9389624571808213,2.5247500089384403
-13.2028081927,8.43802002022,112674,18.23750186079617,74.35869966018586,9.138224564752749,3.295874953238662,1.700178132677467,39.30481337554252,27.44669391039994,10.517679942321775,4.406402652685751,3.909460022894531,100.23797577044124,8.901476274614597,1764.585000000006,28.57333251953125,3.846666687011719,965514.0,4463.531567641692,0.0874558823529128,-6.001196660654642
-62.6440163381,8.35266859549,112693,14.972883770319353,84.51121485071128,0.2499098030807089,1.626239669018787,1.046824175844571,42.58133118151819,31.21806877929021,6.425959509737607,4.131623176123273,1.4849236027346635,24.228595959253653,3.105852026197621,686.5,31.1,2.0,434294.0,1610.6211385678555,2.5424577861163016,41.0326020021318
-62.7826937601,8.27000279501,112737,17.45093450539513,71.13451588202663,0.2292566244343416,3.0402181471921783,2.2364102535035744,59.572391714231344,10.85487675780281,9.143673612284296,5.644650352253778,1.5273375349144551,79.05198892390516,2.952275988035367,683.6666666666666,31.211111450195315,2.033333282470703,191212.0,16134.86525427274,1.6940847349865749,16.96104921503084
4.24453971746,8.138648404,112784,20.63338341590951,76.8963009179768,1.2373205744952431,2.0990477701968784,1.0989781163192291,83.3549033611417,0.0,13.09729731000582,3.834634842652545,1.3025158200705875,337.6222092626241,2.844876873862175,309.0,29.46666717529297,1.8333333587646483,359507.0,3970.376259711215,1.737889822595779,-0.7276637636596206
-63.5535605632,8.10401313333,112812,17.83524524693776,75.88149463612075,0.2383050163075786,2.759071294195518,1.614882363008791,54.473739174477856,13.83684004721446,7.894598881503145,3.5126987365196274,1.4616465086381945,72.4751469398648,2.925898392221198,693.0,31.911110432942703,2.066666717529297,260398.0,5425.637320563139,0.8262993197278661,-2.7854020822762777
-72.5075181577,7.90267918002,112902,15.25534440009672,82.26338289623341,1.2943851055787945,1.8842439682099887,1.5540991904461172,73.90334841605714,0.0040931140098384,5.836766738597816,4.843364570645705,3.067924335549696,315.27218805967897,5.576339268645268,632.0,33.16666666666667,1.7222221883138022,594476.0,6488.583017649158,1.1143492063492886,10.11339045144581
-67.4785649274,7.86405930071,112915,14.57157156670732,68.61689756473322,0.7442513343665018,2.266957228020161,1.6733149562772456,19.57596903843731,9.1089820956699,7.236132898926735,4.287133208386854,0.8763541576165655,43.45488563469698,1.969011788766822,821.6666666666666,31.211111450195315,2.033333282470703,151407.0,7529.396481008143,0.5019515669515009,1.6819469778773524
3.92606849071,7.84026199171,112956,13.738190836602978,76.76493355293724,0.2397171109466001,1.9991217339454583,1.7032146922053812,83.3549033611417,0.15939400424019,7.691929118662466,3.769775106853968,1.312065107126091,287.6460458959355,2.8043264974971938,299.6666666666667,29.45555521647136,1.888888905843099,389381.0,6389.909579563459,1.4920082708710505,4.104604703383529
-72.2220223315,7.77912963695,112978,21.01920730017336,72.25065014763481,0.29764202988189,1.7796037523637596,1.9655358394258209,72.94607855973855,0.0,7.293837316356963,4.502087617025576,6.293614653332526,967.9187319139984,6.681439296792973,716.0,28.31666717529297,1.5,262208.0,5186.112567122284,2.395305895439318,-73.60562107377996
4.54300038737,7.79306841939,112988,18.657501717881058,75.47656146417968,2.254907225238309,2.8395047868778693,1.220228845931577,82.01750213637469,0.0,11.233104326072644,3.805266995771517,1.6280026947662212,328.4234094749148,3.162385050178885,368.0,29.286666870117188,1.760000030517578,643299.0,4465.064862528931,2.349850234270381,-2.783745500418036
8.53848677556,7.71048789471,113022,15.72174166261724,82.25899157901617,0.341608834847914,1.5398298579614471,1.0173653623973282,47.64381869592677,18.23828353462524,8.819384397990268,2.566029771820134,0.7914560745093754,85.1887159653119,2.200486050941586,481.5,31.13333282470704,1.766666717529297,249522.0,4133.757921145229,2.040856844305157,6.234126700713574
-5.03010491656,7.70063502018,113031,11.00225457073568,81.58238376599762,4.768434499349982,2.0645791576422723,1.4887342711934068,83.3549033611417,0.2811779676221,6.606995567100045,3.6208523184027688,1.362282278799183,322.9926971746877,2.679850497968263,234.0,29.588889567057294,1.6111111450195312,585960.0,6123.574848112501,2.9164698412697554,17.797049824934618
4.74368054328,7.63072766409,113069,15.52427601949898,71.66555791223062,0.2283006226922019,1.6112015269957245,1.9661853294403413,83.3549033611417,0.07751405408957,10.083195833242524,4.619821297438486,2.032192943751226,385.75301868380217,3.637458235430409,430.0,28.88333282470704,1.8,197337.0,8631.713510390855,3.561616161616086,-3.081790757264855
5.21831348545,7.62714591982,113087,12.29452744839297,75.30896447558302,0.2728074523194116,1.9471923321885367,1.988445894892725,83.3549033611417,0.0,10.019342236061815,4.153597535961427,3.1922313394236443,433.58530998611553,3.8327015027720366,409.5,28.51666717529297,1.7666666412353516,384857.0,6284.328511628994,1.4534054573866797,-18.25244196962018
-1.94232607838,7.57616652744,113097,11.118941336759,73.5792332521939,0.5232841357663893,2.0177133911959406,1.019628213717112,82.38277641385784,0.0,8.132957273179835,4.216455890687411,1.50307572002187,400.9434890131822,2.5489031575230348,349.0,28.63333435058594,1.6333332824707032,116512.0,4430.28122425158,1.6450119474313285,5.916754608011161
4.55074132379,7.48126261531,113175,17.96506318502257,69.90263850041651,0.4208498477316607,2.604749317909397,1.1663679008406336,80.84313365887647,0.1762607140883099,11.087764033703731,4.640960670047763,1.8692604763765712,270.2862423902064,3.289597840147152,490.3333333333333,29.24444376627605,1.822222239176432,459503.0,3528.6159938019982,1.5893076777966255,2.9070662527533955
9.00111914688,7.33130955993,113255,13.68046889399723,80.37920161448788,0.4673318343496206,1.5623776674673586,1.3116579059139502,17.32761738003903,0.06828082870287,6.924614293165048,2.7619455178085706,1.2698984653055945,202.83906718068505,2.600236522083923,527.0,30.63333435058594,1.8666667175292968,194024.0,4767.37704098462,0.835686274509726,11.390594344870776
-2.3049486883,7.33577094087,113264,11.33085731221508,68.55512830774056,0.6588217101807079,2.734178188523406,1.803529490961736,72.62415115146274,0.0,6.371753554584996,3.452033499924336,1.728007234947451,284.2450915716732,3.275310220662281,271.3333333333333,29.311111450195312,1.7000000508626305,100283.0,3642.952983057946,1.2364705882351927,4.940597723561268
3.91113314673,7.39348762976,113274,15.58797041579962,81.90153072970269,4.598272984228119,3.500939982357206,1.2211407497205742,83.3549033611417,0.08127223389983,8.035000690839293,3.579571837278704,1.8739531479965448,204.7584779890005,3.510143481819122,383.7391304347826,29.586956521739125,1.939130434782609,3247715.0,9495.590380313535,3.711403856397226,-6.245040029525626
13.5830555166,7.31677798915,113275,15.41839112088678,73.03336290677147,0.3800780919557939,1.868496623652364,2.186160773741192,74.24135024990485,0.0,5.397153160741984,3.842884353768143,2.5768774545329176,1126.981757331779,4.726709125455995,629.5,27.08333435058594,1.55,129487.0,6179.040699066316,1.3344827586207622,-0.1180822197052293
5.19754443608,7.2536803236,113351,15.02305646927786,73.68872776245459,0.2878413882689359,2.478200324500373,1.4229960303730624,83.13742999620266,0.0,9.269494641058754,4.276693742887082,1.8420553726002848,344.1800827274134,3.69955604381989,482.6,28.83333374023438,1.800000030517578,509568.0,5147.2878712949,2.732781734896889,8.574667666691255
2.04193974198,7.17978490833,113359,10.6574319723012,75.79011258025761,1.1188086842827918,2.010371872559307,1.4730074315096275,78.98439079915075,0.0,5.89727156925489,3.240820990525329,0.8086932010291656,185.4097663210336,1.5352568763629004,342.0,30.25555521647136,1.822222188313802,245617.0,3806.226588550466,0.9943118785976708,0.0895842297009039
3.35121507381,7.16000533661,113393,13.53994493381695,77.62613593288758,1.1088464450168731,2.2018128104312407,1.0552330642416043,83.3549033611417,0.08771861793518,7.931171954042218,3.964861741577359,1.8232802048897208,89.01068815057671,3.773834853310714,451.57142857142856,29.780952671595983,1.8285714285714287,615500.0,4843.791273761169,2.9721608709272083,3.5200213419430924
-73.1115671321,7.09900458694,113423,23.4732390480602,74.98564601744538,1.7102224293866737,2.0403371482572914,2.584769718679863,75.05307889060224,0.0041217016630176,8.64247350569234,5.5704163632649415,7.6638476753524865,960.696452358212,7.37485828947356,574.0,27.83333435058594,1.3333332824707032,605411.0,13667.86710515666,2.145141129032311,-27.220007197467567
4.83229457479,7.09527910624,113428,17.79734813713791,73.88776932402116,0.492098425846889,1.7324487675332432,1.1482995432930507,80.39838867122995,0.0,11.73104735974836,4.537747985639316,2.6400930301175496,254.46386122096723,3.858196852672599,608.0,29.066665649414062,1.8333332824707032,292845.0,5721.339401389815,2.4537535014005663,-2.6368466193199254
125.61335114,7.09448060377,113445,30.40648997289334,76.08996662702576,14.183826033668732,2.520523437333772,3.2365695496341056,16.73530021669254,50.07962436366154,13.367663587094455,3.43848294140445,1.444339094296391,15.966333921176302,3.152156931975528,621.6666666666666,32.51111043294271,1.777777760823568,843583.0,13649.939526993789,2.410804114071883,-1.4084495611645398
100.473093765,7.00440926536,113538,25.745874124867,74.60023162885146,2.50590924240758,2.1066559823829465,2.078154608450714,23.60046608070711,1.05962496521372,12.179861108412837,2.6949829597928323,3.095100406888436,32.16530739594996,2.995027412933528,401.3333333333333,32.777777099609374,1.2333333079020183,286997.0,13803.873984745484,2.820952380952292,-19.49879357542951
-6.44797877866,6.87724515371,113614,11.7319323224826,79.54162492460797,7.054364979232521,1.4817979825814245,1.3129193624563282,67.81178512932708,0.20680526749686,6.038027696392877,3.413152592726758,1.3362475795177429,257.19177241167023,2.809214933195912,346.5,29.48333282470704,1.5833332824707032,263411.0,4052.032622024137,2.050370370370445,3.760086717302272
3.92713498374,6.82364032798,113649,6.801733951903,74.15699132605363,0.8355808048268328,2.1146969190918257,1.0504511277830395,80.081064894295,0.0,4.108899556047204,4.092180887497502,1.507863692018972,72.93737254927623,1.980636959992998,545.0,29.56666717529297,2.133333320617676,203151.0,7296.132551648775,2.1399546485261,3.924279826722838
3.42500911164,6.77621069724,113724,18.17357010199266,80.70401598999656,0.3568075011370096,2.172045436711888,3.428367933903266,81.77014381281893,0.02212442615311,11.00365103458337,4.096112595380672,1.143084899765713,13.866408057683278,2.266328068912988,536.3333333333334,29.41111145019532,2.144444478352865,197263.0,8278.268387888249,1.212709768592159,2.0280095793542383
79.9080053991,6.89436954425,113727,21.60539757972191,72.12148433409715,4.750566072926299,4.518897556787398,3.829998520300246,32.19410478571788,47.459223017211286,10.941094041712878,3.601832248241204,0.9367968589945214,5.77193962518481,3.32200658956211,474.6428571428571,31.190476117815297,2.75952379499163,2398016.0,25177.86389832264,1.7570330982093196,5.898621379963799
-1.61756184148,6.69575178297,113823,16.72174740451947,80.54760561985172,3.370296339040673,3.728495690712295,1.24485442328817,82.75682374482412,0.13242720412639,9.170602112966693,3.4878634815719143,1.803849953838796,251.1413133878508,3.618057553803757,319.7916666666667,29.638888804117848,1.6513888994852703,2782520.0,11053.0320658971,2.528755871870544,8.512529366824992
3.51712237502,6.6394221004,113831,13.2569067010632,76.51905717158789,2.0357137171502275,3.159625862316597,2.375751910233057,58.16119773137696,18.82474393240402,8.088988435894882,4.804492338619014,1.1128101902362415,24.599007962230647,2.464022817611212,578.7777777777778,29.207407633463543,2.488888871934679,1479980.0,2452.8852025027354,2.1637491925064296,3.2697284302111207
2.62505692325,6.5088931103,113880,17.84018287373542,81.57191701921319,2.626895020642271,1.823274438941052,1.2043835825582074,65.86133414491161,1.40684240089141,9.367654529723676,4.565007143111837,0.8713316410729413,18.881663895969115,1.7722797295569466,471.5,29.68333282470704,2.65,618303.0,3798.703768217202,1.5881212121212798,5.133277882569868
3.27773848627,6.609481823,113912,19.19150224090394,86.67108085580556,5.016400025232664,3.673318639895472,1.844249708801416,61.58453977277569,13.64521273197953,8.552642379046222,4.751183814362657,0.9651254782677376,19.991325064608183,2.387158359055465,590.2750000000001,29.5,2.550833335876465,13323229.025000058,7045.133773395652,3.843449408065169,11.242174155388255
3.51757807379,6.45349700111,113940,26.05194317234617,76.0525005073123,6.42835249879914,3.078053726933899,2.517222808390594,15.12090908694544,57.25539299808621,11.664662041773836,3.837809985532851,0.3266141344416361,1.450536514807773,1.5885091589910962,623.375,29.095833587646485,2.908333320617676,1791502.0,1610.6211385678555,1.6803937270605047,2.734109211567265
7.51790079999,6.45364672033,113961,18.94622084721836,76.77778456155221,0.2229989288113245,2.2319485852649352,1.3222026934997193,78.04187329266662,0.0,9.992990081712252,3.2739522741380807,2.5146247851396364,193.7345081585201,3.4286207994840767,741.5714285714286,30.3,1.7095237949916295,810534.0,6480.23934961396,2.243019136626515,-10.022230134527575
2.35417704129,6.4105827464,113987,18.16905145784424,79.49377362986604,3.453865065735204,3.5468901872444216,1.1175807757227794,42.72774751257556,30.1366472368304,8.523554647786414,4.080462392570823,0.4589707783888079,9.610705575671371,1.5288375835707952,449.9230769230769,29.43333317683293,2.646153857891376,1596201.0,5789.47853810391,0.7045236145236196,2.945582280615918
5.70126720523,6.36189312093,114000,14.77060975552516,78.97230725945529,0.3216519591975856,1.9140233178980333,1.1267550515216067,80.50433850569515,0.0409578762079,9.568853565155148,4.479180850387863,1.4767591138649296,79.79727188671761,1.6266480528829137,640.75,29.34166717529297,1.833333320617676,254637.0,4929.000263119658,2.604284037558614,14.232437677095843
8.10252313923,6.3230167061,114021,14.25093877489979,75.67133622456134,0.5062654655693981,1.9016358764227697,1.1349907550885534,48.38472922488477,0.03892750071027,9.474717969264796,3.613251540505976,1.061141571432092,49.09363597139415,2.5286118481203395,863.0,31.1,1.6333332824707032,153957.0,7688.430548789597,1.1907698924730958,10.016078229179564
5.61611378541,6.33016488564,114077,14.58574392125844,84.53677544311321,0.2033874715311396,2.3844063076068656,2.404350983733421,83.3549033611417,0.0030261931373891,9.005658782054068,4.375505093495463,1.4183670807918405,77.52502444694244,1.6248691317693682,656.1818181818181,29.61212130459872,1.9060606245561085,1231489.0,9154.35958421066,3.3746605141727173,2.0432141821705017
-10.6921787971,6.2987376596,114082,13.87050875224679,72.17396873903354,0.803692822488574,3.0110885701416312,2.56812436814254,44.58028476529752,20.45970690367883,9.243913480263842,3.6762451628664414,0.7070846935107744,4.533421889919739,2.388451021702315,1703.0,30.1,2.7833333587646485,551243.0,3530.764379774439,1.4703654188949713,4.503374560288848
7.07123847816,6.22164999279,114121,17.92972863950148,78.04388884123303,0.3683314856496917,1.982654325131759,1.7588199507135605,77.35728493390965,0.0,10.708427447685988,3.606503944155556,1.8526939744597497,80.7636961371418,3.1996023713470017,610.0,30.53333435058594,1.6333332824707032,150177.0,5019.274496094608,0.939006734006739,15.543233229192197
6.69616603338,6.20813302299,114141,20.20296818548477,86.67108085580556,0.3712527658513893,1.838896254397223,2.728528048308769,60.47456873215455,10.63683192516529,11.840348586151444,3.683646933530648,1.1865818894037972,61.16090032337844,2.2603905882567217,568.0,30.450000000000003,1.65,264178.0,5659.55745368653,2.086156107992622,4.86934875814417
-75.5817827045,6.24616178099,114158,22.63834446829418,77.31147509949051,14.673019818517258,2.6607044396688977,2.685284618666333,82.78931291905843,0.01925459978107,9.296058949119285,4.790170520106282,7.709284159496357,1870.8192127222133,8.263539142103017,672.7142857142857,27.866666957310265,1.036233341064453,3216890.0,13885.633818999098,4.912462121212229,-155.85360384679757
6.82088980454,6.14887738088,114202,19.30994394632861,81.80402862400805,0.3035447921963511,2.4094919798804013,1.4119961379937316,60.197520608084886,11.85763604316256,10.699042566578,4.372963284026151,1.788628617347188,69.53998000233737,4.170245954378809,590.0,30.666665649414064,1.733333282470703,911274.0,7224.459422742228,2.662136111111124,24.986478236426837
1.21062567575,6.19671299383,114211,14.13227148406361,85.6027611500712,9.64272545184078,2.8498083740710487,1.4587360995906882,45.34830149080874,32.67720131886238,7.855008437922703,5.300081218262145,0.3538887006819327,10.582407129788283,1.4830744094659314,297.40000000000003,29.686666666666675,2.61111112467448,2180114.0,3228.930421069724,2.309073702019706,13.287236193786304
102.271076429,6.12523903682,114223,20.48324840439312,74.30494985871431,1.4282691503037992,2.185449392920355,1.7506589760272382,16.74042576393995,15.10512778516468,8.734166722339145,3.525866617153597,1.474986525786883,5.933078976515977,2.5426166368476832,570.0,32.06666564941406,1.766666717529297,350596.0,7258.273360220881,2.628355555555516,1.8377884223084944
100.365741755,6.12165200197,114232,22.58334415291669,70.64123154116515,1.290262559477598,2.0670404550316857,2.1365971412906832,1.26094090686411,0.93372789694604,9.008797806857606,3.5550373168677893,0.4714932508123682,3.031330545166756,2.090797368100753,638.25,32.36666717529297,1.5916666793823242,212948.0,14681.629646674308,2.333106575963768,1.648530765902331
6.89721868402,6.03472084264,114307,14.5920841893981,67.6345955656515,0.3910384878797018,2.488466735142693,1.836055765767845,71.5467909614403,0.0,9.045924043971866,4.142289631366515,1.8743762244443545,123.6147908194386,2.9581181618009484,615.0,30.01666717529297,1.65,388607.0,15469.099612204618,0.9583600427350234,14.24529969661053
10.1592366671,5.96528628407,114345,19.12597709984879,77.17031058731426,0.6917897487919934,1.9803046540688063,1.1690867266709206,73.12926310692596,0.06972693623113,6.7446766212071365,3.2089968583553787,3.892359544697115,1307.0403297104328,7.00011546860554,808.0,26.9,1.533333282470703,276891.0,2404.9147787396487,1.5026361655773748,-36.039739015918485
116.104014606,5.97278241246,114382,23.19858530366077,69.28062852303687,1.04794981425695,3.206412688381614,3.190712607555996,38.906384241564126,26.518729460919,11.67132210656043,3.396969918291719,3.700277464508568,29.65711899756776,4.402158826926179,1417.25,31.79166641235352,1.9999999618530275,548557.0,19791.329878207733,1.8907330779054483,-19.16945483122568
-55.1757136973,5.82729198497,114459,21.59195078565094,76.4072361891057,0.1257413251290588,1.7579794725399154,1.3093172257010597,39.02653293566375,27.41842999027497,9.931998101714726,2.2497392657843425,0.6610009138870748,2.133158855254665,1.5795847067687856,920.5,31.93333282470704,1.6833333206176757,220051.0,12177.990770321425,3.416882255389737,0.9171746856286748
100.506757904,5.64616109271,114586,21.89879989177162,71.07986748318118,1.0396506249048298,2.586652024137403,1.430590973086878,42.46154886252243,1.74780092638322,10.579239921612968,4.363137047793556,2.719636028696712,29.658532229374217,3.129464272664598,556.0,33.67777811686198,1.5222222391764322,269109.0,13421.865199603137,3.0827001287000826,-11.80068997244192
5.76939184805,5.55029427282,114647,26.31448122162453,81.09759235905433,0.2230511028111768,2.271433457642607,1.063705298925598,53.39623059989911,11.13008810792528,11.590121724968585,3.8255682998784497,1.152071687499568,6.342630669045122,1.7310910446446737,1025.0,29.933334350585938,2.6,437892.0,9276.442262018949,1.9390540758676025,-0.1942847714219162
95.3344581233,5.54747117747,114650,23.01081392328099,78.00086780671559,2.287257378105485,2.0421255762247594,1.558240278890121,7.85658712340596,22.44160797856844,11.815814239351372,3.4306336265799176,1.393936648298985,11.092718569066408,1.8587448189183264,585.25,31.04166717529297,1.283333339691162,382726.0,6653.729864184817,2.1534975845409576,-5.745809506131801
-0.199635309257,5.64264971684,114689,12.78387753108641,85.0855391360596,4.202363352485306,4.252006045312281,2.100267421395954,52.00634376983376,33.15804282743168,8.003658025755863,4.852931739829692,1.0707842476749474,47.94374365256057,2.3512115938810383,254.22222222222223,29.303703613281257,2.385185180664063,4557236.0,9707.007407999065,2.1506160216114267,-6.686096303451713
10.4141230213,5.48168109977,114705,19.79954877504075,78.88793610313401,0.4409839689525989,1.5378970551280242,1.1316138364182646,75.28032231209794,0.0,4.914433935873482,3.3480374990445707,3.4184730881069383,1362.4765843116031,6.417735118015198,654.3333333333334,26.85555521647136,1.411111094156901,256591.0,3086.5451905951504,1.983005698005627,25.47626647468428
7.03077151346,5.48934803974,114715,17.52985157102588,76.23601897007913,0.3874722040883723,3.336770863668887,1.4103001050270008,82.58219123998819,0.13663321615638,9.763920429700924,4.375203242300941,0.7993405152161709,86.2333170237011,1.9617310590617785,687.5,30.26666641235352,1.6583333206176758,363445.0,8022.259684408921,1.6505555555558544,-4.045983472016317
-4.01536800626,5.38516372954,114779,13.59920305464187,84.39414601824923,3.495386083957952,3.105968121827364,1.081387159443204,65.35942359771758,17.28274050904875,7.58410685028785,4.632544948456006,2.6308322660395573,51.19011275493516,3.8449988893273663,453.4,28.81666656494141,2.1099999847412105,3766229.0,8629.340278565116,2.6685971578622265,17.479605897412682
100.295808926,5.36585570117,114796,27.03955983108191,76.65567816124643,1.655487186077034,3.1425621723043444,3.5509221267913937,38.544737236842266,39.01149899647052,13.957730540792538,4.7124685262839945,4.713793253167909,80.2446433978756,4.701045469706004,571.5,32.208333587646486,1.8333333587646483,621099.0,28593.716151531404,3.2543229383229573,-64.1596581300526
100.43561192,5.35428935632,114808,26.66755096626404,73.43525937368267,1.4473702471659822,3.285280778038216,2.6408254730777303,27.277240451112224,17.85651450519071,11.998828830178253,3.524921636034404,2.0630187664464863,24.43749612351706,2.756720474949736,589.5714285714286,32.857142857142854,1.7047619192940848,499189.0,29432.314936827534,2.012337574215337,-17.158639617259716
-3.95412095915,5.27026240103,114823,25.85600025703171,81.78193433585594,4.840616914339663,3.078650221945886,1.977360318397874,15.956640777537451,58.69694056860453,9.884430190611877,4.227513087818425,0.3676688296615653,1.980564806935977,1.5039951010504593,445.2857142857143,28.557142857142857,2.414285714285714,1116699.0,8969.54308905085,1.2424285714284906,3.575023829582988
7.35774788249,5.11380667557,114889,10.67881444846103,82.29706270421009,0.3410057224832639,1.9588712027684705,1.4183666820414431,81.02049818654464,0.05838983960152,6.49841520701076,4.797610328313961,1.1867302147282517,62.335729411094974,2.030167405334274,773.0,30.56666666666667,1.9,930889.0,10636.381281763996,3.351115229110576,-3.4029854373838404
7.92249915216,5.01544089496,114947,11.47687472969452,77.21820471856256,0.465977857005393,2.771499072473776,1.1732343151641154,79.807626643182,0.0063247801911522,8.472036998224288,4.607821313486562,1.501486035553562,56.66512490453121,2.01436292625595,835.6666666666666,30.55555521647136,1.711111094156901,530227.0,10272.593423194216,1.8375136190770185,6.298895066541078
8.33982655945,4.98483987046,114981,16.609558159844738,76.81673652738621,0.2913624940687986,2.4563882995237334,3.695736242606055,62.424384250272965,5.44346966658448,9.176128932798871,5.008275011533388,2.1163552159668213,20.828191118764988,3.400798990897351,959.5,30.4,2.05,483657.0,4787.115933399081,0.865344880915476,21.003960772280063
-1.75674268809,4.93208610209,115001,11.075083369813427,77.31168060822498,0.3452127419368068,2.1777762468328,1.6485180959506998,42.29682447846163,35.30176612026512,8.035710575581048,5.308377036626478,1.4571084570244788,16.35104486144983,4.851433296029025,349.5,28.53333435058594,2.216666717529297,599819.0,8169.012605469314,0.9991577060931752,4.246297431101958
114.938169402,4.93200514999,115005,21.84336767436174,67.62132357508698,0.586948583879349,2.3262244888569605,2.1004979332451,63.94532652866619,2.19079872027053,13.78406013411052,2.436308248724167,3.616862544845,36.76341059730424,4.711986243263636,1019.6666666666666,31.27777811686198,2.0444444274902343,167503.0,42381.27084291028,1.5101666666665814,-18.61205582659493
31.5682962761,4.85212750963,115039,12.55363334922638,70.62511795949524,0.1832257417182261,2.2569335014933216,1.3738439179376007,66.14812823607032,4.30915077963157,7.508507385223984,3.777691391778301,1.1667240801918353,489.64576849125166,1.901492266403184,445.2,32.02666687011719,1.780000030517578,647907.0,1610.6211385678555,1.7973121693120788,-2.5304660567059614
7.02743459929,4.84561832669,115073,29.109306548893947,82.22663452361867,2.438658570963604,3.4240010494309723,1.106322100333644,64.09356694584912,7.06386681699773,12.50981302461058,4.072128234636584,0.9320387505505852,13.39393463314982,1.8143809725268143,1020.2142857142858,30.42857142857144,2.447619040352958,1841971.0,8389.906730344832,2.3202215570475992,1.3395065841287703
101.08878303,4.59275333834,115167,16.46430528548343,74.79436872680492,1.0599795245140304,2.873390546936221,1.8694081342123103,59.72378621540378,1.55324735044086,8.39875681132589,4.579776768891519,7.125538801879491,142.87617678019433,3.227985748558224,669.0,33.03333312988281,1.039999984741211,592451.0,24983.084996058744,5.564797979797959,-90.20573861028006
-74.1174861059,4.63767805361,115176,3.66890869852029,84.08598155235482,16.796380523131795,3.15848745259849,2.1887725824088053,66.93310457510833,1.13079707262109,5.009207663360392,3.969169915108768,5.160544575599871,2607.178197466865,4.428685302988819,562.3749999999999,19.047910521874066,1.036233341064453,7995408.0,22760.1794989074,5.001366613155884,-155.85360384679757
18.5368304473,4.3929981381,115230,17.018167315046682,84.5878316322841,0.2391597397289777,2.237956460079736,2.6367892118566907,70.89438659972058,9.65789969506011,7.782350341114429,3.291080459648553,2.479681819844392,398.5534693062223,2.410532720895495,516.0,30.849999237060548,1.2666666412353516,1046654.0,1610.6211385678555,1.766858345020971,-24.24511930047703
9.73910468137,4.05059908922,115318,15.69134504928279,85.43532255555812,8.284916655430793,2.432800917844681,1.159539704589727,56.569449861902186,11.67409542131201,7.079843645082162,5.346548909172762,1.6246040262878203,10.757207694107226,3.584889420055963,1764.585000000006,29.36666717529297,1.7566666412353515,3064833.0,6552.42035732452,2.7817048071153714,7.647558966330273
103.314599173,3.82002158034,115358,20.84147681514582,77.0570647710351,1.519234320620837,2.260271338175267,1.075499521331875,40.290385054566094,7.723415556656089,10.17919677943364,4.5277686263474495,4.623722856554054,59.947916578503424,3.7533120170698537,557.0,32.41666717529297,1.75,297099.0,16815.10345709679,1.8184241103849104,-44.60161846076596
11.5213035383,3.85908418414,115374,13.78847589628483,77.07808416185092,6.577528662670258,2.7744309111190044,1.3224976463651443,83.3549033611417,0.37044517063717,5.6676122901161925,3.81404162619722,4.277459656216843,734.4003460282281,6.754014676980316,312.1818181818182,28.08181790438565,1.2848484732887964,3064315.0,6553.875752329644,3.516330754114737,-16.888099911815857
98.663284896,3.59673778938,115471,25.62626096128794,79.58149903509572,4.35396119184863,4.021798974422089,1.0107912546183466,18.799429881792857,4.35594882419073,11.27876604285044,3.510825777448027,0.9828595206023012,24.24782549867204,1.9712893622715728,603.8421052631579,32.98421116879111,1.484210510253906,4243828.0,13190.702143913477,4.0866492773262735,1.1240676560630511
-76.5142515676,3.44017667407,115496,27.61014432341658,83.48116324332044,20.216310518714607,2.026269168442109,1.8025914692436016,81.77138134684809,0.51697620538523,9.26119521997228,4.820335271469902,4.0779580716896495,1062.6694630715217,3.2910977260354284,487.6,29.806666870117187,1.2266666870117189,2230461.0,15489.16896372544,3.939915660711506,-90.4194829555961
101.613435341,3.07846803948,115611,19.47129165587175,77.40543967521735,1.2651573672436731,6.021022633531827,1.0250534081443237,56.89992702097572,7.704493364127391,11.632619805892658,6.643751373781448,4.345832291737018,100.75372727906476,4.297129084012478,540.8636363636366,32.44924233176491,1.4378787942366165,6407262.0,50185.77397428101,4.349048031007502,-61.95210114075975
-60.7156676799,2.81298030248,115663,6.941912771802319,77.07123344700256,1.7942665833190587,2.576131838535664,1.6738439928910331,56.72131264865736,9.01603691546622,3.893579595368101,4.587783617941538,0.8339737383675512,74.26293159891563,1.805423136652172,1034.8333333333333,32.82777709960938,1.036233341064453,322384.0,11169.710382649264,2.218024227234761,6.93592017972253
101.952496541,2.70728586758,115686,11.33876277797833,73.15491677909557,1.1395177122378426,3.037827936323846,1.2444689242190123,58.75740513325223,0.22253730493305,7.163342900200452,5.995765721679803,4.830087047282735,97.61627537913888,4.854627617196614,468.83333333333337,31.900000508626302,1.4388889058430987,325856.0,28979.931402214486,3.83757303370777,-24.2163964381234
111.845034228,2.30475826201,115769,24.35382811092616,69.18019718088509,1.5145244052804094,2.367408496270289,2.593235940301843,70.11099958255934,7.36439405794594,11.292683748832117,2.2831700071709338,1.6550270294926908,10.01537754508141,2.7189004676145028,981.3333333333334,32.088888549804686,1.2555555725097656,162133.0,26106.01593753277,1.598387096774161,-3.053273582637834
102.256063509,2.23128002098,115788,20.03498765491212,69.74025344950205,1.2843913957655726,2.992143837979872,1.2523568039099442,17.49505334085509,25.95406456129934,8.760690307644605,4.932578657438455,1.2185236655749685,10.437634636210442,2.7885500914751824,549.8571428571429,32.133333042689735,1.947619062151228,407786.0,27183.8874556753,1.2460402494330651,-0.3051013864356715
45.3243967259,2.05396257013,115831,21.61270732062669,86.6265615035324,10.606381509017362,1.605325806799546,2.199096742705452,24.20437873611007,27.07823101051336,13.512143999765136,5.206039105300426,0.6320790650160274,43.80510860942488,2.1711089175065883,166.25,29.658333587646485,5.464682719538764,1631659.0,3988.964561835532,0.6056111967128572,10.355506125798556
9.78968373759,1.85423991798,115859,16.12016601446793,74.82221242059067,0.2909138183141898,2.23039002707129,1.933333431131386,32.25418379431933,38.59197835094843,7.558995240657705,5.411612275454277,1.2915607728206908,9.311845460755183,3.5800533535324264,319.0,29.944444783528645,2.077777760823568,137417.0,39946.02881011811,0.8919696969697455,9.416392937506306
103.732322261,1.52173701741,115950,20.38875281634884,72.76465606802583,2.133359648654006,4.1614884957952745,1.378649780736534,25.106082153663927,14.947043712200712,12.24080037372555,5.572126244679766,2.161784646736767,27.88658453366869,3.7146206442442913,665.75,32.2625,1.7250000190734864,978702.0,28639.46856142114,3.1548791785255013,-1.230320226487482
110.345391413,1.53134972995,115952,23.90602135197494,73.23371058042075,1.7692685744102394,2.599241747136635,1.762311441026201,51.85786003867976,7.59771460101855,11.944333205824138,3.280907733537437,1.664677052062712,10.189229915010456,2.664139715606972,1059.75,31.650000762939456,2.0416666793823244,590386.0,25723.68553793621,2.4439426523296106,-0.8675218684983808
103.676491902,1.31660225015,116018,29.38068410307208,78.32407295401292,5.283016334689122,1.9897789326105828,1.5514407362383755,7.287807930424781,53.92812925267032,16.91427241812891,5.1051259127412445,1.0809431037848083,6.304604712874965,3.4848480635592747,692.5,31.94999923706055,1.858333320617676,591780.0,59431.26503768293,2.46379797979813,2.4917391318027056
103.865838097,1.33411486124,116026,25.9409195047203,74.1579008828019,9.230109686095163,3.30946517408403,1.6530747854786292,14.03666143700108,51.70612789518375,18.85988539522917,7.624799604973464,1.5078323593476557,11.883039398182198,5.0325567525911525,744.8,31.596666870117183,1.810000015258789,3994515.0,85767.61804849896,2.2076242277732376,2.985098679669905
104.036459669,1.13604800752,116059,29.12850980962589,80.66163104311401,12.78813339504,1.9972483485422805,1.8058566128679416,19.68209453137316,41.352871054869,12.79071070256947,3.443167184888817,1.471741070569941,12.529246191491964,4.15102114379149,798.5,31.48333435058593,1.9166667175292968,678835.0,24352.960816693307,1.0518119197365117,5.172510122959864
123.052180377,0.556819367778,116205,24.20595236825257,72.07433606217036,1.118714385130424,2.100924653763733,1.3229152044538024,14.83053194347144,0.5772917305223,13.558584719085369,2.53397391285494,3.611088274784564,41.0514541257178,2.162215459511021,681.0,31.766665649414065,1.566666717529297,163456.0,17768.426133026627,2.183186274509918,-30.69239001419952
25.1951665855,0.522127350794,116220,16.10921066565325,79.62283114947995,1.7165218902600183,2.147794628406686,1.4219493328392103,14.679918431121388,18.23768450219627,9.54785633565882,3.8956327657866248,1.169451484798763,399.70904795779154,2.139106043047161,308.0,30.53333333333333,1.1555555470784504,819963.0,1610.6211385678555,1.663628820077065,1.865444425935948
29.4604992747,0.498315450663,116227,14.75745173760796,84.17280992157689,0.7124203665464229,1.4529494116097277,1.322142190909537,15.578435798072428,0.0,5.456363073366833,5.102440491890088,2.505349751772235,1147.6649148109773,4.485441928116525,404.0,29.21666717529297,1.483333282470703,258520.0,12018.636751508586,2.125277777777793,-6.177273937846167
101.432646476,0.480910592033,116265,20.4450897220649,72.76339742080857,2.400055204131297,3.070544438534982,1.181986511271247,28.97993714643975,1.0230789180152,11.08461434597069,4.032029728034719,1.1617207145718411,17.78342692548498,2.155968179187336,489.0,32.683333587646494,1.066666660308838,661433.0,65630.96410671981,2.773856973995123,4.180776373141018
-78.0560523416,0.446462696207,116266,9.18527515532332,80.77604819589715,0.4925580569645681,2.0443136362613807,1.167457146085651,47.866253143895406,0.71066387588576,5.006736755371094,4.954851640942879,7.709284159496357,2058.676723045978,9.87433143207782,87.5,25.16666641235352,1.8666667175292968,24147.135,7218.822716346155,1.787222222222166,-155.85360384679757
9.46041318437,0.416927546393,116338,13.42006960580901,78.95671545181595,0.5114167465870855,2.9420705996940377,3.4679453757248027,27.87506457439436,41.17283998650909,7.676240807642163,5.235675573358371,1.1811671447542575,5.328160492119891,4.41698571253878,110.875,28.954166793823244,2.2291666793823244,1015246.0,13095.16584748917,2.371885714285554,10.695029371186944
32.5822567462,0.325131621894,116377,26.46693934963304,75.44711692021582,4.280652191110027,2.762821799677595,1.3986460056569467,6.30462297991919,12.23155572376507,10.83713039623994,5.011277784163289,1.7770917257452803,1167.7473499820726,5.103477386588465,184.0909090909091,27.20606106844816,2.3939393893155185,2692612.0,4939.555655994997,2.985893697935751,20.690663916003587
29.3031116064,0.122077024805,116431,12.80971787377827,83.49523529856268,1.049475822967595,1.661525618040702,1.8180084033437005,32.24152426789958,0.0,5.2420151751860455,4.761080175506202,6.259469305883215,1795.0111738294129,9.816802391889723,679.25,25.175,1.375,940081.0,1610.6211385678555,2.844371584699441,-31.06569913642488
-51.0698928604,0.0452024605732,116487,23.0154090692,78.23523836717052,3.9313109460875024,2.3728962217794702,2.9059731128930304,44.28734099427924,17.75141419455139,9.0914926022695,3.815373054023124,1.1424185882866862,8.364668921683391,2.29738795769453,527.3333333333334,32.15555521647136,1.3,401045.0,9010.349920831828,2.326854680767724,3.347923878239067
-78.4470154863,0.00775817745376,116512,3.544477215802924,77.16993947708707,4.611852311192463,2.0109584174316266,1.9446188931125128,46.99598744330528,0.36084430578119,3.0664041355021223,1.5634148586733358,7.709284159496357,2554.780323226252,9.87433143207782,77.0,23.5,2.7333334350585936,41545.0,16471.06770971236,2.0889204545453595,-104.7433674305962
109.337434202,-0.0394135830907,116532,24.345067701774887,74.66323149547208,4.237589364656731,1.97808946116404,1.6457512525200175,33.8115813916321,2.85844710547303,13.667275180554537,5.386798244225238,0.8444881028583464,5.728063345039757,1.636155107680433,835.0,31.05833282470704,1.8583333587646484,883898.0,8941.589441315622,3.5159470863268325,-1.4541125561842314
-79.1817365083,-0.256548276729,116571,10.09794763076228,73.27051625101545,0.9458048342874814,1.7850941240903304,1.3221780607185587,45.61245066351542,0.2492584853536099,4.681986954802998,5.340351930785507,2.4383219219501515,504.8516426046802,3.759808093943396,848.5,28.35,1.3666667175292968,244293.0,12744.023168899635,2.7797979797980474,22.94465966711863
-78.489416584,-0.204866732814,116593,3.544477215802924,76.95251490233103,13.330238094667532,3.7296282588475016,2.7939957260195327,75.56733873570226,0.03327245934309,3.0664041355021223,3.041870821404559,7.709284159496357,2607.178197466865,7.1627860099630665,301.7,21.373333587646485,2.716666687011719,2070086.0,16210.203362565611,3.5937671284730186,-67.00791269450383
117.146437926,-0.481687544015,116627,25.861546436128453,70.91599227753291,11.77453905206482,2.0109507901558072,1.435891572822589,36.15465227878184,12.25295231140934,14.035458672761823,4.288958420868156,3.7007433300542,25.481021055509554,5.035158248885159,564.0,32.56666564941406,1.7,232975.0,108828.87375898704,1.6672080808081091,-12.546103394307224
119.874185897,-0.909544225171,116733,17.57845041696592,78.38512027866899,7.457466531298636,1.715391725156546,1.4317742226410215,24.31411452572724,13.81098753955384,7.671876687881674,4.461602049513084,2.1571409922032263,87.58186539262364,2.212430120690946,454.0,32.82222188313802,1.9444444274902344,201595.0,31939.664455963688,1.0293189964157818,-53.49999573027278
100.377236524,-0.929114665289,116751,25.35597461564939,75.18393405489411,9.790325792975064,2.4681962297575444,2.23530867342322,29.22168399128953,31.58753028812328,13.505182572182632,3.723991137365093,2.937709923194375,49.209818851215175,2.6124789073007206,1153.0,31.9,2.088888905843099,933355.0,12324.427318651537,2.1859403153152392,-34.19001276095386
-80.7084275054,-0.971835298162,116758,19.02558973421255,79.98616784195109,0.924427466293358,1.7174670500618825,1.1886709199816006,19.69907153525627,22.46465091710597,8.966432062772315,4.399501375590094,1.9193324809492336,40.88120192311236,3.886313126045568,67.0,30.766665649414065,3.183333282470703,254954.0,11099.665555355086,-0.1408521303257544,4.170144318406841
116.855814687,-1.24665137036,116849,25.9629501593324,67.45678005333036,3.1646429794132445,2.5050859486133,1.2968468713723451,15.07537232295896,43.9269040398803,14.685845210222253,4.110978887528569,1.549437473044131,12.288930614567386,6.021896773964245,800.0,32.0,2.2666667175292967,330188.0,53988.757120186056,0.8371043771044242,10.722619930810174
-78.6206819969,-1.25263649833,116853,3.544477215802924,75.41926590636876,0.7972138787200667,1.8429575385335009,1.6995639812085617,66.92409836692768,0.0006734673495147,3.0664041355021223,2.240569873976458,6.1806666261146574,2607.178197466865,7.346131679458694,113.5,21.06666717529297,2.9,195308.0,10248.87500256006,1.2177996715927293,-37.52257126137101
36.8693979774,-1.27228784262,116866,18.05904354383171,76.02631659168756,6.346582127288055,3.606677187940887,1.5075406215140146,69.6735896859786,0.1205691836234,7.931450179729524,4.951559002798309,1.2459088702704326,1628.2570456557996,3.014461278658328,409.44444444444446,27.433333672417536,2.1407407633463538,4093285.0,12454.87887601278,2.9660664903098564,12.178782806209256
-48.43201976,-1.37936311877,116895,27.914874691237827,78.30580659232014,7.120827582761894,3.118510808864864,1.338750279909939,27.38615932699656,40.94715120286691,11.798026189226013,3.3361337398731394,1.3542823506692567,10.659847117936922,2.7209741162580148,1386.857142857143,31.11428571428572,1.6761905125209262,1844527.0,15269.09770418108,2.289712164572112,3.86707465683757
103.613011927,-1.62268406322,116970,23.296206982825822,73.39397292946117,0.5003668805778972,2.264417992393124,1.3986995609653785,34.66881361080862,3.41671288077416,11.902150440094909,3.16135899491486,1.5708972182195506,22.945969047675053,3.1058899332188417,810.0,31.85833282470704,1.3083333206176757,589802.0,24660.43454583063,2.934411102775816,1.092289980449408
29.2158067668,-1.65562037329,116981,22.90787854113123,83.1154892149716,0.8530315024331393,1.927450057465948,2.2447070713332824,29.69343871350865,34.82227501442465,9.399035192024414,4.480066505274392,2.399538950919349,1554.7260361201804,3.2069213565102306,250.3333333333333,26.73333333333333,1.7555555216471357,455528.0,3229.058982104284,3.337160173160214,-16.232512591340537
30.0866925482,-1.94863960553,117062,17.189548607456558,71.98098171735748,7.331337400752568,2.7426115784859366,1.319916420104745,26.03458363771275,0.0,5.850883266084969,4.180793247204499,5.484947384732801,1520.994723583807,8.246641680493715,315.5,27.977777608235684,1.7722222391764326,776683.0,7689.591690561013,2.586882910066155,-52.23730333064464
106.106828017,-2.11958940184,117102,23.86828022792065,73.65936579971437,5.4182248675413005,1.6087387852576034,1.3845895324009356,18.38737940510306,3.5515820687352604,10.568944869751046,3.0323170854895065,1.6268570570881415,14.08418364827734,2.849691268250345,915.0,30.6,2.166666641235352,128397.0,30457.39521951448,0.9072778720996552,-0.3293236721343202
113.905479711,-2.20895728365,117141,25.46819668220724,76.05580421981904,0.7960289339823962,1.9821564481859284,1.662343246029092,45.98043177954675,1.8104756549723904,12.700335121979034,3.0024161930527,0.6355830232211632,10.025916997079072,1.5755932023331258,862.3333333333334,32.02222188313802,1.0777777608235677,152543.0,5383.176815717535,2.1992380952380586,3.001243111349872
-80.8988717784,-2.23149683078,117145,16.51315681265325,84.12946672823558,1.3180846092762324,1.9284463127261984,1.485528620838023,5.41276989656035,45.64037282333607,10.002887295917992,4.739344977819582,1.0995275756962573,15.13245454139025,2.0942853451197947,41.66666666666666,28.844443766276044,3.6111111450195312,190018.0,18438.734651454062,0.2931157731157405,7.07724567871891
-79.9227974623,-2.15940370565,117147,34.53452133719369,86.67108085580556,20.216310518714607,2.565873915400364,2.2599369002999983,39.29433483698726,23.90736008546097,12.50730178323495,3.917410914080406,2.5223651609686057,36.214632498917005,3.598043962292995,364.125,31.80416641235351,1.829166679382324,2271710.0,12001.387416967837,3.162485233826601,-17.520067202098886
-54.7244687933,-2.44571326742,117176,17.61137550682462,81.55010196245132,3.229045424234073,2.061121001404551,1.0814182043408795,23.0457696687898,36.67302931977452,9.04472114069689,4.141368973328697,1.9298835885856167,33.57716600879579,3.2006378636611594,532.5,31.200000000000003,1.6333332824707032,208295.0,5898.107707818239,2.95979524979521,6.219952662143946
28.8499237703,-2.51158385025,117201,22.4066336353389,79.12737262783924,0.9115373587940322,2.149320239804641,1.8163137225803945,42.82609270750772,19.81810095313789,10.08736807230929,4.604728373985336,5.6274355890847865,1622.0167794412562,9.87433143207782,594.0,25.23333282470704,1.733333282470703,453054.0,1610.6211385678555,1.6965266106442414,-3.3144642113820737
32.9390398458,-2.51951771045,117214,15.62497716802858,73.68190308433158,5.313161414949199,2.4454553804211296,1.5325098490958635,11.19375076471846,14.961470384071248,6.649477347674163,5.08125695713473,1.510879009704469,1206.3958218169676,5.099748986681456,477.3333333333333,28.0,2.311111094156901,426179.0,5007.423894654593,1.1748767274737588,22.42552810753841
-44.2274641466,-2.54073506192,117228,16.325010576074288,74.38224232883884,4.8700318631213335,2.925863448748186,1.3325055436967896,26.16371924679099,10.41485307166845,7.44111274393828,4.938724464071445,1.4259293255590555,25.49709758831021,3.117859613410093,796.6666666666667,31.405555725097656,1.3444444529215491,738106.0,8785.700209725974,0.9217559523808668,7.300850058806262
-79.0049917752,-2.89563765333,117326,3.544477215802924,79.76622472272933,0.9023042380572412,1.7678558404285551,1.836407435357696,68.21113669032319,0.0057299876393274,5.144265825277722,3.135954556857554,5.473179487527862,2607.178197466865,5.061016487639341,255.0,21.81666641235352,2.566666641235352,329126.0,12791.273682419498,2.855573300573326,-61.12748479161928
104.753915053,-2.96052225391,117369,28.267117914459828,77.49275129776065,2.4398940222437155,2.56907769686548,1.4478911989822776,21.32295404427003,8.73569527643352,11.242741156239342,3.081851202359287,0.8353166353290965,5.185038287004673,2.163438616112323,833.3333333333334,31.96111094156901,1.305555559794108,1736992.0,19402.94870615409,2.908757916743525,2.9534130521390285
-59.9941644871,-3.06150839468,117389,18.72482739951458,81.41581336424909,8.760962906331216,2.223134104442639,1.3744560647038035,45.60197422403392,39.49926864642354,11.013130038383729,4.539857749695662,2.231968317638425,45.673400884651855,5.591343607122003,656.8181818181819,31.563636086203832,1.2,2044635.0,14843.124029472256,4.146429516653424,11.523551402097468
114.600543918,-3.31666696271,117469,29.24894225462708,78.22682773555475,1.365994286119916,2.145281732159213,1.5840453041187017,35.571242364550024,12.47276909665743,11.496774681100664,2.9096171097323644,0.5239728740013667,2.329537294753967,1.5137790027559577,1108.5,31.96666717529297,1.5166666412353516,776053.0,16004.717639130316,2.654638185130068,1.112003284246085
36.6708019495,-3.39001730345,117510,18.31712159173313,73.25549803621388,0.2122734694205605,1.8510127481186147,2.500920423402255,64.31568822445752,0.0056974141119112,5.6826629357793,4.401686264116155,2.134815546263135,1359.940136353222,2.5488586503055988,387.5,28.1,2.166666717529297,382472.0,5148.688536677196,1.966055555555496,-1.7647962591775013
114.836134345,-3.4387100751,117521,25.32617025895958,70.81718107270662,0.6130205385981994,1.7175058478639602,1.32207036390148,32.52705926261435,0.96686241665553,10.949941825009136,2.5428691712606315,0.989858450112451,17.452464541698593,2.243458060700034,1191.5,32.03333282470703,1.45,196176.0,10009.632309762665,2.033974358974376,7.062237986281978
29.3713638093,-3.37515964144,117529,15.457811664171258,82.31750909966765,4.352208708277654,2.2187977806873125,2.771867807532763,37.12218904826619,24.84074161485124,5.778459421427755,4.402797419117893,3.307223018776277,892.1483080533528,3.351975749901659,828.6666666666666,29.544444274902347,1.5555555470784503,710167.0,2055.309914428578,2.76037691001693,-59.12357955516461
102.296799765,-3.81411290473,117671,25.61174811702686,72.74955246942098,1.4114043651752106,2.231905592358697,2.1391653850172383,36.048378604683926,25.950433027563303,13.025828832497623,2.374469322171372,1.2757839157686213,11.25044809498499,3.3192628896556124,1240.0,32.5,1.6333332824707032,334441.0,10679.182426795756,2.430901722391013,5.54201535564853
-38.5541289916,-3.78643182789,117679,26.21557224020024,78.7157645140156,2.8634002546805606,3.607617167073191,1.26199769824537,34.780552764024804,27.03388741516977,12.36593377882422,4.112672604813254,0.9353370398032532,18.86897346876076,2.503648020492074,476.5714285714286,30.98571450369699,2.5095237949916296,2670084.0,13263.285926959608,2.314826086956604,4.451343868720617
15.2602003463,-4.23963139684,117813,19.165310264851527,78.11697183985957,8.105481594350241,2.2259807880451614,1.9780137906682007,26.498323712140248,26.830797968587973,8.665715018831602,4.571938244017103,2.3607357648267064,313.91044124519675,4.043128938718878,509.5,32.09166641235352,1.1999999809265136,1404311.0,8419.215272827743,3.240006780974518,9.751124400662547
15.4910387495,-4.37132467006,117842,10.7665365830137,69.37603326175136,2.676808410888631,2.650129569061805,2.281020935504888,26.98938838527211,2.60648449343803,5.282224938509678,3.281052742446899,1.6656927206147514,313.66794905056423,2.8574365404202395,434.3333333333333,32.15555623372396,1.1444444529215496,389872.0,1610.6211385678555,1.2368424242424148,1.712353502487531
15.2881679305,-4.36719647733,117860,20.77175201799333,76.4130330415176,12.350750724022737,2.9436422427865083,1.1150049679677485,24.26821286085282,22.26795157497976,9.611391478473616,4.830295093162169,2.6582204225127573,335.2176980281885,4.022314734323927,474.6666666666667,32.405555725097656,1.2500000127156576,6064330.0,1613.616429514885,3.607196923077087,-7.53786469192994
11.8971180109,-4.78308915318,117943,18.828071207377768,82.41635345589134,0.5784959440457667,2.398319649596612,2.027255665874334,30.39513789403988,25.28281381344733,10.518579176031654,4.784781571863361,1.2650277689848974,43.23376258429785,2.207269077850897,762.7142857142857,31.15238080705916,1.980952388218471,978323.0,2312.218522921367,0.4330000000000495,-8.614584325740651
29.6500476386,-4.88349525545,117963,7.90438677167406,72.95064024153251,0.3296874772157557,2.110168768164665,1.646912154808161,23.7666355892997,24.72063247530054,3.5162107307662893,4.418172345875043,1.8782200701528329,814.2977620374033,4.050815882199398,424.5,28.583332824707032,1.65,218109.0,2607.4822588705647,1.4184245784244922,19.039480421752387
-42.7785624272,-5.10006502164,118063,15.673433461995758,78.5836766990363,0.9829965656078576,3.38696365934324,2.1275640446095614,68.28566861434801,4.66658550421141,7.225724218411468,4.376590170072407,1.834746877152681,92.0500702256384,3.1131806229053347,492.1666666666666,33.43333333333333,1.2555555470784507,680644.0,9381.562089726787,2.077342463858315,-0.9770058286022304
119.463167255,-5.15246855112,118070,28.37160489781602,78.32125518989602,9.741205766904915,2.6540080173505234,1.8761749593672,5.36350306040693,21.20853485888392,13.769359795931846,3.3923074523103764,0.6620233099602963,4.37075472916745,2.1970737966757943,1163.2,31.29333312988281,1.89333334350586,1313271.0,27918.61413523941,1.8271621477938995,3.55893318756205
-37.3442332157,-5.19422020886,118077,20.93200561748472,76.2259600381608,1.1367867778099736,2.637531317106492,2.310637648578173,49.93735057264968,1.02014648877018,9.935498780681142,4.562075910009126,0.712511837385782,26.15353137849715,1.675387397675623,264.0,33.833334350585936,1.9333332824707032,210275.0,11196.95052193556,0.7070175438596493,-1.7370290562338582
105.263417183,-5.3914188407,118145,16.12746659620608,76.65804970161992,2.5014294825771777,2.1100562735225945,1.3378484520598206,37.82964790803021,10.61816720143122,8.173559021393633,5.313202896028351,3.166820291115215,129.02502693724645,3.864402152602169,770.8333333333333,31.49444478352865,2.2,729675.0,21960.134651728506,3.115834400341388,-20.460932581577808
-47.4658567188,-5.51116426807,118173,14.00846165442681,76.30309114912083,1.35282132514946,1.9630225665796508,1.1699839204281544,37.48282093871113,7.659176616837469,4.900181882772434,3.314656675232893,1.4689071689961375,129.4646212072318,2.246497374919177,573.0,32.33333282470704,1.3,217951.0,7050.032534835808,1.341206060606048,3.890580576801568
12.2047599202,-5.58264722898,118199,7.992425324525231,78.55406495265946,0.5862258538558106,2.1598869620256056,1.758080193488924,35.05520563966653,21.39865992565115,4.701754052838468,4.481412729276735,1.3337010644251652,26.170374146974137,3.5603848545238503,573.75,31.14999923706055,2.025,600722.0,8056.237830477326,0.0577060405966562,4.74580248186939
-35.2650775548,-5.74772062622,118231,8.93506887299703,83.85238852751867,10.825412431250642,1.5524524335735932,1.266736515180208,23.45687068790632,7.41542852463349,4.54261836561882,4.257957199263475,1.528458407750907,23.922980475640767,2.2253673992871583,212.0,32.06666564941406,2.8333334350585937,204507.0,16198.9660745109,2.3089118198874417,17.72032892844803
-35.2171331848,-5.8410256404,118260,15.572111266277613,84.11549601829138,10.206647950413894,2.701025217457957,2.000017506484037,32.58284455538943,26.202538580606472,8.468941593655284,4.845172857210616,1.7884047865754975,29.25078652089356,3.481227812804863,218.0,31.83333435058594,2.933333435058594,627460.0,10156.89420042712,3.219614050957432,12.8755206571194
22.4109700826,-5.89569311608,118265,10.24697533785596,67.5619990094788,0.8599199941215783,2.1701497228417805,1.3507519316195438,73.21125173885284,0.07110595769722,3.103944815040344,3.406553790984596,3.048582925776226,600.6793354005652,5.822144438079796,362.0,30.78888854980469,1.5444444783528648,397412.0,2797.906107515625,0.9257115009746107,14.228956760471531
23.5892439342,-6.12408036848,118378,17.1335161465927,80.34407841320305,1.9398297996774627,2.038551565491441,1.4097266497244212,59.71564199993586,1.3564455685325298,4.297791656874009,2.762778232373341,1.4570451479773487,599.782668126116,2.6093798372411414,360.0,31.11111145019532,1.3,1118679.0,4214.815476110664,1.8146078431372488,31.95587961047454
35.7513900059,-6.16601777723,118397,13.87864270026114,71.10690581541213,0.720031521795252,2.2076203719133267,1.1952107036037467,27.67593149572896,0.0,5.18408171238327,4.375647743748445,1.3405858088943248,1146.8698243058705,1.5583204298270328,671.0,29.6,1.3666667175292968,207646.0,1610.6211385678555,0.8412991002853119,-22.36190116192938
39.2263936086,-6.1805305487,118407,21.50263386271234,80.58127030825342,0.1257413251290588,2.1914709534346346,1.9228734809284345,43.91382645521177,17.538819523090098,10.981532261552076,3.589709174828238,1.2909373437568514,20.45074105028996,2.2900035602608573,590.0,33.5,2.4,457871.0,3412.1477555905494,1.15924242424245,2.197048464565107
107.325657123,-6.33312275304,118496,17.68486786738028,69.22982890343297,2.2215584438342955,2.989685359897853,1.4838327131068323,2.12958088512097,1.76858417056481,8.489920505242932,4.934986500456882,1.0536922603794254,22.015256923714745,2.129668415892839,1118.6666666666667,31.544444783528647,1.3444444274902343,386446.0,15693.758268943136,1.3019560185185242,-0.295992399419557
106.837214408,-6.29169811161,118630,26.68060319519577,80.6330321067065,5.371705420398233,5.45640308248913,1.0207957541490127,17.2537474185959,12.92581504058512,11.153782736867615,4.112876350395691,1.6352025191854545,107.33322253380808,2.6159390789733434,1242.2127659574478,31.35461000483086,1.4280141757396947,13323229.025000058,33379.75312005365,4.189995082217767,-57.32140072716936
39.1975596534,-6.68752952109,118680,15.634048316247329,67.90892677238382,3.8104884458309103,2.4364522316358195,3.212492971062724,38.38884580503198,9.7096161731392,9.663054943513528,3.45301809229356,1.188034684936059,36.3398531386236,3.00855448118196,434.6666666666667,32.2,2.833333282470704,192679.0,6989.634625465152,1.1403174603174762,-1.6080105312016355
108.529961051,-6.72336913915,118706,25.04607840097831,73.08277704383383,2.9367269082890246,2.3679186049683323,1.0436354896935989,4.68706954901964,17.104947483840117,9.97884745132068,3.416546661401726,0.7205030839896821,16.135087233012296,1.8177288675986456,1581.0,32.24444478352864,2.088888905843099,767944.0,8912.569176919153,1.8348875086266505,-0.2074750167487202
-79.847675378,-6.77364274814,118728,18.56722638321946,80.55327537180675,0.9300736145460664,1.458917738177706,1.3859326528348033,33.594560934392135,0.0,8.355415374749088,4.319788173144375,0.363085005420499,26.226354405505084,1.6525499466632494,6.0,30.08333435058594,4.183333435058594,554448.0,6265.396442948662,0.5691763791763265,1.8738791315647203
110.845368696,-6.80754551247,118757,26.37211222504182,75.26694937410109,1.078586614505998,1.6703732374348976,1.1554837719434985,3.8168861048855,0.0,11.233988005274911,2.840181775197022,0.7744385926892398,17.178156920583657,1.803075771909776,1610.0,32.766665649414065,1.6,273808.0,8390.86076374686,2.5533333333333417,3.501153914084874
39.2190175188,-6.86015421675,118865,17.22448397594605,78.06741673225002,2.952061909079509,3.889290416471272,1.5005612645899964,54.24869222424233,21.56180091130714,8.611192189936343,4.218974492437512,1.946285054756184,70.36608457316939,3.0922775389986694,456.2142857142857,32.100000435965406,2.276190468924386,3923142.0,5303.392436470564,3.354435114429976,-21.429856457625817
109.658571708,-6.90641123436,118881,28.93839781017162,72.95052475254195,0.6489930594589655,2.5985017853749675,1.6876115584200424,4.9835752637069,10.80672788718299,10.163924834670706,2.883616208990903,0.7126025606766522,6.940678669462119,1.612254777438497,1414.0,31.73333435058593,2.1,328030.0,10903.133445111727,2.1542424242423337,0.1971235597916756
109.120852882,-6.90954172702,118905,28.10045939646824,74.20020801196526,1.0813675052909295,2.8184634718216808,1.4878236471398734,5.0807063607652,7.04781564038382,9.102620248609464,3.1950842574232,0.6022040121639489,14.414715042505296,1.7892708780806232,1150.5,31.53333333333333,1.7388888804117837,479662.0,15048.800522034262,1.6098770491802838,1.247551622992587
107.617461841,-6.92419845008,118923,16.2271653673009,80.16933804224554,3.831900053962051,3.373596594526307,1.0953298023863405,30.17850265361959,0.64486441187572,6.122394222880091,5.116904488991772,3.568306290438677,766.3598293644378,3.4686147473638385,1012.8125,28.48125019073486,1.120833339691162,4260394.0,17444.07710906551,3.237798142717565,-53.703207030160456
110.429769546,-7.00190564899,118976,26.12845198297223,79.0040169215918,4.033044833161063,2.896979196884673,1.0183511411834734,20.52775327706049,16.92736418632698,11.414413219548498,3.6273532235638126,1.938669413025896,54.03052672038616,3.703400996213257,1157.125,32.39583320617676,2.020833339691162,1189717.0,16357.898231260038,2.6316754850085964,-8.386904590057028
-34.8602025786,-7.1401692043,119025,20.68015417298511,75.59057176610051,11.0440752273727,2.965672719763864,1.774439782163548,28.81795450946661,32.86449535111265,10.192693729805208,4.211857923787408,1.23500511289638,15.562826576754984,3.0943313482483474,228.2,31.353333129882813,2.8733333740234377,666859.0,9712.960154995284,1.8052031706299656,15.705862525217936
112.63197538,-7.16406439085,119027,28.29866166940788,71.78103355794711,1.6408176613159782,2.5957868483047464,1.5602316807265986,0.9211039336493,31.12522947724851,11.434350662580822,3.2930029984686686,0.5542092994895236,2.971471832732537,2.995918181309301,885.0,32.06666717529297,1.9,137558.0,28372.049615434946,0.4822857142856982,15.094919392695733
-48.2080897223,-7.19195944441,119047,17.33485510459319,74.74644426992664,3.1444020388912093,2.434855066797206,1.7056859343023252,70.79755800578114,2.34325715995676,6.596310008993873,3.0777673728687915,1.4550349916116805,230.89016719190417,2.6813182717793427,619.0,31.066665649414062,1.4,155138.0,12833.020955536362,1.1941269841269673,10.640500583816106
-39.3178563683,-7.23143803716,119062,21.63670156075128,75.8514894797785,0.3127784805304183,2.013107866221433,1.1533962896975798,60.34219514388677,0.02857552199347,10.430150579896832,3.1758568725537484,1.2870291743033917,417.3426783935751,2.8923785954382444,474.0,32.166665649414064,1.533333282470703,176094.0,6248.229604642974,1.6800833333333038,-6.445184513005813
-35.9010039752,-7.23559690422,119063,8.67642834444611,81.93181746883248,2.481480614043774,1.7046697918077631,1.180745525133449,28.24789984136504,0.0514838784392499,5.363344327283797,4.846248779655308,2.7495318933561546,504.9590698026823,3.769891901593805,97.33333333333331,29.62222188313802,1.8333332824707032,361246.0,5538.065456780146,-0.2981340388008746,11.543387721606337
108.214461834,-7.33311099432,119122,15.468868943606328,72.6541917540349,0.8931756748596343,1.837570349373557,2.186117870028598,12.0735291155673,0.98965326223284,8.187643750249103,5.161565338210925,1.5599111526986678,368.8556093360951,2.434807433344606,1341.0,30.366665649414063,1.1666666412353517,420332.0,10136.606944034718,1.984090909090924,-7.176462722013298
109.239879657,-7.4240767592,119173,21.60056413776386,69.59126933530452,7.068181823034097,1.8989233775639327,1.1202757199444755,18.328207538195,0.05669865762849,9.760956215232245,3.341082168153041,1.628937370927502,84.3104023170154,2.481191377507685,1224.0,31.683334350585938,1.2,329069.0,7920.338743546186,2.1449142857142647,-1.8667596898043823
112.710707519,-7.331528369,119201,33.02968877894778,79.15649279920788,9.303381862457243,4.2238076814514445,1.6721412773579476,0.73070381960104,16.11640295658344,10.886917172616194,2.854247580157347,0.614591630303179,7.869156991616511,1.8235037145914377,914.4782608695654,33.040579887058435,1.8057971091892413,3843597.0,19854.12419772417,1.8327965626410787,0.2266667312398125
110.805647388,-7.56240893173,119300,22.37897456392621,76.97335365963599,2.681230728567114,2.6293838765698774,1.5369491862736469,3.79769054002965,0.44397950047381,10.174546530021262,3.819800552297604,0.9372968172309518,111.15000870570384,2.105597425004429,1028.125,31.95833358764649,1.036233341064453,861804.0,7605.1913845839645,2.1704298963447286,-5.208318122982433
110.38014503,-7.78873901919,119476,21.56412603567884,75.85245664996248,4.64195533540434,2.489815340706299,1.2499879484954708,12.4500065815059,0.0233356937786,10.09186332334039,3.8013362154735857,1.2820059667875645,118.98696192931538,2.3619216493782984,1173.125,31.32083396911621,1.4291666698455812,1064597.0,11490.959751906126,2.5887258297257176,2.077014876354852
112.628450498,-7.96159067441,119533,19.202468047211628,78.26872852489734,7.946224605542895,2.0565444763130927,1.7860589064422463,19.5150074352094,0.0,10.263760830784625,3.6805924684397455,1.7334306011710754,509.4436524377409,2.985562788526176,1233.5,30.200000762939453,1.2333333206176758,983832.0,21935.00572048885,2.6024383561642708,-38.858671483908495
-79.0289416145,-8.0981395334,119597,16.61764250273674,75.10169228644146,1.3023551898054626,1.66853400933364,1.4548214926180598,14.96332670861194,15.67792869304486,6.37500953561143,4.782796612164141,0.4924929815697355,36.40893539348164,2.3460797205803403,6.666666666666667,27.26666666666667,3.9888889567057295,819634.0,10636.802621657953,1.162421652421635,22.90502751277367
-34.9209523095,-8.06828409468,119642,25.09049391866833,79.83767823190095,2.072980102896921,3.4644216804290004,2.30938606804503,39.94735497584365,36.18760872666522,11.82919927002214,4.5705925091231645,2.181876689466914,23.748955100217064,4.605905887125674,156.07142857142858,30.2047620500837,2.657142878941128,2162451.0,14721.705334826089,3.3614590932777446,-6.047466692240221
-35.9761154907,-8.28182526581,119660,10.35909650707014,80.38310296991308,0.3325513131099616,1.5972948572455723,1.382526226160676,19.31427903927748,0.44198874404779,4.946603702350036,4.56647215433836,2.0730807110958023,562.2062898965592,3.841967105068162,110.0,29.266665649414065,1.6333332824707032,278592.0,6388.568512376523,0.6942801120447939,-10.927675837237416
-74.5654768086,-8.38920310834,119708,17.680252104993528,77.62471550737101,0.7783293499184472,1.6994636703816468,1.308397857582288,37.20899214036041,10.99336054645114,8.823722117581172,4.303174638092176,0.8976449905696412,148.57108643097718,2.1779597808822992,461.25,32.916665649414064,1.0583333206176757,262955.0,5501.153338023617,2.9538160802312063,6.39242056543884
116.111342798,-8.58639692404,119797,26.58202462676932,76.07175739158649,8.16870708355569,1.985779348707354,1.2986493758923985,22.360362823569808,15.61241035730647,11.138253237949751,2.3377184495833125,0.8803105899872821,24.677707519951024,1.9187511568972184,846.0,32.43333435058594,2.0,594673.0,3875.97583209596,1.9650158730158829,-5.465217648987824
115.20340958,-8.67381571116,119844,23.39766389867365,76.40270335924497,4.401970780985198,2.9472273360817574,2.1131559929895314,3.98466314047277,40.183105755226464,10.02043386757858,3.47686934485942,0.8159145924799969,23.51125347535343,2.342817501400593,556.6666666666667,32.22222239176432,1.7722222137451171,760804.0,19595.42355849864,2.5151605010765934,2.67333314804851
-63.8546578802,-8.76335305748,119849,17.69983717080508,82.23293768975209,8.380833032106983,1.9721813635540089,1.1328743576893152,56.46357154410507,11.012110622739,7.661507756204197,3.952562385382744,1.6388354275121588,83.16383513919733,2.210301175842833,1110.7142857142858,30.97142857142857,1.036233341064453,453438.0,12049.48005239967,3.8400373885533554,1.886511045782342
33.4802867675,-8.91060246274,119894,15.89757246931326,72.70882680462908,0.4740617410938006,2.8606789802842,1.9679772156064392,58.96707433853925,0.04933792423553,6.737718434225637,4.129155446788461,2.751123458022992,1756.365225696137,3.4287607177224086,765.0,24.49166641235352,1.7250000381469728,372910.0,6444.747097154811,1.669777092963617,-27.49243580826942
13.110383151,-9.01406545538,119918,6.08677346415386,69.61786073313293,0.3982379386959981,1.7312838656904184,1.2490194658826617,0.56125250703241,4.31203893787287,7.3047201127197265,6.0573779641708265,0.91492246483769,30.26411814666516,2.080738247432796,361.5,31.8,2.3000000000000003,60130.0,17971.393098287044,-0.064165181223931,10.72450511097994
13.3112589835,-8.90141430449,119932,14.421751506402511,83.67758660352364,6.998991879159856,3.631566886035769,1.460337610288322,2.62982587880897,24.50683773282636,6.86619085162837,4.331379508063653,0.5909195076991052,72.1644845453894,1.865373187683611,377.00000000000006,31.45806431924144,2.405376340804562,8042902.0,10232.461274425566,0.71760354473588,10.696970400992583
-40.5075534181,-9.39968485673,120015,18.11925656232739,78.55558068898304,0.5957260680525861,2.4816886203203405,1.898011322065419,17.44547828838596,11.79864277853974,8.652613222338605,4.10380636696303,0.5782832474895783,375.2641887379544,1.2775619031679,160.5,35.01111094156901,1.6166666412353516,395987.0,8290.877682853223,0.463572174126682,0.6921188034191914
16.3518578358,-9.54240888088,120037,16.060192647529618,77.40677849075195,0.6833336783245009,2.1333837622283904,1.2047126223406956,52.71101000947444,0.23197876736247,5.001641325118439,4.087577697662272,0.90460089115706,1143.275381746857,2.302252998041322,594.0,28.866665649414063,1.6,249936.0,14423.718223865308,1.7859605110336894,3.696837460645384
-35.7483611661,-9.59610967442,120055,19.91270265908644,77.57959739278971,6.285977046733458,2.494436756428765,2.1164516654319168,37.166055010206925,28.5258537327908,10.610494422988548,4.828360034825504,2.213883862930855,47.07603059606285,3.499330708722094,169.75,29.95833435058594,2.3166666793823243,815121.0,7176.782585652931,1.5985481185480808,14.687420700393387
20.3925631299,-9.67013369629,120061,20.51101178108959,79.66316077741618,0.7637443431555697,2.0870514547551338,1.0956178072886549,36.27898411925605,1.8573611330388,7.093340289847322,3.595734049235462,1.0669705775672855,1049.772216529561,1.4858898974524166,572.5,30.966665649414065,1.95,302099.0,5928.274069096554,1.1524903722722115,18.05944354105941
-56.0781737817,-9.88034523121,120111,16.56757236910752,74.65209228885146,6.913316822440132,1.924838845069764,2.606179487061698,42.00181740145844,0.78591374728272,7.394491881471842,3.4024413572380414,1.5932170973093367,279.84052016427773,2.9224079168005863,1122.0,32.23333435058594,1.3333332824707032,38248.0,45554.914400752976,1.1570265151514754,0.1464386575727871
-63.0334360137,-9.90976505676,120116,18.745235022050448,81.43030220672324,0.4227366008449576,1.565303934488793,1.954452379830435,51.67403364196998,1.31640498212352,7.003842402430414,3.0331161855008726,2.3458868896252785,127.247461460224,2.551534013336392,872.6666666666666,31.06666666666667,1.1222222391764325,86009.0,8438.289376693137,2.574366666666549,5.042014458364406
-67.8239955937,-9.95984155061,120128,15.94073856946714,76.86824941975806,1.0561406912712394,1.8593316946644955,1.6181342167717776,58.54104668796724,0.82783255915029,5.740537406150349,3.95716892106125,1.9930476111919169,155.53035754296727,3.472134705708569,644.5,30.99166641235352,1.1666666412353517,299267.0,8141.067788964368,3.559727891156399,-4.495234097193162
123.610140961,-10.1720385691,120157,20.21666039379732,75.42928388658832,9.099146285361767,1.6955947038632513,1.0292205069573268,16.67248561396914,40.869248119102906,9.764494892654245,3.3048432028866217,1.31708534309583,77.85314220062008,3.8217426165496873,634.5,30.88333282470704,2.65,195227.0,12599.556147459114,2.04037606837602,7.680719096750792
25.4731705755,-10.7168165928,120280,9.8372162394067,78.06305655503024,1.556258380747902,2.115120301020069,1.5387801278962676,68.75132347412472,2.65383757931971,4.561705366735679,3.0669443129557536,1.404471698008916,1458.6716922143446,3.7324460841678766,703.8333333333334,26.38888956705729,2.1111111195882164,455354.0,1610.6211385678555,1.473334008780796,23.112671086434148
-61.9378023224,-10.8805559573,120321,15.0885229441521,77.95936766309174,8.092645634974168,1.9016088825046435,1.4025831561370767,26.79586971706459,4.31099478736171,6.347186046101318,2.7400457313267608,1.3972430946385133,157.00195760702,2.7685977586118784,972.0,31.1,1.2333333587646484,100151.0,16145.88034068556,1.998146367521372,3.743411421933303
-37.0728592879,-10.9157556774,120334,27.55580060703805,84.10539883431169,11.623589753096429,1.663323123828147,2.0410933842719103,18.47821386982447,30.50900654411428,11.101214442048864,3.453664860495061,1.325483232218257,7.101204289282662,3.0060943511642493,115.0,30.6,2.466666717529297,428524.0,11645.576439125927,1.944523809523787,3.3871611272808044
26.7388035895,-10.9845992942,120347,13.22281267702848,82.36101795379057,0.9536084376610766,2.159222847948484,1.3991241217249626,74.26342030509761,1.04521811520753,3.383754321499221,3.3611707846747,2.673958893296754,1267.6388929055338,4.291536056886692,900.0,27.73333282470704,2.016666641235352,317618.0,1805.143291627049,1.6311851851850747,9.6301388163331
27.4790408076,-11.6653019381,120520,14.968975947779407,83.95600594670573,9.067765579780776,2.6134911603655056,1.1273754165518557,82.09262603522212,0.63477315628871,4.908232604741218,3.714581577789889,0.8053653893490142,1256.1739966504313,1.666822338951939,895.0833333333334,27.775,2.086111119588216,1328016.0,2016.4692322984067,2.293999887215985,-7.22026321903968
19.9123722121,-11.7743641017,120530,11.54100045914802,75.70186763700949,0.8302949760136237,1.9854801887118607,2.1709958258016706,62.47919692783227,0.0065836592029486,3.7093322046127866,3.2117891753049053,1.1666900014370822,1324.7146827294744,1.3081515001906234,763.0,28.13333435058594,2.033333282470703,155797.0,20434.61757286726,0.8744409114996223,14.615785306356202
-55.5113929822,-11.8540513177,120547,21.3533097593221,75.01027990377081,6.4583316634500365,2.080354869527342,1.8188143649097648,16.41834701209995,0.1071012344148999,9.738351535638024,3.345066297063312,0.8861832640402829,371.24165418281314,1.4803632974554115,865.0,31.83333435058594,1.3,95483.0,30933.498978875825,2.0049999999999955,3.1818364308741707
-75.2183572805,-12.0619557246,120577,3.544477215802924,68.69908278083697,1.3682078745235011,2.004058979320834,1.4518422188309543,25.0643458826747,0.09124395027472,3.0664041355021223,2.7041784034871075,2.7484968588290872,2607.178197466865,2.969960146346262,325.5,19.75,2.566666564941406,404014.0,6934.833374586028,0.171952136752111,-15.52325757796052
-45.791621608,-12.0847184648,120580,19.03730060585076,67.79161059853517,0.2989588765119977,1.646046938900478,1.008695978989481,28.23948484679461,0.34617695063862,8.079248118400574,2.603479200961853,0.458053153408737,758.7651674554214,1.2405442136783331,621.0,30.566665649414062,1.2666666412353516,76374.0,9258.793777987274,1.7935736875395492,5.200885505538054
-77.0174284257,-12.0158965895,120614,18.11100503394192,84.40766308467927,13.972812273664092,4.070598999899778,1.5600842594739184,25.242297808498986,52.93207965877269,8.43565656745279,5.464716049288755,3.741353453364436,192.6037934667142,6.2948571516431135,3.0,27.05350887900904,3.314035058272513,9189421.0,17599.25658939771,-2.265823337913561,-3.67870344357064
-38.9553209019,-12.2475577473,120626,21.57040342079562,83.98193655586573,11.143726161175197,1.8445565265059207,1.80999088550854,54.76567090251244,0.12802168612496,8.56854462301148,3.934416329765453,1.500495060667911,209.74635165912443,2.27093074410191,178.25,30.19166717529297,1.6666667175292968,502917.0,9927.212490331409,1.9261479661480507,18.52269432509968
13.5637939357,-12.3837143942,120658,12.519955111380307,78.93596531762121,1.0269294041038428,2.1814558489540268,1.7767504052520895,19.75188795149958,21.55614496058114,7.451404938263082,5.452056407217929,2.458180553456395,67.69021957020139,6.995959973262856,407.0,31.666665649414064,2.3000000000000003,503855.0,3204.5973087495404,1.199433198380575,-4.71743280703263
27.8607122293,-12.5408165586,120697,11.83164225407414,76.81275140743239,0.2392684285905162,1.8025909087157783,1.236416475707381,81.25907036319417,0.52606411659238,3.998762928842669,3.5171308892901183,1.694748227421106,1333.0137142800363,5.109175831473912,834.6666666666666,26.588889567057294,2.311111094156901,232858.0,4955.9765694114,1.2307575757575364,10.76071231214678
28.2461630254,-12.5580393469,120698,10.27649069733707,72.39162329915911,0.4085010698499601,1.731946619223404,1.1299718333812043,77.92386071714108,1.13036835160203,3.2377759568817046,3.74832507593737,0.9619839792922926,1275.5312569029315,2.007684481395916,818.0,27.3,2.2888889058430992,133859.0,2920.4139579707003,1.334949494949452,11.91025837086545
13.4010674085,-12.6080795914,120714,13.30565268381394,79.3800763877379,1.0834732717697682,2.001425038143345,1.1476926589428569,2.94740815557778,37.175632821842754,7.930779323830147,5.2459346374577365,0.5118555702555097,9.155052001622437,2.0285396797642217,403.0,32.300000000000004,2.45,424581.0,9019.348543623008,0.9542792792792624,16.055834412241452
15.7460786252,-12.770368414,120771,13.27878918835507,77.12362401573527,1.0983984841556544,2.013497544937313,1.0670020101376498,56.66259490220141,0.0138221652133,4.915993490594145,3.4567324387124283,1.7201873915175685,1658.8800493841454,3.182554189256142,923.0,27.566665649414062,2.066666717529297,472745.0,9279.730091275424,1.2475151515151277,20.8540852934284
28.2151473291,-12.8063265457,120794,13.65933021101102,74.72100552217309,0.3831249273436458,2.7577624928972453,2.366771464732909,78.78059667644885,0.34147119117491,4.757747053957655,4.405723498065787,1.0787098710273275,1211.829908014777,2.571009825689334,810.0,28.108333587646484,2.266666641235352,452384.0,5558.151862134822,2.500568840579831,13.71001080320525
-38.3383269173,-12.9091989579,120808,29.53392841039648,73.28956836815908,9.374773371663878,2.148701118890839,2.0463292597353107,29.19473823105782,45.592787328906006,12.762463684853246,2.78039508096902,1.964326498580228,15.249821456312295,4.370702959246311,201.6,30.63333312988281,2.22,330872.0,14717.892535482008,3.083408216960212,3.0518535681665835
-38.4621687594,-12.9409084806,120820,26.51708058734936,77.07623930811374,8.04548013131533,3.347077366457596,2.023125240592608,26.373916056562567,54.72394686100696,15.550508020554629,5.3357012469685206,1.9689483556060687,23.247050523229085,8.609761836597512,200.16666666666669,30.50555521647136,2.261111094156901,2194110.0,13905.451210285722,2.069058229352265,23.10450948898232
28.6318907613,-12.9742553591,120837,12.96029453703291,75.64073406099064,0.3036255853699323,1.9792384759072208,2.2920428684463787,75.777694763476,0.2668635764014,3.9579229311631967,3.572791772411495,0.9435556691692422,1287.540438105827,2.112610004020922,863.5,27.46666717529297,2.424999961853028,533041.0,4160.269022457936,2.1978782051282373,-0.0576417628155923
-74.2170393651,-13.162360538,120863,3.544477215802924,76.50576567875873,1.0851052156460292,1.6339396719693111,2.1472665035861787,28.98693284960114,0.0,3.0664041355021223,2.72108016488326,7.709284159496357,2607.178197466865,9.87433143207782,317.0,23.56666641235352,2.2333333587646487,166463.0,7356.525215813725,2.1434848484849454,-99.56654123041152
-71.9456968071,-13.5325583082,120915,3.544477215802924,80.73002849830819,1.3442522384269426,1.959465421924504,2.202449091291855,52.88175508534807,0.0020828451239656,3.0664041355021223,2.5273525682071627,7.709284159496357,2607.178197466865,9.87433143207782,491.0,19.26666717529297,1.8,406567.0,13933.253717099518,2.867222222222267,-143.57876773036514
33.7545561269,-13.9210122949,120989,19.46258109294892,65.55992925395574,0.6937322502124534,2.682789897664927,1.9104710231581967,76.44862511860863,0.0,7.28470129799144,4.231308904499343,1.0970824137133832,1097.2415541197342,2.300440169008577,813.5,27.36666717529297,2.05,267600.0,2631.8363266068754,1.0273913043477627,-3.917449444037175
33.8017546688,-14.0095791363,121001,17.292312840636388,73.00984369172367,1.6072516921244904,2.040812455391196,1.155484577517007,73.60661506621614,0.0,6.499754449475704,3.926672551689445,1.392065214483866,1077.4803467340778,2.884871921656782,840.0,27.366665649414063,1.9,508266.0,3034.8785832615204,0.9561904761904998,13.313560089441808
28.4529849382,-14.4413395412,121085,9.97843064100525,69.9454976739651,0.5440551607529238,2.2432386560933355,1.424391593543259,75.0533995626705,0.41327820757223,5.569194884443171,3.737808615116739,0.4641802721221934,1183.5555335316722,1.2405442136783331,548.0,28.23333435058593,2.783333282470703,152339.0,2434.192977504119,0.4772797187431479,5.013034023002092
-40.8495172339,-14.8661282828,121180,25.279706559656912,76.8978488809521,1.0214606256855991,2.0062161403894017,1.1069248786205417,63.97034001465117,0.0021429653716124,8.142678459946799,3.6727600611655,1.55373201005799,947.9963527006316,2.8559413563405407,258.75,27.625,2.058333320617676,270527.0,11271.015211051024,1.4428416347382154,-23.19748841120645
13.5109827,-14.9121941298,121190,11.35929372748056,79.70538594335544,0.8616978524508256,1.93787592414596,1.0426263898616437,23.40694021529702,0.01892851784416,5.40823086196713,3.403904684741044,2.595641393762795,1824.7596185650327,3.712239085158172,946.5,26.09166717529297,2.033333320617676,699449.0,5794.38691026794,1.7927645502646783,-50.99888166029791
39.2585880568,-15.1207137828,121229,11.0161277545406,79.81422007983562,0.3993759126061694,1.8417341630143969,1.173055148013143,49.91701690741892,0.003120061786267,5.30277208794524,3.634659682499671,1.7431923417513775,378.19864300289913,3.1235377340140715,601.75,32.6,1.191666660308838,668599.0,1610.6211385678555,0.4214301075268167,14.79745225415354
28.2994363674,-15.4003774835,121288,17.733273814198082,80.79272796126591,3.5845727374191885,3.0919568334302983,1.0968272691689875,80.73490215619327,0.05515040229913,7.082476385652671,3.3422089238061985,0.8766057163341404,1233.4470772725167,1.6896749311466357,466.3333333333333,27.930555470784512,2.763888893127441,1959547.0,7762.122538525496,2.206080501265607,23.149225663791185
-70.129228443,-15.4935057138,121295,3.544477215802924,73.91801022352318,0.939265335298623,1.5884482472348784,1.6525249962296042,13.89344431552764,0.45787920749931,3.0664041355021223,2.208176848833973,0.9919060263510812,2607.178197466865,1.5685674603712485,355.0,19.047910521874066,2.1,229160.0,12630.914902251703,0.46872549019605,-5.59148428286926
-56.0829909975,-15.6182891928,121334,21.98694254205621,76.12709358609466,10.318369261640497,3.773560328849576,1.2921467293347064,47.95036157143485,2.921259077736,7.988114020678823,3.7463659258597617,1.432649405407263,180.8452193928207,3.1053081573470687,513.5714285714286,32.15238124302456,1.4047618974958147,694882.0,27040.08914463176,2.307540020106672,5.250643504258193
-47.9015108394,-15.7855877459,121397,22.33912520953233,63.9384714207127,1.1660352080000314,2.9933406299115,1.90015680700908,46.43595357661097,2.3269954530881503,13.333282147317547,6.34497373580576,1.3782936043477658,1059.9522451733308,3.664600529200969,579.5,27.4,1.5166666412353516,418873.0,8202.914253246214,0.8149074074074178,29.327881429076115
-48.0476846663,-15.8187743759,121422,31.75773237172012,78.25383350513557,3.393004421774365,2.978357983772882,1.5874851272036985,62.75263966012962,0.12499433064204,11.091611900858776,5.255019060836756,1.8883455338808903,1130.54377055817,3.065339722057051,599.5,26.8,1.5555555470784506,770091.0,47262.22413714744,2.4741755446779656,41.0326020021318
-48.0801867366,-15.8843530691,121430,31.75924356467874,77.20310940603558,1.4015272871169833,2.160665009455036,1.145669718934773,39.8590226484077,0.06166899542593,9.925618749427947,4.155003356032097,1.7312365341126184,1164.2301576965824,2.2030018462894008,624.0,26.6,1.566666717529297,161738.0,67788.61793765223,2.10719576719572,41.0326020021318
-48.0003255207,-16.0596890762,121471,30.49327081091785,73.8211269141507,2.869592035673408,1.8437322584978773,1.025962966641767,61.3777824665049,0.14654552783687,10.606976131807135,4.132875462894787,2.1676902287153847,1084.9470474068755,3.4724073870264283,660.5,27.200000000000003,1.466666717529297,184024.0,37614.67222210146,1.7314439946018751,32.02070936189398
-48.9483831814,-16.3320864343,121545,26.94067592521562,76.32269527554914,0.7268666803425315,2.5440497512720173,1.732033736800675,37.88388956252578,0.1933149114668799,9.789595168516044,3.3354005501097084,2.7363483380172435,1025.6813379405344,4.199906219730524,815.5,27.76666641235352,1.6333332824707032,270666.0,12968.707207406913,2.6150701459035304,22.69865649815347
-71.5414837214,-16.3870750908,121559,3.544477215802924,74.06226690970378,0.9562152973941797,3.052481414943692,2.049073408045264,57.09270828877302,0.0046817020906278,3.804774487403413,3.082261858108202,5.263292768868846,2602.273425783527,5.610986539482089,59.14285714285714,24.01904776436942,2.1333333478655137,733770.0,16458.851875928427,0.331078622482039,-154.87150356009806
-54.6325642296,-16.4567904992,121568,21.717399300586298,80.5059816320754,2.8989442654015645,1.812956748306523,1.3786182368989692,20.71480456398014,1.74668018837837,8.752393997613563,2.65852203398956,1.403826707410663,253.9996249617599,2.41687813310002,689.0,31.700000000000003,1.3833333587646484,178637.0,23346.91185476693,2.120352564102461,1.3923507529721064
-68.1774011974,-16.5252554226,121609,3.544477215802924,81.32989144286088,19.44639336503352,3.043022089545432,1.013678945240101,42.0456111221431,0.19891924411406,3.0664041355021223,2.763851453719056,4.441245519002958,2607.178197466865,5.709582954418811,355.3636363636364,19.047910521874066,2.2303030118075284,1715936.0,6964.415831942453,1.4179512772172416,-59.83866573800469
-43.8547810191,-16.7252952568,121643,21.42238976387878,80.03135385341481,8.740077690285988,1.9520254413723264,1.5211833611799994,53.11062143712277,0.13729599954388,7.300842243019378,2.682630836162518,2.772507907197753,680.8754005383188,3.348467458513088,639.0,30.8,1.036233341064453,370610.0,9876.131604651791,4.091908996234849,-30.45416617457965
-49.2893037012,-16.7189672372,121658,23.21017716469983,78.4803149201068,3.810183299553845,3.760076923734549,1.6134493841532562,40.57398827749093,0.33777318498234,8.355033256843328,4.188113817799488,2.1874458957362872,788.1676027036073,3.3441817988732114,839.7499999999999,29.31833343505859,1.5366666564941407,1789318.0,19778.23866132233,3.294266550269299,2.740081315718726
145.743607441,-16.9553266897,121697,20.54314203279303,75.2383412568907,0.5705787837523342,2.710151378734766,3.0007050985869874,40.26085632213966,8.73593905248411,11.84151882741117,3.3096428714517034,4.253087019416293,68.39164934115442,3.29425465896177,1087.0,31.9,3.633333282470703,74166.0,41464.93150500229,2.6760567375887376,-47.787598381442834
-66.1717155565,-17.4019523157,121784,3.544477215802924,74.47022451821393,0.6495661607810899,3.819289228824859,1.553866442187059,29.11909155706573,0.57622660300536,3.0664041355021223,3.1056791420003096,4.873959269183162,2607.178197466865,3.994118749698571,497.0,24.270369974772137,2.011111111111111,1099323.0,8132.945525564368,2.546963388920858,-122.8448440963116
-50.9239266278,-17.7888361861,121864,23.07496377987951,79.56835895133236,0.5965727009912294,1.5790166508085628,1.4181012544127722,18.43626873053115,0.29107473930194,7.474302560053389,2.942212161736766,1.4611765670488588,736.3932946340556,3.094490315866127,825.0,29.24444376627605,1.6888889058430991,197689.0,12265.065248951638,3.071863336204448,0.9383169287991676
-63.1541916221,-17.7966596885,121896,19.56874351870038,83.99281278791007,16.38875014869368,2.598498950671067,1.3616232802405577,29.60031872749299,0.5396483316736,9.876818324084878,3.173881661686381,0.895695104392554,396.8905534801372,1.690805553989748,435.1818181818182,32.13636363636363,3.142424288662997,1811112.0,10316.014121158714,3.042537311716842,9.4419259299205
-51.7238711655,-17.8846151362,121914,19.545629254968468,76.02145814015998,0.4231113291351829,1.62953983137256,1.873926536970156,33.15515483249647,1.32680272821802,6.900334113307001,2.5931442979028114,2.0163114010104035,726.677373085663,3.840637187352831,689.5,28.916665649414064,1.766666717529297,82245.0,10215.012815368716,2.9302314814813712,-10.271144861524249
31.0030909657,-17.8862211804,121926,14.02259899978706,70.23646013657803,7.713357469084528,3.956479124596799,1.3710582930507322,71.09780581153521,0.10437204682659,6.080959937606166,3.406353247366356,0.8250952384838413,1445.302394842883,1.7139461596480914,440.4285714285714,28.00476205008371,2.380952388218471,574485.0,3985.9029025997215,0.8917472527473365,-0.5419748974525191
-67.100062378,-17.966104567,121934,3.544477215802924,80.25239148744319,0.6677027433393692,2.37898632630809,1.1625086749937512,58.41398664202815,3.72356762663364,3.0664041355021223,2.3394693866860896,5.367445974194938,2607.178197466865,3.002323167594607,255.0,21.011111450195315,2.566666564941406,304413.0,9070.473123683943,0.5010512820513782,-84.37017773043954
31.0729209636,-18.0147365934,121941,12.35557504049889,78.64799208737779,9.619137657109087,1.9181039336605912,1.6079485789544914,55.84860152333045,0.4208526747125999,5.249293959451012,2.7657215979739727,0.7498954949967992,1420.637272533874,1.3752902102217912,406.6666666666667,27.811111450195312,2.377777760823568,395297.0,4147.708252276137,0.8892763532764434,10.138207399302472
-48.2714925546,-18.9159160711,122108,27.35137854472658,78.93835885793162,10.20699048377882,2.5453318982557915,1.0834652858877056,28.63765383175985,0.16582299064177,9.447840540018134,2.774840961841624,1.3987459373394913,873.9939302981268,3.0548603713971154,928.6666666666666,28.655554877387143,1.6,609173.0,11878.23364298812,3.0276095098517395,-3.870805518653583
47.5368143969,-18.9135360796,122121,24.98408877287439,69.79530731991893,6.340637319315518,2.4558959290678715,2.179925953963956,10.119822432763453,3.97293815381178,9.167968237039675,3.5759038024225425,2.3966401805166777,1277.781895342354,6.439122435272551,854.0,27.36666768391927,1.8777778116861976,1205566.0,3243.5463889990247,2.217630913687227,-4.216339451644672
146.768219519,-19.2939120206,122204,19.95854371813451,74.90317352385688,0.671746954181486,3.17574636073121,1.3276740644715157,47.83231227961887,14.89917691973083,9.561990440878535,4.462564868581769,1.7566401087363264,26.1063338549802,2.459861577112164,767.75,32.458333587646486,3.3749999237060546,120061.0,38336.50347739899,1.060167055167021,-12.077648655107282
-44.2320821094,-19.4518945835,122233,23.26574110614817,78.08187262640182,0.609142626568009,1.9890842895931864,1.5260260920559228,51.72155753153991,0.0746669074193299,7.3684536418561395,2.4002903782414835,3.2714068506191945,805.7080677101986,4.147726995176132,943.6666666666666,29.011111450195315,1.0666666412353516,210912.0,10415.95085628129,3.272831890331819,-31.25223899072546
-42.5504145091,-19.4709837833,122238,23.64982816601428,74.95906709014218,9.267507617450477,1.9855913226850967,1.0365003559063286,59.78094324588072,3.23578061854502,14.283003255234297,3.6154330273923496,6.139602609030373,294.66443967290013,9.475563114959078,624.3333333333334,31.788889567057296,1.036233341064453,212224.0,12025.626960193003,2.894166666666596,-29.25034080792159
-43.2287008807,-19.6296861502,122284,22.64852663935192,70.47870372231958,2.316261702610996,1.997984534144462,1.2472450069873449,70.68730358404939,0.65740613151145,9.862264961068718,3.335547821836287,5.760126825166541,885.6624541939494,9.87433143207782,782.0,27.3,1.1166666793823243,84872.0,10752.330745122064,1.98553535353534,-54.631493896696725
-47.9378282825,-19.7572396171,122319,24.9160134564336,75.84173272807006,9.973013905112351,1.9464026653704447,1.248184391918676,24.42314305808191,0.17583991566606,8.087799085765868,3.018634362724586,1.646739149345535,761.0222948115661,3.286854607937159,1000.6,28.74,1.6466666564941406,274832.0,11897.103252168608,2.8023333333333653,22.524434601753
-44.0061194231,-19.9008343506,122422,25.06016929559055,83.88666229538242,4.533037580353311,3.8730889303380063,1.876054710389616,75.17463774747584,1.45782302092927,9.977926799619311,3.800327059272571,5.391837219807471,881.4317235817248,8.167940454636293,961.28125,28.87604150772094,1.16875,3932675.0,22221.437133249005,4.359007227891254,-11.629300986360704
-44.8921630135,-20.1479868474,122479,20.67842352814478,73.98620946752057,0.9928340748616934,2.361110526234739,1.012360818756428,59.02467453390405,0.14160514463587,7.536950553794925,2.91938093729107,3.067497708334649,762.2922457197909,6.1946172099297945,902.0,29.15,1.1,162946.0,11183.21727443448,2.599125188537016,-21.90991295402739
28.5176720146,-20.1492934878,122491,9.23179438962987,66.92877580397005,0.4467449872728347,2.4251390205258536,1.7957483542463877,76.54128871154577,0.05966079911156,4.497035474281975,3.023983143753937,0.8540784633885351,1348.0869001867811,1.7465404696593745,310.0,29.11111145019532,2.5666666158040363,180271.0,3032.916231673423,0.3198964113947795,13.810058710902467
-40.2561723759,-20.1942037154,122522,25.35075779927022,74.35554198843852,6.386069300483599,2.5050146845483123,2.5917720231811847,52.31077261577228,8.926225874752571,12.556976705721576,3.206505268293162,2.7591027222091524,21.11117625145668,5.020955136229187,586.3333333333334,30.200000000000003,2.677777709960937,220117.0,24528.303720294203,1.9165399610137683,7.407251138719012
-40.3621156719,-20.3435277273,122564,25.921575835040763,76.21909060625224,8.140685085607096,2.867127751244918,1.18039737353512,39.48736908567313,24.01322239052039,11.786500594218571,3.4538644096526854,3.649163348327863,40.3591881833238,6.820482449846244,581.1666666666667,30.21666615804037,2.6999999491373696,665139.0,22944.63938665452,3.0983054626532898,-15.970802669208377
-54.6190193109,-20.4752578308,122625,23.99442475768461,81.93495295226573,0.4315702745487009,2.6565304301344512,1.3412979470685915,24.12574490859006,0.04166366539306,9.160037424618071,2.655287007887804,1.1123163374814835,577.33913769864,2.420779536766465,539.3636363636364,30.872726995294745,2.5393938792835584,816919.0,18064.752400176763,3.289767745672634,-1.9890736225250976
-47.4025254912,-20.5329047385,122640,29.28296845369877,74.81662146514252,1.8039411234368687,2.401404484239856,1.1326342025764924,20.68026528022341,0.06953567792879,11.426954041657506,2.605031076009652,2.42720864308399,962.2167745037432,4.074582393853403,885.75,25.75833282470704,1.7833333206176758,328227.0,10994.394723773485,3.073431077694181,31.734487909715654
-51.7001406701,-20.7895109948,122718,15.2219264669617,80.39277782208917,0.6104073703702279,1.7097505048472288,1.100632446335254,15.53154858010403,1.5761302682136502,7.365346034018786,1.699779270399968,0.8251354087013107,326.6975898994254,1.5538143568719205,430.5,31.9,2.25,108838.0,12956.39826163656,1.7091005291005672,-3.3309904170899927
-49.3821327997,-20.8069069415,122735,22.81080820976416,78.84090591038483,0.4971900705159048,1.968922241215468,1.226131369039427,9.29626112950752,0.18154973056593,10.359153619337592,3.140090024781967,1.5747067739233576,525.3783198064025,3.371578986725389,584.6666666666667,30.78333333333333,2.0944444274902345,410049.0,11832.146428841432,3.3119817073169884,-10.016375380611407
-50.4434574753,-21.2050916078,122882,23.68952695966865,79.54598957045702,0.8093251775312492,2.0006628311656365,1.0122529318128295,10.86561306126463,0.14329555967408,9.99451509081883,3.082663767571676,1.1843347052731523,386.1859912180466,2.497965492277704,588.0,31.23333435058593,2.166666717529297,165289.0,11112.041624064515,2.6251473922902164,6.666257849381509
-47.8027342304,-21.1693193568,122883,25.736509908623752,78.36700514693669,0.4509446957170434,2.322817853523796,1.2351255639616632,15.94094481674656,0.46828981624036,10.483299296407354,3.4685224847553795,1.5669110687038776,581.4318062713392,3.2897140590723133,774.0,29.88666687011719,1.879999969482422,548793.0,12668.444468132791,4.056895508759908,-17.311184952421627
-64.7271864482,-21.5295078074,123007,19.04867374633103,73.00347017435207,0.3786314119939324,2.0686577067022536,1.552918982526842,18.06127356289926,0.0070519657976893,8.827144413010346,2.4665531256794564,3.9779661796308425,1954.8076163730464,4.158432704419532,376.5,29.28333282470703,2.066666717529297,226533.0,7329.501229401458,1.4858897243107094,-60.997840079244725
-43.3545671018,-21.763372099,123097,20.44500680183419,75.36798375893196,4.858185819202201,2.117007495999831,1.130118563619241,65.90836819803837,0.2457969308520499,9.817997127835538,3.893257836065201,7.117315342831318,802.7252149428887,9.87433143207782,784.0,27.000001017252607,1.4333332824707032,331079.0,11595.89512472854,1.84481256332316,-32.144377948293595
-41.3173581729,-21.7566245262,123104,27.64130701118944,77.66207417878142,5.651047019429481,2.571085078523576,1.5098786930851,13.124757380173978,5.91298106497554,10.45944698127412,2.223127525399425,0.6503977094422375,8.590575864334259,1.697969113491698,524.5,31.15,2.333333282470704,351481.0,8357.48144849935,2.243091168091098,1.9884838387755208
-48.1678104241,-21.7826967443,123107,22.92614983442557,77.89611837592713,1.6037321017000108,2.2088008432781296,1.722158915423436,12.48926032646676,0.1986386834951199,8.226058341482775,2.558457255212108,1.3084726332449264,682.115017934749,3.2111386255354204,576.75,28.76666641235352,2.041666641235352,199264.0,10484.076867873777,2.4443849127015334,-11.841538575300888
-47.8916831166,-22.0114194068,123188,24.89695343889772,77.80377621938784,13.29616803010077,1.7841957557669526,1.5351833950910636,31.78877817060593,0.25827532713329,8.643127005080522,2.6771006717361123,2.074152570799367,840.3495214757166,4.110157221261967,580.5,27.200000000000003,2.1,171951.0,12347.799570807963,2.068197530864211,4.671155982677647
-51.4076469102,-22.1184225774,123221,22.322010658825988,77.56173856505029,1.0031003103363063,1.7464333293019974,1.3636760975099025,16.39279488128182,0.23400625387012,9.975084211285424,2.7417098754021247,2.439421390837222,425.5956175329633,5.108318330615265,502.5,31.450000000000003,2.2666667175292967,158247.0,12372.246456488909,1.7647955647955698,13.425521214375635
-49.9496984794,-22.2084124626,123267,22.90168699817961,80.00542042641965,13.843612140977122,2.365598535207682,1.7716182028673413,30.90687649076969,0.22479123673018,8.746312913705742,2.869644538292311,4.333923406824201,580.0333493982602,4.940278087130749,572.0,29.53333435058594,2.3000000000000003,162743.0,11895.386031964508,1.392083333333403,41.0326020021318
-54.8008946936,-22.229779122,123272,23.84483039509336,81.67774621190712,0.5704406330747194,2.1615671003894508,1.4271309244710488,18.36361218075347,0.18892501422784,11.820194707386902,1.829322805593593,0.9307298624436604,410.8990702794148,2.071771591186876,545.6666666666666,30.78888854980469,2.633333435058594,171066.0,16602.92689371354,2.535345528455309,13.992539799120324
-49.0715703359,-22.3208391158,123316,24.42542089720236,78.79991224959964,0.3618367346920924,2.1888619762023174,1.0207293468877543,38.54006278335171,0.0953405428924999,9.57318577684398,2.717366269410626,2.2753129056826165,554.9002475759747,4.34868831422328,560.4,30.026666259765623,2.18,316365.0,11788.8942518926,3.747713561059925,4.14257197765653
-47.5674375538,-22.4038736353,123379,24.47785085301919,82.21873820215094,0.5054475528684738,1.647852281663025,2.44954422135281,41.74705434611054,0.07930382349945,9.203207844104773,2.6268672143717184,2.232908308530541,587.0716143343053,3.281450378834621,552.0,28.65,1.966666717529297,158851.0,10648.46983651346,2.3399947547862325,22.050672176081772
-46.9477391197,-22.3873714827,123385,22.895872450238848,74.38972039153423,0.5092727052683226,2.393872236719753,2.9261315652143325,24.65401501450561,1.18558266005651,8.693639006495088,2.156787962817005,1.8527119175133573,646.4290011389105,3.707206209213312,699.25,28.16666641235352,1.816666641235352,199402.0,10741.511218543446,2.670457516339919,-5.207532299940226
-44.1036444122,-22.5066477898,123428,21.14442651552972,73.55981325217175,10.30733130230365,1.889816224129208,2.167435100690825,59.571533354023984,1.14359932890392,12.083641467299795,3.6038639555838174,7.511516553374872,435.1743886386064,8.990370550617639,876.0,29.13333435058594,1.3666667175292968,216553.0,8159.87138021639,2.126166056165971,-37.17692398480381
-41.9498265762,-22.520083631,123447,22.78615230811696,78.9241268738568,0.8067163357089802,2.171660794405214,2.717993715056524,17.585698106202948,35.6860063630999,9.054080882246277,2.204041956231958,0.7787288059669945,3.7231449628677575,2.263850437164338,788.0,29.3,2.7666665649414064,127724.0,17610.63443832013,1.3450264550264102,2.7346024438398158
-55.7276419706,-22.5425687348,123449,20.40951517086621,75.15354860871273,0.5927425487860047,1.9192745280953665,1.3460121850635622,21.05810853256,0.14598584947325,6.551256808512905,1.712974151050568,1.4361506820363998,622.5700769198545,2.567293541016547,571.0,30.199998982747395,2.8666665649414065,146619.0,19174.95329391142,2.054629776021102,21.62523848483397
-47.4095276578,-22.5740597438,123480,22.772374386500168,76.26869073498037,0.5532245221584022,1.969370403819921,1.0259736347263808,20.20957142324858,0.21794434418901,9.219192174000618,2.9799917898846715,1.9632771262513984,610.1513453856619,4.26527685743471,569.5,28.56666717529297,1.9333333587646484,269103.0,10662.10715227998,3.291016932752882,-6.49820078526318
17.0631968671,-22.5553002437,123485,18.59301165733153,76.76213551518217,0.3793924692330431,2.0880314930556465,1.8289914372137472,41.60489645019642,0.17847545313517,7.503479709625869,2.6205959858459864,3.865635285760606,1673.9616078359652,4.749937249569176,320.85714285714283,31.95238080705916,2.438095201764788,427774.0,10859.56602084278,-0.5708474576271101,-20.06442156737762
-47.6466426697,-22.7253554788,123566,23.10565866292071,74.6045552034355,3.90312920945891,2.6921158369977234,1.613321203927561,23.23390134120702,0.83424745914518,10.283149163492345,2.740755643558448,2.090136126027393,543.3947464549659,4.495473099294403,529.25,28.94166717529297,1.95,334112.0,10239.210468345942,2.1496745027126245,-4.882638513650591
-47.3523210192,-22.742233441,123568,24.68933252847294,76.91717381784561,0.7379254541500758,2.2599682877183063,1.93659444178534,19.9869960607843,5.08554488483872,9.876675683317652,2.6187218812741104,1.8966025829001016,560.9054520102072,4.208712949853791,582.6,28.760000000000005,1.9,377317.0,12065.00645876014,3.087834053586846,15.649903171025016
-42.3194191503,-22.8661877881,123654,18.46708107883525,77.18867343068665,0.7138837710337123,2.414913488873396,1.775005036580433,11.91337463249932,56.265384306189326,8.589545136531555,2.462215244881478,0.6132541011982572,6.720658046273874,2.695536478656676,624.5,29.26666717529297,2.5,89557.0,8463.228011210736,0.5626410256409713,3.9017208387760025
-43.023661525,-22.8309440841,123677,24.18911109783761,81.12783038983,3.636727156475871,2.9529317827996246,2.0567303802822976,49.03242408263574,22.17909864714397,12.054543908293912,3.521074887417704,3.7135843195267895,52.76006713969482,7.143003968812697,544.8571428571428,29.747619192940853,2.461904754638672,1170519.0,20920.791815425466,2.854509015594488,-19.680807847596256
-43.3995363371,-22.8211009162,123763,27.17507488255146,84.19999742516218,8.133936396840873,5.664034083429539,1.22145592521789,58.73870189756932,13.83700733418363,11.480112637193225,3.359497045736945,5.006158632452696,94.3727304292062,5.427467135435007,708.6199999999999,30.126000183105475,2.1593333496093754,8407324.0,20777.349250011062,5.0229315178216325,-68.29389058042295
-43.4010763062,-23.0072660646,123785,24.1079707821582,76.7590586712586,3.449974678816258,2.934048338626931,3.898598060863888,22.38872792861562,41.81197990366185,13.04095273711292,6.871716369006314,2.209375752916071,16.096416247435535,3.621733831815244,557.6666666666666,30.0,2.4444444274902346,252044.0,14187.799602450368,1.029607843137228,-8.052999088585741
-47.1347788681,-22.8932131952,123797,23.12144642749902,75.7349684584212,1.7171612186828276,5.256209556374202,1.6362996957746374,21.42450731701087,0.61855151170394,9.239581818985506,3.5253763430329816,2.29631753936874,625.527142320397,4.765309134773864,629.8461538461538,28.30769277719352,1.835897428072416,1572033.0,16200.060091613856,2.3479677401687127,10.537250160834674
-45.5687655834,-23.0236361467,123812,20.9345491469977,76.65888301441144,1.4250500800022796,2.3351359317362093,1.984222146825035,20.06677764126094,1.54299372986953,7.667244497273331,3.1582772575312124,1.8396137476374264,574.4297599445791,3.810769721555267,559.3333333333334,28.33333231608073,1.6,293986.0,11260.78415978991,2.415600268276311,7.570239303469634
-47.2210658038,-23.1026478982,123866,26.43526485442093,79.82864783194708,7.652292284229788,1.6943911978487614,1.757049336131727,23.36745082169573,0.97660515083722,10.11618830703174,2.6226952192081243,2.2879014691556563,590.6364520644394,4.159871880718055,614.0,28.166665649414064,1.8333332824707032,183646.0,11937.54335515067,2.5149761904762613,12.956810328485515
-46.8800802939,-23.1892164284,123927,23.409092413432813,74.0718980832327,2.676917134452266,3.287881458969728,2.3790911049714225,49.46999476719976,1.10197597181859,10.073969541783534,4.2187821477506455,4.384722580746697,771.9068948269557,7.222977946585469,673.25,26.71666717529297,1.7916666793823242,441221.0,10571.214391427427,2.744553700268113,-30.456031964650947
-45.9057076491,-23.2435813165,123981,21.6855555539012,76.1976755326364,8.211015063739879,2.981222316999006,2.9275564949398643,25.12606711823904,1.09027879519488,8.858203022382007,4.545100363060659,2.555177392940996,591.765122346946,4.490023978174365,630.0,27.057142857142864,1.7809523446219309,585617.0,11442.885223618852,2.06138797145763,9.388543582759551
-46.7338260103,-23.2926736634,123985,18.54839901929813,73.81905165018647,0.4397400163997857,1.9165046424847296,1.989769873900749,64.29706892939355,0.29878206993072,8.494439242445694,2.8280790833601155,5.955099341417409,826.8467913376535,9.87433143207782,676.0,25.9,1.8,258176.0,9565.841697136835,2.0409206349207807,-22.46740931426029
-51.1812216519,-23.3035817776,124018,22.8792067866505,78.2785943858256,12.36729168239046,2.275161231807084,1.5965593232298678,23.60435589501684,0.20621623696096,8.643557343057324,5.114578602579358,2.5351510298895668,540.7453713050553,4.73276760351026,533.75,29.408333587646485,2.1000000000000005,609495.0,16013.00066940664,4.592446406926399,27.95735235108782
150.519060129,-23.3597676145,124039,21.91665003504142,79.44247371183467,0.7675230211598284,1.7335710854198427,1.5204070976584343,64.9067802619633,5.25383292721167,12.219998573114063,2.418177768610779,2.47125041243126,38.98948329672753,2.970301873750984,354.0,32.78333282470703,3.216666717529297,53471.0,36876.95500364684,0.643513770180391,-14.39892205557388
-51.4356082074,-23.4022681281,124059,23.00817606397924,75.41477697723175,6.7393253617699,2.021615858192769,1.389718152260868,14.95314690644857,0.0327213289941,7.671977026351897,2.164717989464045,2.213954290429097,733.6307545113618,4.252790601216472,481.0,27.73333435058593,2.166666717529297,101223.0,12773.32908528694,2.3820833333332985,39.65782378966401
-51.9262499542,-23.4233714078,124087,23.29272510928368,80.00705943955214,5.231537700034115,1.9565627203235136,1.177830838150247,11.83829507813274,0.1474579366764,9.150110025438645,3.697749423626232,1.76765726512244,501.4898742015758,3.8761629536510473,394.6666666666666,27.722221883138022,2.1444444529215496,485406.0,15159.465313572551,3.8046025319709456,30.05517663821269
-51.4496868461,-23.5517130666,124155,22.81299541891354,75.75155125825552,3.899868757762802,1.963102120337073,1.058489639434761,31.40720678373306,0.5586805594416,7.625029424488718,2.3307100509974266,3.0374412985601302,760.7888474908228,6.008443691070767,475.0,27.53333435058594,2.133333282470703,110397.0,13054.346621737914,2.1370967741935907,41.0326020021318
-47.467977741,-23.4965591503,124156,24.106988943945108,76.42756807959438,1.3018472744350764,2.3089957457566466,1.279842917277097,35.52015319582299,0.7839051472096299,9.734829316764854,2.8318251536835826,2.7591792219487457,608.5166347193315,5.382939915761079,522.0,27.41904776436942,1.7619047764369422,655210.0,12401.522977366038,3.971850574712676,-6.893182923269137
-46.5884704994,-23.5631269549,124288,26.67683399492616,86.67108085580556,4.546296535841073,4.900826375222788,1.4186084489751374,71.0832827684517,7.132999846798111,10.6968350009386,4.754556095527901,5.071430154845622,815.0966280219994,6.632590322073824,665.725274725275,25.944322422572554,1.943589735764724,13323229.025000058,28633.67772831782,5.706195758729924,-43.69354224269273
-53.307683751,-23.7687132215,124301,21.60603281689458,71.74672631469721,0.6290165888265837,1.7381645021168417,1.411909554335404,15.78960759276046,0.05700638247929,11.116245677203867,2.0412652231187045,2.2639094423135155,425.540828672557,4.538624256855856,496.0,30.466665649414065,2.333333282470704,79125.0,16081.033832543444,1.5367969924812428,10.80753817722632
29.4390038733,-23.8849913921,124373,15.931218743491629,71.51944069930117,0.4425191223142344,2.680266637540973,1.882052317862555,65.26373699603552,0.57927162256732,7.128837777425178,3.0747970911477527,0.8455309566135907,1276.9373364752685,1.9944625974414565,383.25,28.08333358764649,2.2,276120.0,11437.7908083442,0.5604262672810023,-5.45455550249244
29.7025645322,-23.8925376792,124374,7.787989491583789,72.76862365146187,0.5049301793258104,1.797778235941042,1.1791931493452872,66.38232052648306,0.02307588152978,4.564960248968754,2.5710478514537334,1.0433182946833306,1317.8926389850485,1.950161996415953,571.5,27.13333282470704,2.05,40512.0,23086.793443917857,-0.0133232780292473,-5.487422324672934
-46.3416472234,-23.9533203895,124409,30.02699705948743,84.32788712264411,2.91845411056016,2.310606908757641,1.869299366827944,22.780165108443303,40.75658513928883,12.190313769922303,5.503899357638695,1.7802066987549938,14.010500543349364,3.6254139369439913,988.3333333333334,28.644444783528645,2.488888905843099,623233.0,26930.52373831296,2.309824949327435,-4.72716242385893
-46.4747903816,-24.021399855,124435,29.533980885984768,84.36837688800475,14.052928441271652,2.261707854092958,3.244047837270528,34.25455682004124,32.19175609178422,10.67600263932526,5.436967415370035,1.628900009256517,10.639164395834507,1.994273063896972,900.0,28.666665649414064,2.433333282470703,245736.0,24397.445213562525,3.4721710526316123,-4.8493612419114
-65.2846025989,-24.2067176914,124506,26.22684623579482,75.22691813843826,0.7679960712253828,2.177930645936286,2.930500581618648,62.13078893333894,0.0069835892499282,10.950104047707171,2.6676037558064083,3.605828571669572,1288.2197848848111,3.297260260443286,421.5,28.15,2.0833333587646483,235976.0,10653.53800810252,2.8901809954751343,-42.12046823697642
25.8940984782,-24.6365372871,124739,12.69691867232067,77.45413539244261,0.765035174345404,2.1016045239678696,1.0325085874481383,76.93724384255056,2.8007014454418,7.873185787050164,2.9929432914345355,0.7503338340801466,1010.7295201032708,1.5837930260351054,287.0,32.60666687011719,2.4800000305175782,217247.0,14389.326094261369,2.185845520331952,-1.052646281893999
-53.7377961392,-24.7328079757,124787,21.9535045681154,76.628044450895,2.028797916915894,1.8457726238448728,1.05323957600756,18.887789239606807,0.0861261955436299,9.074778551654765,2.566239395376455,1.8782781444816767,528.0718689572866,3.877565732387277,489.6666666666667,29.72222188313802,2.3555555725097657,102929.0,14036.490133975847,2.561488444966696,13.7312906450411
-65.4164568556,-24.8072161217,124828,27.536090479504672,78.88531210378244,0.7230308876569242,2.034178483270213,1.421752237585946,45.4904590972937,0.02518822021023,11.29992617902844,2.8580933332204883,3.373861089442598,1253.0795004445065,2.5482766413285605,407.3333333333333,28.700000000000003,2.188888905843099,466723.0,10789.845747906144,1.4238222222223271,-61.34051785222505
-53.4533745764,-24.9564036499,124895,21.98168728240156,82.25051270071219,7.9634391662418205,1.86555631898938,1.6202717036269858,25.58740150142596,0.69467069503097,8.510292714614149,2.999246909032854,2.176792434219369,709.3672418521785,4.185755684776824,586.3333333333334,28.633333333333333,2.311111094156901,282276.0,14412.19421417336,3.7959604416939774,20.01682823785734
-50.1527381498,-25.0930083239,124959,18.72263578044645,76.70760321048586,9.624342208100996,2.798556745164893,1.0176513539730427,26.4897384625798,0.09410989115467,6.910131409757312,2.911486359502666,2.399054220717326,875.7113035128729,5.533572449168106,386.5,26.71666641235352,1.7916666793823242,283002.0,13735.784429085308,2.4551587301587574,19.73607322862506
31.1311161712,-25.1488219548,124991,10.1857918472774,70.45924988209552,0.5621328628107621,2.28609792913267,2.727848968799848,58.0324349688177,0.01377402399109,5.6225800243107305,1.1598801750457222,2.775144872637803,683.8638218362631,5.852525787161537,482.25,29.83333358764649,1.7333333206176758,29019.0,25912.687618456872,0.7610750750751549,31.087667232363746
152.85040929,-25.2893961573,125045,17.04333689213916,70.68385535239327,0.4999175976925537,2.116885529199504,1.637856311570688,19.22624059886067,43.53475758671496,7.786292109404531,2.837065399915172,0.6704792072395943,7.786793804074472,2.478882654185304,474.0,30.36666717529297,4.166666717529297,42348.0,46083.078634173966,0.8649305555555884,8.152407877909784
-51.4738935492,-25.3842510833,125109,18.05227368968096,80.75957609659736,1.978983076529705,1.8658534157051805,1.4420635613011514,58.90063318873082,0.4264960010326999,7.609331031538613,2.451637987521067,3.812289446393814,1043.4621174563545,4.490906431028185,356.5,25.6,2.133333282470703,117692.0,17773.74186010944,3.507509786208967,23.96664522636865
28.2390909452,-25.3820816824,125110,10.90114567433754,80.20822698947796,0.3445938376990209,1.9285088188271595,1.197504907520016,42.37553425021864,0.01749246136019,6.554157739079844,1.6919974957575423,0.530547160358525,1098.976133841527,1.2405442136783331,426.3333333333333,30.4,2.1444444274902343,79025.0,28384.60707371085,1.1059323671497054,0.7561424113441717
-57.5468298789,-25.3175860044,125113,21.87958544057031,78.46397288585545,6.082939726792644,3.280680547861759,1.4414071924765317,36.611918493190885,14.48040416363522,6.443809222906964,1.7211609424500376,0.932141431823742,77.91934875274583,2.8872472885098195,362.157894736842,33.23333338687294,2.682456086811265,1744491.0,12033.510457204984,2.74825487788263,41.0326020021318
28.764498229,-25.4031542637,125126,8.39479158813572,71.58678692470019,0.4570255420889554,3.3978034880840298,1.6514446623318912,54.171595543678784,0.01287509035441,4.683728947698406,1.3903617263265775,1.0445828061034166,1375.9941553238957,2.175155765350369,427.6666666666667,28.199998982747395,2.1444444274902343,96404.0,22608.0002282063,0.1548976982098224,2.7707335698935367
31.1711721969,-25.4123821665,125164,12.05874783095325,74.34981627611552,0.4696029064795861,2.419847144512897,1.9341798817511204,62.82722592812645,0.1111932765478099,5.805978367621752,1.1598801750457222,5.102732177066318,682.9711380671278,6.864441797228152,491.0,29.81666717529297,1.7,63441.0,27740.446666981912,0.9528271604938324,-25.587359863215056
-54.6598073681,-25.5137088454,125210,20.42848814019965,75.46537325759812,1.821277479077105,2.5415296669359955,1.6853754800416236,44.90859076119613,12.27155543897325,7.493870868327254,2.409221734027566,2.457541694333189,194.6056062268503,3.648318481802341,442.2,31.59333374023437,2.333333282470704,360965.0,15718.002892247176,2.6476511718969924,22.35462802527149
-49.1820928474,-25.5372877839,125213,21.40252422753985,76.81151733765532,6.773496666521845,2.2475220766141155,1.1960194953159502,50.59395846978008,1.55406254565963,7.991621300158428,1.969541481577156,1.599950294740223,888.5260746975162,3.250934146156757,452.0,25.8,1.816666641235352,188501.0,14168.022668314758,1.0760169915042184,10.410449074462576
-54.5564838351,-25.5172872992,125217,21.96308527790319,74.54436967721023,8.815244406290974,2.7380613216684617,1.9080462377635816,35.209853970804524,10.53404720297471,9.248296103465051,2.762350180473389,2.2073264766201497,201.75495809001123,3.4879602026410925,445.3333333333333,31.53333231608073,2.333333282470704,192606.0,15410.189594301322,2.1790909090909736,15.739164027944838
28.0733484986,-25.5027441148,125229,12.4795931075638,78.92021919569811,5.109870075320605,3.8411578603571854,1.7039413816450824,37.21155709468301,0.13030242585245,6.1882092355352505,1.843267233683117,0.908568567847726,1181.964593975768,1.9544460444492608,416.6666666666666,29.84722239176432,2.1555555597941085,510083.0,30422.05153475024,1.098811159490424,17.343374475462724
-49.272593334,-25.459610049,125231,23.138692578196828,82.89478160478586,5.171049606632928,3.073001534254269,1.474115739691188,60.46712203182071,3.4536861978641897,9.011747483318771,3.612533523819241,2.964318428189969,921.806442869246,4.252182865397177,453.96,25.72533331298829,1.7360000000000002,2253398.0,26150.236607558927,4.145334112236075,-7.42677436993722
31.8394377727,-25.6749737142,125307,11.55436028546149,78.12568238466262,0.4761712124106675,2.2967786773428926,1.6741812402136098,59.42449738285978,0.5216910644327,5.336478446514889,1.1598801750457222,0.6986670196876794,229.06761857643912,1.6291661160687312,494.3333333333333,30.76666666666667,1.577777760823568,50913.0,16075.008308290617,1.02846808510634,-1.519269261409903
27.2300716013,-25.6643522405,125308,13.997862748847028,74.57872133994228,0.3485946491166909,2.266386828612488,2.1227482676884053,32.714434520370425,0.70178369012163,6.827944282935905,2.261470469434037,2.097718138188692,1217.5455306824335,3.137213288078573,386.0,30.433333333333334,2.022222239176432,132487.0,15552.197891113845,1.448717759764179,-27.37438883597042
28.2714870221,-25.7462804294,125389,17.667611892852538,74.05735687751057,9.003658317290629,4.625910175572143,1.1511142029112649,32.44567373419662,0.15458667376043,6.867975381988036,3.112761354910528,1.9933202682280813,1373.0841028549985,3.455985472147364,418.2142857142858,28.211904471261164,2.0547618974958146,1156750.0,19090.00563993947,2.2090351966873527,-18.74313509755757
25.6216154499,-25.850353138,125406,8.01096497608697,73.53367533969761,1.2587887359979022,1.9478707672251456,1.1526624436861417,39.15169482312929,0.76266580192025,5.871306671070077,1.82103396284702,0.4529039474109043,1270.0542978844137,1.258620799312305,292.6666666666667,30.844443766276044,2.766666666666667,114015.0,10688.170161820814,0.541590413943311,2.022455819490233
29.228933557,-25.8859757247,125416,16.71683516717572,73.21484156409842,0.3693174173071194,2.205000383051109,1.030044986649339,32.60230523168425,1.19056458914996,6.410362512327262,2.176676785811435,1.3203958907498627,1554.381454552898,2.861431732445531,391.5,26.6,2.15,206315.0,12051.62665341832,0.8237424242423685,25.636736571497067
32.5419132515,-25.8613299273,125434,15.58958626504799,81.24241337132692,3.894945089365204,3.7887144590651887,1.1247957677305775,42.36032332840388,24.30097102331721,6.408816815242204,1.911659578707771,0.414232415838657,17.155472661208975,1.675120605013814,522.0869565217391,31.249275406547213,3.246376820439877,2574146.0,3534.3503561958023,1.5013107240033037,18.69731938110797
28.1451803321,-25.9054236673,125446,16.64852966528605,74.35194748482884,9.22407749957054,3.219063433717775,2.5640710827665485,28.67439129524767,0.09259551731927,5.7770011599622375,2.38298405817728,1.366131440296941,1492.4762405192878,3.206248601315988,385.2857142857143,27.395237513950896,2.080952388218471,438492.0,14723.84781706394,1.1959633078837513,-4.016190764771181
32.4111273809,-25.9744341598,125448,12.03122603341833,71.37702236384926,0.8960127505714929,2.075877431180409,2.780715518447065,54.797132848320985,6.09062555379851,6.070811338163768,2.263867405108856,0.607858271548903,13.906655804539437,1.5628306911919052,474.0,31.525000762939456,3.0,62108.0,1919.733754105752,-0.0758333333333212,5.676621556172094
-58.2007547125,-26.1852835623,125524,19.37597848175511,80.67454903729667,0.7908820237661749,1.6597140262090828,1.52144806368657,39.41534597447209,7.96896503710326,8.30798742886236,1.7534136590389664,0.5524969137541378,57.175844024183874,1.2871410656978004,301.5,33.36666717529297,2.8000000000000003,183104.0,6870.277328731211,1.894927234927195,2.8203699920043306
28.3753612842,-26.2500394569,125567,18.97036657564928,68.52827119989242,9.59198761136282,2.839202512847608,3.027738617173298,20.308335190484968,0.29128859665783,6.967354388883501,2.584800185213552,0.8752346441039149,1618.3607555960546,2.022098573421512,321.25,26.608333587646484,2.108333320617676,92001.0,11970.436821338895,0.9528998778998812,8.13053331291303
-48.8363335214,-26.3034544544,125639,23.502736756901648,77.772771394526,5.757325643532384,2.5131826174439467,1.7570762756645055,58.08520360307208,1.9572967215655697,11.915600152486892,3.7986992470041856,3.2285372455880426,29.840098703832503,5.021902633236216,524.3333333333334,28.33333333333333,2.45,433770.0,17315.555718468313,2.5900337381916074,-13.1378044697346
28.3885928797,-26.3430957068,125654,17.86172335880853,75.83214946579915,13.670971831949643,2.431377066525374,2.07910530039632,20.515946914872472,1.85641474267258,5.602629191672822,1.6487073550078823,0.771619465744063,1613.8468093234053,1.386752080942278,305.0,26.79166641235352,2.1,104322.0,68017.37027664346,1.6487133123690685,10.58559883801854
28.0684160624,-26.169417604,125676,19.14518936709672,75.88608336096621,9.895559755703914,7.5788890201519665,1.0057614120677392,29.54881240112409,0.47621758053666,6.458055892820574,2.8346634427449486,1.308452329522293,1556.558357865901,3.491800938882322,342.4868421052632,26.82280703092876,2.074122818394711,6452552.0,17693.800595020355,1.7454062885815915,41.0326020021318
27.8524450472,-26.52725034,125769,13.68791837791344,72.14689518649516,11.770249357588357,2.686331047444167,2.1350857782048847,29.206554343208367,0.03045167381207,5.99813955703733,2.538571373668668,0.7772367839590996,1535.7450965394253,1.378663284366537,281.2,28.11333312988281,2.1866666564941406,172183.0,54957.1998861676,1.150540187781587,-0.9026958693664257
27.8381490011,-26.6987144875,125822,14.109742760094852,75.73238818606139,0.2333843142055325,2.313277610597769,1.0592373882047892,23.0869935756164,4.374706385506269,8.005508833018368,2.89695249446334,0.7258357051480095,1461.9547118784456,1.6449163253944894,267.25,28.69166641235352,2.225,320717.0,10114.935669141329,1.1427906976745703,16.220817281853897
153.10133742,-26.7246273668,125844,21.004102389827,72.26027382870865,0.6328450587998838,3.222827468881853,2.076965093468525,27.68951183903223,34.39746657311409,14.641383319761529,8.038511495264993,1.4651551860792922,16.127885477689883,3.913020823733162,618.3333333333334,29.677777099609376,4.266666717529297,121778.0,56594.53463679813,1.964793049749972,5.401217708186319
27.8514098458,-26.8328914212,125875,11.84700575968379,72.51045265217455,0.3718959140624854,2.461017652115725,1.7402434915301894,21.51783779455446,0.85353165060593,10.157164504407811,3.381100731142205,0.6544269502215015,1470.55624300418,1.6817240236417736,258.6666666666667,28.511111450195315,2.2666666666666666,77415.0,12924.770419169414,0.7364486326681003,10.507854078517084
-65.2237243218,-26.8243832759,125877,18.30163203591935,79.03886633250863,0.8403114017460274,2.4898123142960413,1.341618780981639,38.86879584116774,0.0351916216976,10.30604419817626,2.7945003780984274,0.9985611178816272,473.10317074533657,1.955532814697003,406.9,31.950000305175788,2.4033333282470704,867566.0,9392.309685948969,3.454641118926361,-24.00128339242065
-49.0955306635,-26.8939048152,125907,20.73992442611225,67.61125542194922,5.116247094601085,2.525601992119288,1.5804209428555367,61.57528495681079,1.88197375803048,20.839391075605143,7.996415434622051,5.727429449774872,74.48455087626053,8.54829474560861,444.6666666666667,28.56666666666667,1.9222222391764323,134435.0,18651.97452300368,1.6338649654440438,-34.00669799652589
-48.6873575618,-26.8953932519,125909,27.887802214723127,75.75447783888337,2.1301456752169656,1.8665203122330083,1.1628789332193183,44.82846030267203,14.71339241646039,14.192152253312258,3.3697713482032063,2.7764291069126585,28.047256762491266,2.298113841008454,480.0,28.46666666666667,2.822222188313802,248938.0,17373.7472342511,3.0110711331680022,-22.18170554248109
-52.6167040843,-27.0942458106,126015,13.50873807012278,83.63985224128001,1.6997640353675258,1.6586158389446537,1.517689261013477,50.83877811693335,0.22641166629975,10.283224896067177,2.1705399021993457,3.42452306260125,663.0370070513048,5.845960908648655,323.0,27.83333435058594,2.366666717529297,123392.0,20998.42287182313,2.88785247432304,12.022093626086871
152.950368543,-27.0856174545,126018,18.90693716141208,67.40646223109718,4.135321297127507,2.451464591691688,1.855099034093673,53.166801943515566,0.16276364032843,22.850185381641253,9.129459199385709,1.599059638225807,20.209733505272524,2.838355242773201,667.0,30.3,3.75,43216.0,43725.75377175121,1.7716577540106258,-4.100452536027024
153.021385478,-27.2466638515,126103,21.97459911571576,76.06795169711211,9.61988415352466,3.224436456948397,1.4330099130580825,27.9212281488939,31.858718716670708,22.850185381641253,7.146429474563052,1.2086979390100303,13.923232650892167,3.0735553045331008,653.1666666666666,30.06666666666667,4.055555572509766,184346.0,44466.0588892626,2.128479532163851,4.039941084361654
-55.9238816889,-27.3948609132,126158,23.77186787247419,78.62660772697217,1.3288694474445626,1.7806204788992988,1.4848732818027106,33.9984764554295,47.25224940416686,6.150961595380156,1.7392142902156775,0.7391112144753602,99.12854953808866,2.871390736948137,322.3333333333333,32.57777709960938,2.5666666158040363,277906.0,10192.000107950167,3.76851851851842,17.365457805102352
-58.9856273435,-27.4616051778,126196,18.998591558289448,81.77860653148711,0.5692783423773822,2.552418547795928,1.991583685730658,47.77609230226505,1.37998052332087,14.578800117705104,1.7213944291820336,0.9267492124402656,49.64800337151442,1.616120022650522,274.5,32.30833435058594,2.8000000000000003,380144.0,11707.564483458902,3.495124200505643,1.2723451529311165
-58.8077372774,-27.4866353036,126199,19.23956704883313,84.61054571601034,0.6532522696973956,1.706194662795968,1.0156015924598818,26.003390514326192,33.960190168923546,12.00506954370206,1.6244669147278337,0.4056143492048356,52.022928492703606,1.665214076753799,279.0,32.300000000000004,2.7888888549804687,377653.0,14970.98039205303,3.340175438596596,8.95860643545825
153.235182612,-27.5243803054,126215,21.15408258728655,72.71173513513993,9.02850115844286,2.359098544600217,1.016488497830406,31.8672079165904,23.250122642039912,21.73258640990021,7.1475776089378975,1.1976690375021777,16.845440517169518,3.3360383163653955,677.5,29.46666641235352,4.316666717529297,91116.0,34480.05587383116,1.519351932577706,5.582342207938634
151.940918825,-27.5680127621,126235,10.44346100669466,79.68151933671702,0.4728817203361298,1.6354303816447295,1.3978214508365812,79.56980435757586,0.04214196285238,9.60818493844843,1.7047591810534268,4.397852518888276,574.7335388503816,3.387054652009669,370.0,30.00833282470704,2.8083333587646484,91420.0,35662.26874863268,1.242334943639264,41.0326020021318
152.774451916,-27.615805619,126277,20.27311669723267,68.6813209822775,9.059441317464657,2.8560903116361533,1.160725245272094,73.7314113961071,1.29240819352186,18.637529621424555,7.147692604317816,2.0308953710740374,41.81784138589621,4.0931469063018255,645.3333333333334,31.56666768391927,3.4444444783528643,65757.0,57385.50898003253,0.7166837472079806,-3.1916078867590514
-48.6410978761,-27.6002324331,126285,23.44685359948085,78.36281307126335,1.1750943466470212,3.074494321912645,2.0559440420720363,24.038988707286048,40.523420838182886,22.36588194747628,9.232169512192876,1.9924498696752,22.57040349107327,4.268282964840379,480.83333333333337,27.26666717529297,3.45,484191.0,28235.450101303,1.5907327427095197,-7.144055114665983
153.044670597,-27.5213622717,126309,23.33350234008026,76.61284899603046,10.029452711133372,5.976403558895012,1.2532270520105109,65.0767376856836,9.26998361420918,17.881426748858672,7.81291511312726,2.495771007071312,52.9296637034556,4.1877692355834215,748.8888888888891,30.385925903320302,3.695555569118924,1380632.0,45546.97737195724,2.244981231620613,-20.35293893776354
30.1071565226,-27.7726147623,126339,8.73553910487899,71.83398289265558,0.1857328432826346,2.7189265974712686,2.066206850859545,19.97495849967255,0.35987243110431,12.928730737656393,4.454036976955473,0.6595438896581843,1199.0983464753058,1.3838620372684902,364.0,28.73333333333333,2.2888889058430992,130246.0,21349.896334628327,0.6422962962963084,12.797925765568152
-50.321725773,-27.8115417579,126354,13.14321563294916,78.64507682138041,0.4867698121912081,2.038402589345601,1.4101951508622066,56.99578386303609,0.06683315188172,13.772293983424152,3.604706163794214,3.4492471612742497,939.6127044154048,5.126642451095215,304.0,25.53333282470703,2.4,134557.0,20952.66408287937,3.171809523809486,-21.100246162241547
-64.2698288,-27.8063822035,126358,16.06781278299078,82.97989829150139,0.6785998675935007,1.631417588091252,1.572547136940424,45.7659481549394,1.75342422738745,6.238054464561544,2.182111102702898,0.5270895119649798,190.63256992142544,1.3523672640396458,221.8,34.90000061035156,3.059999938964844,253026.0,11090.100416557989,0.7948952991452529,-2.8855282161777325
26.7390827956,-27.9775439481,126412,10.33341871793874,73.8978869621244,0.347810916693936,1.7311551007008703,1.4230913240658976,23.23734347870521,12.04491184215828,8.066307300674225,3.652404409917245,0.5918879527243825,1353.2330405657672,1.815027851653697,255.0,29.4,2.433333282470703,79662.0,4261.781602269588,1.0457284871077943,6.7985889166996
153.3886509,-27.9950766232,126476,19.750694751999102,71.56893098634711,1.1316327683212797,3.9239871603828016,3.3349617711359865,32.73581163751604,33.85067494383825,14.13218636899875,7.502883667490384,1.874086441000964,23.406021821715765,4.012762792382771,867.2727272727274,29.575757668235088,4.218181790438565,360252.0,49434.3170752695,2.228310569105645,-9.034620339728953
-52.4080591814,-28.2587530502,126521,16.37361090482948,77.40770486317885,10.515916602552505,2.0479934286720063,1.3452430121536203,44.10561904856812,0.5672448446266201,8.752123331275904,3.642516832434687,2.5439203571381888,641.0983306171103,5.363842438023509,266.0,27.25,2.4,158797.0,19531.95391600597,2.4785017596783483,15.65753627920617
-65.7822098635,-28.4654837649,126613,17.962601013082,85.23794127069392,0.8748135330337118,1.835895244777732,1.5758385027033404,65.93280195778209,0.2218067911638299,7.78156693573468,1.9017561308225897,2.4346954858888807,566.8661910758159,2.0685482230275336,240.3333333333333,33.12222188313802,3.2444444783528645,146335.0,31423.961758977683,0.3820584795320769,-24.98209455744052
28.818874276,-28.54927146,126653,8.13145982764992,64.66709218005762,0.1290596837783783,2.8938076301067674,1.3874173941121837,27.10799116248538,0.0013161509058369,5.16830481037979,2.336308189921916,4.901066853185214,1766.8601424967262,6.115113634440508,316.0,25.316666793823245,2.375,117292.0,14393.653983221357,0.2075799086757079,-42.800983195380695
-49.3872889461,-28.6854528101,126700,18.60866235530861,75.11226785166633,0.38887871126079,2.582469216852524,1.7189120622382923,54.37225767617219,0.0680355015726699,10.795135814758316,2.9928664808345067,2.68594852758225,70.05756568839432,4.358025744294958,341.25,28.758333587646487,2.9833333587646487,155507.0,17265.742526059923,2.3995912614516897,-17.010446657800728
24.7455476581,-28.7347280456,126738,14.96862770731337,77.32622371978428,0.5928682679053519,1.646712324988198,1.5132443900904828,62.91931702918584,0.86217911969238,8.818450528104917,2.5349548809866245,0.5348111594738496,1195.528325115365,1.5782197000182174,234.25,32.233333587646484,2.625,203989.0,23573.417615655748,-0.0812091503267424,13.904906131681855
-51.1876892303,-29.1653777507,126865,21.97197691092811,78.9524195180125,2.231212751103623,2.01810631952414,1.2086615029491274,69.11171257028278,1.21630247977288,10.901915459295529,4.64708688360817,5.061779708527304,734.8716949321766,7.982487457381283,308.0,25.17500038146973,2.1750000381469725,393814.0,20638.97988898313,3.156042638241331,23.71809450009448
26.2266670004,-29.1409074662,126869,13.877548842999122,81.63179027778435,0.5160050701400565,2.6721992202789715,1.4536791062052106,28.51058604069864,0.27771025306317,5.442274455270697,2.014574858287522,0.8535922760835291,1399.0973664196326,2.157067598940942,290.0,29.03888854980469,2.666666641235352,444200.0,16396.802269248088,1.2055841082558914,8.905582154589183
26.7085466974,-29.2375083848,126889,10.25877010070247,69.1004337908182,0.5026803280392326,2.4954764637707263,1.7341023069422632,45.39776339939183,0.06688321362967,5.026317925999816,1.3224900387424707,1.610949718191676,1435.209554893304,2.2026708655317853,291.5,29.25,2.683333282470703,44906.0,48341.21206520286,0.2624872175491646,-6.22616451606541
27.5134242171,-29.3318830072,126912,8.8375737293252,77.52777500738928,0.4050766629540132,2.744234723702844,1.1578279026371512,33.97872340238218,1.13492589700669,5.384685505438308,1.2825065649987633,3.1044162586000525,1576.070044608842,4.802174189642755,310.6,28.11999938964844,2.5066666564941404,269062.0,3928.718652206555,0.3646886446886697,-13.498190416329862
-66.8547317351,-29.4190005715,126944,18.15783329111926,75.85749766374735,0.9470738103496044,1.8527057035739336,1.139197130688215,40.72665433440695,0.0,8.384547701832123,2.1210785175597664,1.285375210284573,524.1949936681115,1.7506836780712558,144.0,33.98333435058594,3.133333435058594,176699.0,11032.900440862712,0.2973359666446526,-13.9039614558136
30.4012956998,-29.5770307296,126998,20.05357335103431,69.48584154206695,0.6721769687027477,2.1784974874770007,1.4424554030932877,66.40632496485131,0.57773491478314,9.353042502644383,2.883128717670829,3.4212571938042453,731.4462951028347,5.666298084981699,334.0,27.8,2.166666717529297,235199.0,5292.263751121391,2.6892773109244104,-41.763528414437246
30.3359857508,-29.664191591,127039,16.789090927858418,65.82873460379648,0.2571169264173736,2.1033572538975136,1.2044274444212324,53.53438182381275,0.0,7.036869386086861,1.526402458574004,4.051961355672983,794.8571407211933,7.446214870255233,342.0,27.36666717529297,2.2666667175292967,65869.0,28558.63328728232,1.617684981685045,-37.530877511384574
-53.8249036792,-29.69556929,127054,19.06289678768284,77.01739337914591,0.7276451779538007,1.6324295103396935,1.6117543493758697,50.82374170973984,1.93957565971353,9.927391130842736,3.3049110957370886,2.8252522048272444,116.4786805394503,3.732521585424661,169.0,30.700000000000003,2.416666641235352,140501.0,24194.320339357004,2.6524830917874738,-13.406622606741294
30.978037404,-29.7206151076,127068,17.49699447905586,69.98143636470411,2.3292984716179297,2.4496676606364294,1.1349571305434332,65.354687684321,0.44511540547015,8.854136272572957,1.8445686128369008,5.3559491244691095,152.76235830829634,7.582221595403491,473.4,27.993333129882814,3.133333374023438,219049.0,50843.25879597719,2.568614457831245,-10.571660182340338
-51.1241857114,-29.7088293538,127077,20.143760547898378,77.9781226565901,5.1949282143471,2.98075120740479,1.1519964832552974,68.09576064879141,1.07061801703654,7.838275240495647,2.5684488305346784,2.825944886332429,51.05916232379185,4.965367158868013,261.7142857142857,29.219047328404017,2.3523809814453127,522543.0,20641.304518479803,3.0708288610615,-12.74151390719161
-50.0434334016,-29.7964763205,127098,17.81274132589362,76.4892307948327,0.5917397310383476,2.480343800572874,4.782303653763685,13.1327844869312,43.963000614983,6.921367877997415,3.1307873071292325,0.3085343343300658,2.7747651482309657,1.46765630136331,311.0,26.816665649414062,3.766666717529297,64052.0,12627.614922250672,1.828456510809474,4.092768924803682
30.9003182443,-29.9020365927,127117,16.89474593389905,64.336578776409,1.9677286254487745,2.372655778787321,1.366434529202322,68.60457580755278,0.62520470657724,10.166515215317508,2.414967838926555,5.344347476258152,163.05475864272583,8.315232069532565,465.0,27.700000000000003,3.25,263078.0,9378.232946122442,1.660866873064947,17.717001547766785
-51.132084062,-29.9092321037,127134,21.5383978586392,80.22484545706654,5.396660926788889,3.465323792270131,1.0925045602381314,51.15069515237571,4.46795038879105,8.07157163622448,2.222944588911881,1.6612270481021096,26.23776524646896,2.9634900114716105,238.0,29.46000030517578,2.71,820768.0,20726.286147851763,3.3791905149050763,-3.0704688984629875
30.9536273806,-29.912325479,127136,20.72160842193505,75.00407066165789,3.778955479663151,3.4324425015674143,2.1463375423705187,42.56429111710152,25.966598007875056,10.942345485889923,3.0872209676040288,2.9440621748107474,51.98098158110171,6.9000266856683865,470.0,27.83666625976564,3.5533333740234365,1193625.0,9171.700910252384,1.8665849673201933,8.955944163713696
-50.1304844303,-29.9801497134,127147,17.78767440325008,79.59103221612568,2.4636515043773466,2.9235185592275985,5.034964796021672,7.55162631238971,44.00904095382207,6.163837914222694,1.5074473194510964,0.3085343343300658,1.6228624234096891,1.2405442136783331,238.0,27.18333282470704,3.716666564941406,52506.0,14758.884851255094,1.3608359133126555,4.141542970607259
-51.2004777465,-30.0748970227,127177,21.64156809129817,78.6549655307929,8.469202104187694,2.193090339635735,1.6829811631711251,33.94708267746154,33.37244671292901,9.160918488383524,3.561226690323948,2.705262255598159,67.00521392075012,6.158316736477105,231.8,29.393333129882816,3.0133333129882813,608026.0,21151.59965198856,3.1340020020019743,-18.950175106040867
-64.202875006,-31.4016780617,127471,20.27209523224812,84.21785694516193,16.12279492324865,2.437779488752895,1.5512039059955829,18.12773736703804,0.42721727528022,9.552949400338322,2.983082437675181,1.0790829693840795,457.9677971125764,2.0606315177789423,298.07142857142856,29.723809596470428,3.835714329310826,1394031.0,11681.183785009083,1.153058097756002,-18.8785133145218
-68.5385108823,-31.5388924042,127518,19.93689889187226,80.55586146953671,0.8459335347231798,1.8297054241105275,1.037036471342258,17.931080886323038,0.04211606325322,7.452734570801258,2.1732458296894714,0.50469837135734,628.3859374839343,1.361828362823871,92.42857142857142,33.900000000000006,3.0857142421177457,476537.0,12774.023830258717,-2.265823337913561,14.41576627250413
-60.7103591698,-31.6091003485,127545,25.45674249947028,83.77850129575226,0.759085812762265,1.8123129154290425,1.5533144061608974,5.58157013054276,16.03049742964974,10.68078587381256,1.545773430063238,0.5531559241471182,14.257687439869809,1.7320926062309994,271.0,30.61333312988281,3.113333374023438,397872.0,19419.49256042144,1.9252078891258328,4.455633246705151
-60.511182957,-31.7486247517,127581,21.74719549034042,81.22809348444278,0.9819939006004212,1.5384016930866768,1.1076158176790072,16.42912032367373,21.49283848689793,10.046048561364383,1.8959608210634409,1.0122579227411903,46.1462897008853,2.714651644842448,276.3333333333333,30.177777099609376,3.1111111450195312,194590.0,17104.467100056536,2.4216225749559044,23.65975254431917
-52.3454970244,-31.7479593329,127583,20.87638827473536,80.11535618817102,0.3410930512207665,2.1645673165780868,1.0627099592140208,30.07442017575648,9.64094028962084,8.629204489283692,1.8217329594969505,0.5790858392173628,6.8976305156946,1.796277979668103,141.66666666666666,30.311111450195312,3.1,231525.0,19908.98342727568,2.422955974842808,4.769400793319702
115.864732188,-31.9484936061,127694,24.11352543936768,81.08917959688603,8.52226335561084,5.710019172542486,1.7695330176048307,33.32838500204869,31.52569681196384,9.843380108802526,2.768027824066068,1.210321212912702,49.96888391555954,2.6806300027545458,50.95833333333334,30.67291673024496,5.440972213745119,1362958.0,81698.54501606064,-0.2853549409788343,-21.357860373602872
115.746916046,-32.3102924788,127740,21.3396358308512,81.59532016123715,11.073306018696933,1.890009243179581,1.6824337056592842,24.29363785121367,38.25271488499865,8.215997436158167,1.7714912797199631,0.4898111295279559,3.866657247970701,1.4051517072797193,39.5,29.90833282470703,5.464682719538764,65526.0,86395.19302261698,0.1236111111111242,2.826859573538812
115.732085642,-32.5258688491,127793,22.41925915610911,76.44395417195973,0.5525567079827021,2.3244694124923533,1.9916369857753728,13.61552110329986,58.63176805399444,8.854490079920526,3.2100768906799217,0.4371436855760883,2.7132042504901133,2.201946929265137,42.5,29.90833282470703,5.464682719538764,61472.0,74952.29117321708,-0.3212581699347652,5.352229117532286
-68.8256232465,-32.9238364258,128016,14.194576313491,77.88362173302457,0.9443572691038687,3.07131971611313,1.0636181536875982,52.62426845620725,0.0057979555437973,8.502222382221271,2.0111621828640054,1.8769424415729128,848.0389577705257,2.099702403565417,78.38461538461539,32.47692284217248,2.792307692307692,923946.0,17391.21190848815,-1.5159361476913773,-51.25677437470449
-60.6959968761,-32.9462512063,128019,24.86790697572844,83.55704915795,15.53882546479096,3.1856490141033054,1.324991506320539,6.17309823058557,21.24422547414407,8.137165664742861,2.659764306880409,0.5479364113948635,19.92073266497196,2.2374913401589187,292.53846153846155,30.66410287710337,3.0,1067686.0,20577.720635093086,1.2845371635700076,7.40084678778652
151.699449232,-32.9387465184,128026,20.03378244074037,76.43065318316067,0.8975941586362398,3.3279907217550115,1.6100337235781463,34.23141530170787,36.92858700041336,8.32109907220063,3.430756325594811,1.8325028377583632,23.898422451777595,4.717607116373106,468.5,27.88888905843099,4.127777811686197,197747.0,52138.73553581089,2.565545973419887,5.252446641750581
-71.4065828706,-33.0497179924,128041,25.688611158647166,79.1001295209294,0.6432540564146513,1.817005910311799,2.6962977382540694,48.81777314134623,0.01017655931327,7.792794453047868,2.363375610236683,4.632872241518725,170.04241455618703,4.686354106534927,1.0,25.43333282470704,3.0222222900390627,216789.0,21583.905890059,1.2590370370369826,-27.039415748589647
-64.3482240838,-33.1229575608,128079,19.10462897576746,79.08246537156984,1.0547263734465897,1.56704562230049,1.011872080695656,3.50287467539781,0.36877390148006,6.853432565754891,2.171244246887664,0.7737504537285964,442.39024959263065,1.929381745847191,310.0,29.566665649414062,3.7333334350585936,137929.0,8679.82704869897,0.0029218843171783,-0.8747444643812514
-66.3295589537,-33.2948310305,128161,19.67538439520881,79.58338831708022,0.6052411475910728,1.7752142548097456,1.1265692053713692,39.25507640704096,0.05729099458827,6.988028586097646,2.1821017564765666,1.924554805577672,744.9568313489411,1.99358638606644,103.5,33.11666717529297,3.816666564941406,139274.0,18941.089650616774,-1.0363299663299586,-7.81082567625333
-70.6542160944,-33.49110291,128297,26.07459825907792,78.91849041231418,20.041884401404,3.866373191597279,1.1498197476806808,43.64204641522511,0.05964339888211,9.590661124529708,4.441604662051184,3.630523436513958,648.204307050394,2.0417572735930465,1.3333333333333337,31.045555725097657,2.5111110890706376,5431915.0,24484.27668952845,1.2773594332394396,-82.3530953284286
-65.4616531463,-33.6764216091,128340,19.89646523834122,79.74767123122226,0.9622395023364896,1.7365268709331012,1.1636620282688417,8.61402091546884,0.19801425974869,6.312366383110501,1.599240781170287,0.6854575757692812,516.8233945509506,1.732524361718654,133.5,32.4,3.6,84253.0,18514.06933877725,-1.6232380952380936,-1.3248108156758462
150.7036504,-33.7547175633,128382,21.52388111243313,75.64520603322784,9.53414412838392,2.405193154101588,1.1670969663291073,62.21582809213729,2.89172981196946,7.8464831995108835,2.4415494777619817,2.3073317075868083,56.27240484055367,3.106361317561061,432.3333333333333,30.22222188313802,2.822222188313802,102700.0,36892.578860759495,2.3714765157264424,-14.010852036336956
151.262649623,-33.7638579274,128385,24.31620450271828,73.57688474704831,10.40318419126871,2.401554124713788,1.0048655943647682,42.86344893092504,31.76659387177232,7.575146841181635,2.3861572580196704,2.8892170506794104,57.04611709143228,5.934635231225252,571.0,26.933334350585938,3.7888888549804687,137269.0,43772.9295179538,1.4781404045555782,5.057470633363572
25.4189538583,-33.7729117025,128390,14.07508372106429,68.35431727332825,9.884885908426035,2.6986975281521586,2.475384266854421,63.04477526888407,0.2082776215655,6.179869953147735,1.778367719343915,1.928680517771836,80.04229674443326,3.637409498778713,153.0,28.166665649414064,3.4,213437.0,10235.702076022431,1.3293617021277058,-7.40738254290676
150.812653161,-33.769779821,128393,24.37715675682956,78.08330954571159,8.782521936555774,2.2251006969071274,1.4047031700488135,60.59464675878985,0.12422678973222,7.892691628397845,2.745413857559829,1.5551473228861707,42.08170698723799,2.982481980227056,432.8,29.633333740234377,3.2066665649414063,164288.0,41961.64353452472,1.5889962406015457,6.775745827064036
25.5531641146,-33.9094491162,128448,14.952805142847838,75.39356204134074,10.869367705488049,3.296298243492663,1.145141103877786,56.60390017324827,17.88887928684652,6.449202714184689,2.243651576348661,1.4635457762167496,89.68616748606053,3.194314085673656,147.88888888888889,26.10370330810547,4.2555555894639765,684821.0,17605.243562916443,1.34901381105783,-23.047888996494606
150.746483114,-34.0381425449,128487,22.632653569085832,70.93373528225554,8.36229794027284,1.7723318184623866,1.3509513678336078,51.644990148646585,0.94207439586331,8.248503828116295,2.3469431238139777,2.249399370702911,102.58999869978376,3.600489607658181,462.3333333333333,29.133333333333333,3.155555623372396,59043.0,57987.85600325186,0.4201676413254631,-1.8454759977301047
151.104851221,-34.0358949144,128488,25.23919249589352,79.24507556490038,9.98290555213971,1.861962884900148,1.919762360341668,20.36094591972886,55.14454300936904,8.211198106209633,2.7002606612355025,1.851429127816813,17.907877339028794,4.852688505469006,446.6666666666667,27.199998982747395,4.188888854980469,140941.0,42799.92963722408,3.254913733609385,19.9888015469096
18.5861996081,-33.9432314034,128502,23.064131725598187,79.31630999468616,7.4483977717665395,4.959671093118693,1.0172045533460887,25.09034750252933,25.50492246176224,7.367562449513667,2.541169224928389,2.113617512845908,97.9317845264365,2.2676520346524494,52.75675675675675,27.37477491224135,5.0261261481207775,3229605.0,16862.790354548,2.1046815300845765,-51.16775071820982
151.024945536,-33.8666432059,128510,26.01044981432278,81.09088561060824,10.25388561637429,4.629145860736633,1.0957620236290562,50.167649036880526,26.93995184649433,9.264293715122095,4.17944553504056,2.115220217203017,64.6575452039711,3.981088001589716,462.7377049180327,28.293442723008457,4.060655747710682,3258980.0,50785.327589307104,2.78468916462208,-18.38907953556118
18.8532192725,-34.1128319027,128523,21.69244658953705,75.95160327260886,9.750944865370082,1.8174268167682817,1.893880954847835,25.02946548879748,35.100351495544416,6.68007483047268,1.9470569610320976,2.0170278339104977,70.18628530141827,2.223206116304664,57.0,27.516665649414065,5.333333435058594,110324.0,23947.71227475436,0.6072872872871926,-44.62544935419932
150.880340547,-34.4267293362,128677,24.50630450904686,73.26009320539984,0.6124768911400754,2.50768146803194,2.059382014076081,34.49961679081975,45.97492790124006,9.141212187173382,3.3771614439345874,2.6404587168509046,68.38359572217587,4.64755597144889,509.2,26.79333312988281,4.22,132963.0,54666.468280649526,2.587430083144284,-45.37587428188812
-58.9117302171,-34.6137989739,128719,22.15467548040499,67.63248901122971,16.28974943896601,2.177567796015905,2.745133613853926,19.62629254779343,0.12455772237307,7.874469392871749,1.3294207786086956,0.8910416162300676,31.145125660789336,2.138628958124516,231.0,30.76666666666667,2.8111110432942708,101873.0,12391.704288673152,0.0921456344997899,1.5159722462959415
-55.9534318993,-34.8184461723,128815,18.91154869392086,78.32050650578783,0.8604782397763546,2.4175588091464766,2.5887926005801805,15.77417023690367,42.94356908298073,6.249849497661656,1.322194644339961,0.540093510298898,9.087304429200309,2.0141837811767034,184.0,27.775,4.458333358764649,81028.0,14776.388779187444,0.0301333333333104,6.372113909081509
-56.1696237423,-34.8578357131,128844,26.76364589808829,84.00134937228393,0.9419034219633562,2.7967579787052883,1.8900048155507028,14.98603254853136,40.29336367675006,7.892953330609358,3.0268610404211413,0.6034925600719813,15.769018997844016,2.8330304793374426,175.74999999999997,27.958333587646493,4.427777760823567,1283639.0,25157.39700492116,-0.2529785353534102,14.429101903617005
-58.5360457148,-34.6468795614,128851,29.67399074947442,86.67108085580556,13.87156828844842,5.411164630458678,1.8238405617762845,17.56405967828929,22.86829874194746,8.825139802849753,3.018989743926507,0.6493410761395446,14.231944846228483,2.0838498263616545,229.3189655172414,29.79051716245452,3.4002873440446524,13323229.025000058,31964.14859294694,2.4544887057720643,4.690601273488504
-57.9663670068,-34.9139592624,128862,25.792470479570927,80.53291877932284,10.52131915567298,2.772345637853999,1.6954494303852858,15.121708035638582,2.31826947425877,7.578771884472562,2.252061181326701,0.6299099711262435,10.225642951823772,1.825871406709786,303.7,28.28666656494141,3.743333374023437,704651.0,7447.046513806129,1.298445292791314,3.611426614162213
138.611283327,-34.8542633144,128873,24.99044691425807,82.76173667209422,12.299823165195331,3.086748649256576,1.428413434334805,26.50436626630552,25.47040952990429,9.270423758698792,2.692976576937306,2.654474158332185,123.17811841570456,2.3304329356251965,52.48484848484848,28.223232199928976,5.3292929262103454,923105.0,38201.51709827158,1.7642593663644632,-71.96748904978196
138.518719619,-35.1104389952,128918,21.29549415738147,74.64401964348755,11.362998068358602,2.088664013390096,1.6011765443314057,20.41951270391064,36.21620282151198,8.759381854650321,1.7171890661888554,2.05915727577388,86.80013615238849,3.8407839634616447,54.0,26.85,5.464682719538764,108428.0,43523.21884568561,0.0204660529344096,3.1693437030933183
149.075466769,-35.2092860832,128937,21.17664869283709,71.94684737189672,0.5724803889118785,2.7651657244126326,1.3054684972669748,32.10630007493282,0.1256686455286799,6.385691606017502,1.9021671412872647,1.9858917843234685,627.9714127283899,3.5763724608822964,115.6,28.81999938964844,3.673333312988281,135508.0,48313.37087847213,-1.0824517035475196,-17.58445730769199
149.072154799,-35.346868967,128961,20.54707870510392,74.97367728824685,0.7702669007882763,1.968075611212721,1.1538932469083742,44.46615069665409,0.12515897518332,6.587432985179779,2.2207290747471253,2.9914964346175257,642.6734979239263,4.207633395680385,125.0,28.71666717529297,3.7,51409.0,48533.09739539769,0.2627470355731702,-30.74439249292277
-71.6530186599,-35.430929778,128977,24.2154885371956,79.36166373941622,0.7585422166391318,1.606885389590959,1.3461341614872795,20.13578368766055,1.90476206477699,10.967226263300674,1.805359766444411,1.4688174270193055,102.24109573266315,1.8849108667634848,4.0,30.22222188313802,2.488888905843099,202261.0,23404.077414825388,0.9779418150239394,-0.5369606360027177
149.095865816,-35.4216558265,128980,20.48400041740938,74.09223530425938,1.007803805934785,2.106633442372153,1.1905105815497083,50.32775898253759,1.27037069666074,6.04869027546877,1.2717854668690889,3.621088138708707,670.6121108180679,4.051089607468606,127.0,28.23333333333333,3.8,76678.0,49218.21395967552,-0.5211391223155601,-51.89683762183836
146.929629864,-36.0614486884,129071,21.629829566387752,77.83420530742255,1.2613847905714208,1.6354190273533884,1.6470740095161711,34.58513462092363,3.60752431738247,6.829393323714676,1.6738246753668355,2.820141513782286,196.93841403064403,3.4212833229269504,100.33333333333331,31.022222900390627,3.811111043294271,37405.0,34300.94190616228,0.6552631578945807,-15.081346509994546
-64.2870349927,-36.622517503,129171,19.62182638300588,82.07221243405118,0.9245751366739586,1.8714534865998456,1.048831589415652,9.47300606650495,3.82030130368047,7.913198169522502,1.3403286548747677,0.613928766454402,182.33239070776548,1.6694874451287502,165.33333333333334,31.677778116861983,3.266666666666667,92121.0,24325.08373769282,-2.265823337913561,-1.582027702260831
144.2726243,-36.7621209058,129209,17.405203932869203,76.22881939062053,0.955210604339578,1.9068730895018773,1.300529967189002,75.20179861305571,0.33585615882716,9.76664279790548,1.6681726488140092,2.0358462771944805,264.148101925434,3.560923195461875,69.25,28.28333435058594,4.6000000000000005,62502.0,43770.25015199513,1.1542110865470363,-21.120441046697096
174.73035026,-36.7597303844,129210,21.22549848191779,75.89853816798295,7.998264758718176,2.5709456956810386,1.4401560238996798,19.28848948195031,52.1979757013665,9.740479367612448,1.7633686757192495,1.7736143207552555,20.535651530218047,6.205323135118269,115.0,23.700000000000003,5.122222188313803,163922.0,62913.85275313866,3.0683664228492944,21.29851699909481
-60.3116632004,-36.8983002952,129233,18.02529663517791,79.56035673559741,1.2645274043259822,1.7163187246628315,1.3445618278824665,2.0086687030925,0.0067553152409801,8.960980777975102,1.2415470027779236,0.4390004691940208,165.27680900527903,1.4498758614876757,164.0,29.266665649414065,3.6,45814.0,11628.917274195655,-0.410905869324381,-0.6289142778285282
174.798359406,-36.9256640711,129264,21.83896275051046,79.75215979874007,8.350240192374939,4.185885697481038,2.199323371899204,11.47665887051118,25.95072818416168,10.078786146788724,2.564388388298452,1.550412464142399,26.27319900820288,4.02143855825092,134.00000000000006,23.88400006103516,5.264,1114250.0,48232.29989230428,3.0678107040865257,5.388867483174131
-59.1388756533,-37.3119530951,129306,19.95792642970024,80.2097131819354,1.728713447171867,1.4732800569005111,1.577182369273991,15.049115568421358,0.0,8.819213305664437,1.5191048207471949,1.453566270621596,206.20014416629647,2.533308994061899,245.5,27.76666717529297,3.966666564941406,67557.0,13353.700327131162,0.7243650793650431,-11.29517279365146
143.836746101,-37.5600592212,129353,17.571971072676572,75.77420573043209,0.7168842182434788,2.322737070977794,1.1698507911630849,35.7027612889728,0.57455218708789,7.493432054622476,1.458069967044588,1.5804643157486804,449.0044070994854,2.427126276565035,145.83333333333334,24.56111119588216,4.738888804117839,70840.0,34920.069748729526,0.4846262626261932,-7.149990818058654
175.270343381,-37.7717911677,129417,22.37734095084791,75.64694090050222,8.547543173198717,2.221499980842582,1.4142933087304896,5.32042750161576,0.54252490552442,9.252967766201683,2.7310710863923573,1.3238625416512304,38.16412160721184,3.07155013692248,169.0,24.200000000000003,3.733333312988281,157480.0,38962.55036195073,2.067481283422463,-0.4825261001677674
-57.5778663199,-38.0041333736,129473,25.05413319297386,86.03477545881559,0.6125071580643617,1.8394637404875465,1.5704602008314126,8.66844105303077,39.10815410887869,7.316147020542498,2.762177089341193,0.554358645898296,17.401923791641465,2.1732277057228515,325.42857142857144,25.40476183210101,5.464682719538764,460277.0,9886.232607755765,3.1746031933010954e-05,5.740984759868773
145.045116012,-37.8507792011,129498,23.18433895681363,82.02837342058889,10.5798384155055,6.67648900241688,1.5451259399724795,24.047947827634893,19.3906239215554,9.557937706165928,3.3986977386019737,1.4734819742582983,88.28779900233816,2.8439552313596854,179.5128205128205,25.565242213061723,5.407122510600297,3870736.0,46363.84459570474,1.593212272958226,-24.839240739050872
144.346277005,-38.1442878731,129509,19.82589366142299,80.35094168241402,0.9807969545702676,2.3941938939636103,1.567996245858168,8.63292628844987,18.96879484880372,10.924614261474405,2.5987762031636783,1.0784781628922009,30.190439049575257,2.759161304903341,152.12500000000003,24.36666698455811,5.464682719538764,145922.0,41740.76991132247,-0.1762852572197175,-1.4316975828526743
144.836046995,-38.3672703636,129557,16.44268153356638,71.70139982284567,0.7619994313096482,2.833235470917589,3.809942185771258,23.01265286350648,42.159660541421815,7.636202848081584,1.487097039343653,1.2649260608155166,15.51627879441136,3.281814939699751,167.0,22.21666717529297,5.464682719538764,24611.0,33912.4922189265,-0.4795299145298486,-4.558758802845469
-72.6045362084,-38.7408447557,129612,26.288385402387625,75.96319065654643,0.9333665592786632,2.292241538618619,1.0194432443615118,53.37002982671947,1.34194272880404,7.933205194055342,2.293066363341924,2.911028515618295,129.40023045668758,3.1800630377616423,70.33333333333333,24.200000000000003,2.8111111450195314,247076.0,16335.80784050252,1.744043062200948,-20.57760964472554
-62.2633552364,-38.7223014073,129613,20.42802672886028,78.44425618853035,1.006186572867931,2.3070247531032204,1.3353933928009114,16.6275722715108,5.18207957357719,9.187434535213702,2.709619358703088,0.4634852839530047,24.46970853629155,1.786072601568626,150.125,29.195833587646487,5.464682719538764,232575.0,12543.60556379663,-0.5062974254742016,2.4196573802608228
-68.0855611716,-38.9523944404,129635,20.80913997761327,80.66816046113681,0.3845700751971466,1.955435945462563,2.073106871186977,38.51216753112614,5.6180425410340895,6.68209083853247,2.723085417307592,1.0587451660986036,274.1780610396406,2.5332074693751063,111.0,31.433334350585938,3.383333282470703,220831.0,23609.9601369373,0.634166666666772,5.211361429776673
175.613900681,-40.3503013533,129732,17.46986342047446,83.1518920668968,9.077920985032035,1.5135715155461396,1.6448047870455391,4.50283987107753,1.31105575929967,6.965586578974976,1.447515319754196,0.9783398714251732,34.53583929944925,1.9025800139765223,158.0,22.433333333333337,3.966666564941406,66773.0,27520.90848097285,2.5503723404255503,-0.1890170408644351
147.139212975,-41.4419112049,129840,17.080769692072657,73.38163918658583,0.532645925859015,2.581563868287927,1.4402506284354042,47.8351071342996,2.1483139319323,5.593270534025856,1.5631220531769308,2.660272818670409,93.97588300413416,5.445525539776451,123.66666666666669,23.422221883138025,5.3888889567057285,53704.0,44043.2221063608,0.937247360482619,-21.65668797027206
147.289698946,-42.8486765718,129884,21.331053916364908,79.61412936336791,0.5725134088471372,2.411009701243605,2.688554777470027,40.53125312399594,30.752363129381028,7.186172308717941,2.148466431356896,3.5224680730274,94.4128545693279,6.627766273815518,121.0,22.03333282470703,5.464682719538764,76334.0,35871.67350066812,1.766933333333327,-38.64426876807633
172.609998536,-43.5290516836,129925,21.21594644008954,81.86136124493441,9.658709289694738,2.506212796911782,1.6244463966010716,5.55080371172655,3.6962816650346704,7.993177768383878,1.485140451755658,1.6871508244641409,38.60622476677754,2.263781857432059,109.33333333333331,22.00370364718967,5.448148159450954,287310.0,37942.11692596845,2.017282087233696,-22.97443526312042
